+ DEFAULT_IMAGE=openroad/orfs:latest
+ FLOW_DIR=/OpenROAD-flow-scripts/flow
+ USE_USER=false
+ DRY_RUN=false
+ PORTS=()
+ IMAGE=
+ CMD_ARGS=()
+ [[ 8 -gt 0 ]]
+ case "$1" in
+ CMD_ARGS=("$@")
+ break
+ IMAGE=openroad/orfs:latest
+ get_container_engine
++ docker --version
+ local 'DOCKER_VERSION_STRING=Docker version 29.7.1, build e9452d6'
+ [[ Docker version 29.7.1, build e9452d6 == *Docker* ]]
+ container_engine=docker
++ pwd
+ WORKSPACE=/home/mispronounced/Code/JayRaj21/OpenROAD-flow-scripts/flow
+ YOSYS_EXE=/OpenROAD-flow-scripts/tools/install/yosys/bin/yosys
+ OPENROAD_EXE=/OpenROAD-flow-scripts/tools/install/OpenROAD/bin/openroad
+ KLAYOUT_CMD=/usr/bin/klayout
+ XSOCK=/tmp/.X11-unix
+ XAUTH=/tmp/.docker.xauth
+ false
+ xauth nlist :0
+ sed -e 's/^..../ffff/'
+ xauth -f /tmp/.docker.xauth nmerge -
+ test -t 0
+ DOCKER_INTERACTIVE=
+ false
+ [[ docker == podman ]]
++ id -u mispronounced
++ id -g mispronounced
+ user_args='-u 1000:1000'
+ user_env=
+ PORT_ARGS=()
+ CMD_STR=
+ [[ 8 -gt 0 ]]
+ CMD_STR='make grt DESIGN_CONFIG=./designs/nangate45/swerv/config.mk CORE_UTILIZATION=80 RESULTS_DIR=/work/results/nangate45/swerv/pipeline_80 OBJECTS_DIR=/work/objects/nangate45/swerv/pipeline_80 -j16 PLACE_DENSITY_LB_ADDON=0.0'
+ ENV_SH_CMD='if [ -f ../env.sh ]; then . ../env.sh; fi;'
+ DOCKER_CMD=("$container_engine" run --rm -i $DOCKER_INTERACTIVE $user_env $user_args -e LIBGL_ALWAYS_SOFTWARE=1 -e QT_X11_NO_MITSHM=1 -e XDG_RUNTIME_DIR=/tmp/xdg-run -e "DISPLAY=${DISPLAY:-:0}" -e QT_XKB_CONFIG_ROOT=/usr/share/X11/xkb -v "$XSOCK:$XSOCK" -v "$XAUTH:$XAUTH" -e "XAUTHORITY=$XAUTH" -e FLOW_HOME=/OpenROAD-flow-scripts/flow/ -e WORK_HOME=/work -e "YOSYS_EXE=$YOSYS_EXE" -e "OPENROAD_EXE=$OPENROAD_EXE" -e "KLAYOUT_CMD=$KLAYOUT_CMD" -v "$WORKSPACE:/work:Z" --network host "${PORT_ARGS[@]}" "$IMAGE" bash -c "set -ex; mkdir /tmp/xdg-run; cd ${FLOW_DIR}; ${ENV_SH_CMD}$CMD_STR")
+ false
+ exec docker run --rm -i -u 1000:1000 -e LIBGL_ALWAYS_SOFTWARE=1 -e QT_X11_NO_MITSHM=1 -e XDG_RUNTIME_DIR=/tmp/xdg-run -e DISPLAY=:0 -e QT_XKB_CONFIG_ROOT=/usr/share/X11/xkb -v /tmp/.X11-unix:/tmp/.X11-unix -v /tmp/.docker.xauth:/tmp/.docker.xauth -e XAUTHORITY=/tmp/.docker.xauth -e FLOW_HOME=/OpenROAD-flow-scripts/flow/ -e WORK_HOME=/work -e YOSYS_EXE=/OpenROAD-flow-scripts/tools/install/yosys/bin/yosys -e OPENROAD_EXE=/OpenROAD-flow-scripts/tools/install/OpenROAD/bin/openroad -e KLAYOUT_CMD=/usr/bin/klayout -v /home/mispronounced/Code/JayRaj21/OpenROAD-flow-scripts/flow:/work:Z --network host openroad/orfs:latest bash -c 'set -ex; mkdir /tmp/xdg-run; cd /OpenROAD-flow-scripts/flow; if [ -f ../env.sh ]; then . ../env.sh; fi;make grt DESIGN_CONFIG=./designs/nangate45/swerv/config.mk CORE_UTILIZATION=80 RESULTS_DIR=/work/results/nangate45/swerv/pipeline_80 OBJECTS_DIR=/work/objects/nangate45/swerv/pipeline_80 -j16 PLACE_DENSITY_LB_ADDON=0.0'
+ mkdir /tmp/xdg-run
+ cd /OpenROAD-flow-scripts/flow
+ '[' -f ../env.sh ']'
+ . ../env.sh
++ __setpaths
++ [[ linux-gnu == \d\a\r\w\i\n* ]]
++++ readlink -f ../env.sh
+++ dirname /OpenROAD-flow-scripts/env.sh
++ DIR=/OpenROAD-flow-scripts
++ export OPENROAD=/OpenROAD-flow-scripts/tools/OpenROAD
++ OPENROAD=/OpenROAD-flow-scripts/tools/OpenROAD
++ echo 'OPENROAD: /OpenROAD-flow-scripts/tools/OpenROAD'
OPENROAD: /OpenROAD-flow-scripts/tools/OpenROAD
++ export PATH=/OpenROAD-flow-scripts/tools/install/OpenROAD/bin:/usr/local/bin/wrapped-cc:/usr/local/sbin:/usr/local/bin:/usr/sbin:/usr/bin:/sbin:/bin
++ PATH=/OpenROAD-flow-scripts/tools/install/OpenROAD/bin:/usr/local/bin/wrapped-cc:/usr/local/sbin:/usr/local/bin:/usr/sbin:/usr/bin:/sbin:/bin
++ export PATH=/OpenROAD-flow-scripts/tools/install/yosys/bin:/OpenROAD-flow-scripts/tools/install/OpenROAD/bin:/usr/local/bin/wrapped-cc:/usr/local/sbin:/usr/local/bin:/usr/sbin:/usr/bin:/sbin:/bin
++ PATH=/OpenROAD-flow-scripts/tools/install/yosys/bin:/OpenROAD-flow-scripts/tools/install/OpenROAD/bin:/usr/local/bin/wrapped-cc:/usr/local/sbin:/usr/local/bin:/usr/sbin:/usr/bin:/sbin:/bin
++ export PATH=/OpenROAD-flow-scripts/tools/install/kepler-formal/bin:/OpenROAD-flow-scripts/tools/install/yosys/bin:/OpenROAD-flow-scripts/tools/install/OpenROAD/bin:/usr/local/bin/wrapped-cc:/usr/local/sbin:/usr/local/bin:/usr/sbin:/usr/bin:/sbin:/bin
++ PATH=/OpenROAD-flow-scripts/tools/install/kepler-formal/bin:/OpenROAD-flow-scripts/tools/install/yosys/bin:/OpenROAD-flow-scripts/tools/install/OpenROAD/bin:/usr/local/bin/wrapped-cc:/usr/local/sbin:/usr/local/bin:/usr/sbin:/usr/bin:/sbin:/bin
++ [[ linux-gnu == \d\a\r\w\i\n* ]]
++ export FLOW_HOME=/OpenROAD-flow-scripts/flow
++ FLOW_HOME=/OpenROAD-flow-scripts/flow
++ unset -f __setpaths
+ make grt DESIGN_CONFIG=./designs/nangate45/swerv/config.mk CORE_UTILIZATION=80 RESULTS_DIR=/work/results/nangate45/swerv/pipeline_80 OBJECTS_DIR=/work/objects/nangate45/swerv/pipeline_80 -j16 PLACE_DENSITY_LB_ADDON=0.0
/OpenROAD-flow-scripts/flow/scripts/flow.sh 3_1_place_gp_skip_io global_place_skip_io
Running global_place_skip_io.tcl, stage 3_1_place_gp_skip_io
cp /work/results/nangate45/swerv/pipeline_80/2_floorplan.sdc /work/results/nangate45/swerv/pipeline_80/3_place.sdc
read_liberty /OpenROAD-flow-scripts/flow/platforms/nangate45/lib/NangateOpenCellLibrary_typical.lib
read_db -hier /work/results/nangate45/swerv/pipeline_80/2_floorplan.odb
[WARNING ORD-0012] Hierarchical flow (-hier) is currently in development and may cause multiple issues. Do not use in production environments.
read_sdc /work/results/nangate45/swerv/pipeline_80/2_floorplan.sdc
source /OpenROAD-flow-scripts/flow/platforms/nangate45/setRC.tcl
[INFO GPL-0022] Initialize gpl and calculate uniform density.
Placement density is 0.8999999856948853, computed from PLACE_DENSITY_LB_ADDON  0.0 and lower bound 0.8899999856948853
global_placement -skip_io -density 0.8999999856948853 -pad_left 0 -pad_right 0
[INFO GPL-0001] ---- Initialize GPL Main Data Structures
[INFO GPL-0002] DBU: 2000
[INFO GPL-0003] SiteSize: (  0.190  1.400 ) um
[INFO GPL-0004] CoreBBox: (  5.130  5.600 ) ( 430.160 429.800 ) um
[INFO GPL-0036] Movable instances area:     144879.028 um^2
[INFO GPL-0037] Total instances area:       145161.786 um^2
[INFO GPL-0035] Pin density area adjust:     14313.670 um^2
[INFO GPL-0032] ---- Initialize Region: Top-level
[INFO GPL-0006] Number of instances:             76132
[INFO GPL-0007] Movable instances:               75069
[INFO GPL-0008] Fixed instances:                  1063
[INFO GPL-0009] Dummy instances:                     0
[INFO GPL-0010] Number of nets:                  90191
[INFO GPL-0011] Number of pins:                 306290
[INFO GPL-0012] Die BBox:  (  0.000  0.000 ) ( 435.305 435.305 ) um
[INFO GPL-0013] Core BBox: (  5.130  5.600 ) ( 430.160 429.800 ) um
[INFO GPL-0016] Core area:                  180297.726 um^2
[INFO GPL-0014] Region name: top-level.
[INFO GPL-0015] Region area:                180297.726 um^2
[INFO GPL-0017] Fixed instances area:          282.758 um^2
[INFO GPL-0018] Movable instances area:     159192.698 um^2
[INFO GPL-0019] Utilization:                    88.433 %
[INFO GPL-0020] Standard cells area:        159192.698 um^2
[INFO GPL-0021] Large instances area:            0.000 um^2
[INFO GPL-0005] ---- Execute Conjugate Gradient Initial Placement.
[INFO GPL-0051] Source of initial instance position counters:
	Odb location = 0	Core center = 75069	Region center = 0
[INFO GPL-0033] ---- Initialize Nesterov Region: Top-level
[INFO GPL-0023] Placement target density:       0.9000
[INFO GPL-0024] Movable insts average area:      2.121 um^2
[INFO GPL-0025] Ideal bin area:                  2.356 um^2
[INFO GPL-0026] Ideal bin count:                 76519
[INFO GPL-0027] Total bin area:             180297.726 um^2
[INFO GPL-0028] Bin count (X, Y):         256 ,    256
[INFO GPL-0029] Bin size (W * H):       1.660 *  1.657 um
[INFO GPL-0030] Number of bins:                  65536
[INFO GPL-0084] ---- Execute Nesterov Global Placement.
[INFO GPL-0031] HPWL: Half-Perimeter Wirelength
Iteration | Overflow |     HPWL (um) |  HPWL(%) |   Penalty | Group
---------------------------------------------------------------
        0 |   0.9993 |  9.841946e+04 |   +0.00% |  1.12e-16 |      
       10 |   0.9992 |  5.417452e+04 |  -44.96% |  1.82e-16 |      
       20 |   0.9991 |  5.177709e+04 |   -4.43% |  2.96e-16 |      
       30 |   0.9990 |  5.109582e+04 |   -1.32% |  4.83e-16 |      
       40 |   0.9989 |  5.068852e+04 |   -0.80% |  7.86e-16 |      
       50 |   0.9989 |  5.044357e+04 |   -0.48% |  1.28e-15 |      
       60 |   0.9989 |  5.030393e+04 |   -0.28% |  2.09e-15 |      
       70 |   0.9989 |  5.019938e+04 |   -0.21% |  3.40e-15 |      
       80 |   0.9989 |  5.013443e+04 |   -0.13% |  5.54e-15 |      
       90 |   0.9989 |  5.010742e+04 |   -0.05% |  9.02e-15 |      
      100 |   0.9988 |  5.013792e+04 |   +0.06% |  1.47e-14 |      
      110 |   0.9987 |  5.034438e+04 |   +0.41% |  2.39e-14 |      
      120 |   0.9986 |  5.101283e+04 |   +1.33% |  3.90e-14 |      
      130 |   0.9982 |  5.304790e+04 |   +3.99% |  6.35e-14 |      
      140 |   0.9974 |  5.885736e+04 |  +10.95% |  1.03e-13 |      
      150 |   0.9961 |  6.967428e+04 |  +18.38% |  1.68e-13 |      
      160 |   0.9943 |  8.401436e+04 |  +20.58% |  2.72e-13 |      
      170 |   0.9920 |  1.013508e+05 |  +20.64% |  4.42e-13 |      
      180 |   0.9889 |  1.225079e+05 |  +20.88% |  7.17e-13 |      
      190 |   0.9846 |  1.493843e+05 |  +21.94% |  1.16e-12 |      
      200 |   0.9786 |  1.836002e+05 |  +22.90% |  1.88e-12 |      
      210 |   0.9703 |  2.257709e+05 |  +22.97% |  3.03e-12 |      
      220 |   0.9582 |  2.764506e+05 |  +22.45% |  4.88e-12 |      
      230 |   0.9424 |  3.370697e+05 |  +21.93% |  7.85e-12 |      
      240 |   0.9232 |  4.074611e+05 |  +20.88% |  1.26e-11 |      
      250 |   0.8991 |  4.852442e+05 |  +19.09% |  2.02e-11 |      
      260 |   0.8712 |  5.658157e+05 |  +16.60% |  3.23e-11 |      
      270 |   0.8409 |  6.442514e+05 |  +13.86% |  5.17e-11 |      
      280 |   0.8076 |  7.166005e+05 |  +11.23% |  8.29e-11 |      
      290 |   0.7730 |  7.787714e+05 |   +8.68% |  1.33e-10 |      
      300 |   0.7381 |  8.351212e+05 |   +7.24% |  2.14e-10 |      
      310 |   0.6989 |  8.908331e+05 |   +6.67% |  3.45e-10 |      
      320 |   0.6562 |  9.391441e+05 |   +5.42% |  5.56e-10 |      
      330 |   0.6188 |  9.885951e+05 |   +5.27% |  8.95e-10 |      
      340 |   0.5788 |  1.035103e+06 |   +4.70% |  1.44e-09 |      
      350 |   0.5373 |  1.054295e+06 |   +1.85% |  2.34e-09 |      
      360 |   0.4929 |  1.069708e+06 |   +1.46% |  3.80e-09 |      
      370 |   0.4505 |  1.084093e+06 |   +1.34% |  6.17e-09 |      
      380 |   0.4098 |  1.106338e+06 |   +2.05% |  1.00e-08 |      
      390 |   0.3677 |  1.113074e+06 |   +0.61% |  1.63e-08 |      
      400 |   0.3293 |  1.117483e+06 |   +0.40% |  2.54e-08 |      
      410 |   0.3002 |  1.118782e+06 |   +0.12% |  3.74e-08 |      
      420 |   0.2703 |  1.119484e+06 |   +0.06% |  5.51e-08 |      
      430 |   0.2410 |  1.120316e+06 |   +0.07% |  8.12e-08 |      
      440 |   0.2141 |  1.121297e+06 |   +0.09% |  1.20e-07 |      
      450 |   0.1870 |  1.122409e+06 |   +0.10% |  1.76e-07 |      
      460 |   0.1639 |  1.123731e+06 |   +0.12% |  2.59e-07 |      
      470 |   0.1424 |  1.125130e+06 |   +0.12% |  3.82e-07 |      
      480 |   0.1234 |  1.126689e+06 |   +0.14% |  5.63e-07 |      
      490 |   0.1071 |  1.128351e+06 |   +0.15% |  8.29e-07 |      
      495 |   0.0996 |  1.129145e+06 |          |  1.05e-06 |      
---------------------------------------------------------------
[INFO GPL-1001] Global placement finished at iteration 495
[INFO GPL-1002] Placed Cell Area            159192.6983
[INFO GPL-1003] Available Free Area         180014.9680
[INFO GPL-1004] Minimum Feasible Density        0.8900 (cell_area / free_area)
[INFO GPL-1006]   Suggested Target Densities:
[INFO GPL-1007]     - For 90% usage of free space: 0.9826
[INFO GPL-1008]     - For 80% usage of free space: 1.1054
[INFO GPL-1014] Final placement area: 159192.70 (+0.00%)
Took 10 seconds: global_placement -skip_io -density 0.8999999856948853 -pad_left 0 -pad_right 0
Design area 145162 um^2 81% utilization.
write_db /work/results/nangate45/swerv/pipeline_80/3_1_place_gp_skip_io.odb
Elapsed time: 0:10.52[h:]min:sec. CPU time: user 115.78 sys 0.24 (1103%). Peak memory: 389624KB.
Log                       Ext     Elapsed/s Peak Memory/MB sha1sum result [0:20)
3_1_place_gp_skip_io      .odb           10            380 ffc9b26b87d825c5d83d
/OpenROAD-flow-scripts/flow/scripts/flow.sh 3_2_place_iop io_placement
Running io_placement.tcl, stage 3_2_place_iop
read_liberty /OpenROAD-flow-scripts/flow/platforms/nangate45/lib/NangateOpenCellLibrary_typical.lib
read_db -hier /work/results/nangate45/swerv/pipeline_80/3_1_place_gp_skip_io.odb
[WARNING ORD-0012] Hierarchical flow (-hier) is currently in development and may cause multiple issues. Do not use in production environments.
read_sdc /work/results/nangate45/swerv/pipeline_80/2_floorplan.sdc
source /OpenROAD-flow-scripts/flow/platforms/nangate45/setRC.tcl
place_pins -hor_layers metal5 -ver_layers metal6
Found 0 macro blocks.
Using 2 tracks default min distance between IO pins.
[INFO PPL-0001] Number of available slots 3096
[INFO PPL-0002] Number of I/O             2039
[INFO PPL-0003] Number of I/O w/sink      1997
[INFO PPL-0004] Number of I/O w/o sink    42
[INFO PPL-0005] Slots per section         200
[INFO PPL-0008] Successfully assigned pins to sections.
[INFO PPL-0012] I/O nets HPWL: 188432.77 um.
Design area 145162 um^2 81% utilization.
write_db /work/results/nangate45/swerv/pipeline_80/3_2_place_iop.odb
Elapsed time: 0:00.84[h:]min:sec. CPU time: user 0.72 sys 0.12 (100%). Peak memory: 261948KB.
Log                       Ext     Elapsed/s Peak Memory/MB sha1sum result [0:20)
3_2_place_iop             .odb            0            255 208a7613087dea1b077b
/OpenROAD-flow-scripts/flow/scripts/flow.sh 3_3_place_gp global_place
Running global_place.tcl, stage 3_3_place_gp
read_liberty /OpenROAD-flow-scripts/flow/platforms/nangate45/lib/NangateOpenCellLibrary_typical.lib
read_db -hier /work/results/nangate45/swerv/pipeline_80/3_2_place_iop.odb
[WARNING ORD-0012] Hierarchical flow (-hier) is currently in development and may cause multiple issues. Do not use in production environments.
read_sdc /work/results/nangate45/swerv/pipeline_80/2_floorplan.sdc
source /OpenROAD-flow-scripts/flow/platforms/nangate45/setRC.tcl
[INFO RSZ-0026] Removed 452 buffers.
Perform port buffering...
[INFO RSZ-0027] Inserted 730 BUF_X1 input buffers.
[INFO RSZ-0028] Inserted 994 BUF_X1 output buffers.
[INFO GPL-0022] Initialize gpl and calculate uniform density.
Placement density is 0.8999999856948853, computed from PLACE_DENSITY_LB_ADDON  0.0 and lower bound 0.8899999856948853
global_placement -density 0.8999999856948853 -pad_left 0 -pad_right 0 -routability_driven -timing_driven -force_center_initial_place -min_phi_coef 0.95 -max_phi_coef 1.05
[INFO GPL-0001] ---- Initialize GPL Main Data Structures
[INFO GPL-0002] DBU: 2000
[INFO GPL-0003] SiteSize: (  0.190  1.400 ) um
[INFO GPL-0004] CoreBBox: (  5.130  5.600 ) ( 430.160 429.800 ) um
[INFO GPL-0036] Movable instances area:     145894.084 um^2
[INFO GPL-0037] Total instances area:       146176.842 um^2
[INFO GPL-0035] Pin density area adjust:     14284.913 um^2
[INFO GPL-0032] ---- Initialize Region: Top-level
[INFO GPL-0006] Number of instances:             77404
[INFO GPL-0007] Movable instances:               76341
[INFO GPL-0008] Fixed instances:                  1063
[INFO GPL-0009] Dummy instances:                     0
[INFO GPL-0010] Number of nets:                  91463
[INFO GPL-0011] Number of pins:                 310873
[INFO GPL-0012] Die BBox:  (  0.000  0.000 ) ( 435.305 435.305 ) um
[INFO GPL-0013] Core BBox: (  5.130  5.600 ) ( 430.160 429.800 ) um
[INFO GPL-0016] Core area:                  180297.726 um^2
[INFO GPL-0014] Region name: top-level.
[INFO GPL-0015] Region area:                180297.726 um^2
[INFO GPL-0017] Fixed instances area:          282.758 um^2
[INFO GPL-0018] Movable instances area:     160178.997 um^2
[INFO GPL-0019] Utilization:                    88.981 %
[INFO GPL-0020] Standard cells area:        160178.997 um^2
[INFO GPL-0021] Large instances area:            0.000 um^2
[INFO GPL-0005] ---- Execute Conjugate Gradient Initial Placement.
[INFO GPL-0051] Source of initial instance position counters:
	Odb location = 0	Core center = 76341	Region center = 0
[InitialPlace]  Iter: 1 conjugate gradient residual: 0.00121845 HPWL: 3210100004
[InitialPlace]  Iter: 2 conjugate gradient residual: 0.00033345 HPWL: 1593543804
[InitialPlace]  Iter: 3 conjugate gradient residual: 0.00013650 HPWL: 1528665806
[InitialPlace]  Iter: 4 conjugate gradient residual: 0.00012622 HPWL: 1512187295
[InitialPlace]  Iter: 5 conjugate gradient residual: 0.00011013 HPWL: 1489981089
[InitialPlace]  Iter: 6 conjugate gradient residual: 0.00011739 HPWL: 1467119195
[InitialPlace]  Iter: 7 conjugate gradient residual: 0.00012747 HPWL: 1443348734
[InitialPlace]  Iter: 8 conjugate gradient residual: 0.00011806 HPWL: 1424645380
[InitialPlace]  Iter: 9 conjugate gradient residual: 0.00010656 HPWL: 1410195439
[InitialPlace]  Iter: 10 conjugate gradient residual: 0.00007241 HPWL: 1401443989
[InitialPlace]  Iter: 11 conjugate gradient residual: 0.00006937 HPWL: 1394596760
[InitialPlace]  Iter: 12 conjugate gradient residual: 0.00003762 HPWL: 1390506427
[InitialPlace]  Iter: 13 conjugate gradient residual: 0.00002548 HPWL: 1386751977
[InitialPlace]  Iter: 14 conjugate gradient residual: 0.00003282 HPWL: 1385166825
[InitialPlace]  Iter: 15 conjugate gradient residual: 0.00002319 HPWL: 1383677610
[InitialPlace]  Iter: 16 conjugate gradient residual: 0.00002237 HPWL: 1382933730
[InitialPlace]  Iter: 17 conjugate gradient residual: 0.00002632 HPWL: 1382115553
[InitialPlace]  Iter: 18 conjugate gradient residual: 0.00002569 HPWL: 1382135351
[InitialPlace]  Iter: 19 conjugate gradient residual: 0.00002633 HPWL: 1381198745
[InitialPlace]  Iter: 20 conjugate gradient residual: 0.00002092 HPWL: 1381197333
[INFO GPL-0033] ---- Initialize Nesterov Region: Top-level
[INFO GPL-0023] Placement target density:       0.9000
[INFO GPL-0024] Movable insts average area:      2.098 um^2
[INFO GPL-0025] Ideal bin area:                  2.331 um^2
[INFO GPL-0026] Ideal bin count:                 77336
[INFO GPL-0027] Total bin area:             180297.726 um^2
[INFO GPL-0028] Bin count (X, Y):         256 ,    256
[INFO GPL-0029] Bin size (W * H):       1.660 *  1.657 um
[INFO GPL-0030] Number of bins:                  65536
[INFO GPL-0084] ---- Execute Nesterov Global Placement.
[INFO GPL-0031] HPWL: Half-Perimeter Wirelength
Iteration | Overflow |     HPWL (um) |  HPWL(%) |   Penalty | Group
---------------------------------------------------------------
        0 |   0.9685 |  4.826089e+05 |   +0.00% |  3.48e-16 |      
       10 |   0.9142 |  5.473797e+05 |  +13.42% |  5.60e-16 |      
       20 |   0.8927 |  5.859729e+05 |   +7.05% |  9.03e-16 |      
       30 |   0.8829 |  6.005687e+05 |   +2.49% |  1.47e-15 |      
       40 |   0.8779 |  6.060323e+05 |   +0.91% |  2.39e-15 |      
       50 |   0.8743 |  6.096176e+05 |   +0.59% |  3.88e-15 |      
       60 |   0.8728 |  6.126912e+05 |   +0.50% |  6.32e-15 |      
       70 |   0.8704 |  6.158736e+05 |   +0.52% |  1.03e-14 |      
       80 |   0.8684 |  6.177219e+05 |   +0.30% |  1.67e-14 |      
       90 |   0.8663 |  6.186033e+05 |   +0.14% |  2.73e-14 |      
      100 |   0.8648 |  6.187805e+05 |   +0.03% |  4.44e-14 |      
      110 |   0.8641 |  6.186352e+05 |   -0.02% |  7.24e-14 |      
      120 |   0.8634 |  6.185711e+05 |   -0.01% |  1.18e-13 |      
      130 |   0.8633 |  6.184584e+05 |   -0.02% |  1.92e-13 |      
      140 |   0.8631 |  6.186935e+05 |   +0.04% |  3.13e-13 |      
      150 |   0.8629 |  6.195723e+05 |   +0.14% |  5.09e-13 |      
      160 |   0.8623 |  6.215848e+05 |   +0.32% |  8.29e-13 |      
      170 |   0.8614 |  6.255360e+05 |   +0.64% |  1.35e-12 |      
      180 |   0.8598 |  6.327519e+05 |   +1.15% |  2.20e-12 |      
      190 |   0.8569 |  6.445060e+05 |   +1.86% |  3.57e-12 |      
      200 |   0.8523 |  6.620976e+05 |   +2.73% |  5.79e-12 |      
      210 |   0.8451 |  6.876672e+05 |   +3.86% |  9.38e-12 |      
      220 |   0.8347 |  7.231848e+05 |   +5.16% |  1.52e-11 |      
      230 |   0.8188 |  7.691020e+05 |   +6.35% |  2.45e-11 |      
      240 |   0.7976 |  8.223859e+05 |   +6.93% |  3.94e-11 |      
      250 |   0.7742 |  8.821268e+05 |   +7.26% |  6.33e-11 |      
      260 |   0.7468 |  9.448136e+05 |   +7.11% |  1.02e-10 |      
      270 |   0.7181 |  9.999431e+05 |   +5.83% |  1.64e-10 |      
      280 |   0.6879 |  1.044325e+06 |   +4.44% |  2.64e-10 |      
      290 |   0.6536 |  1.076554e+06 |   +3.09% |  4.27e-10 |      
[INFO GPL-0100] Timing-driven iteration 1/2, virtual: false.
[INFO GPL-0101]    Iter: 297, overflow: 0.633, keep resizer changes at: 1, HPWL: 2194838602
Iteration |   Area    | Resized | Buffers | Nets repaired | Remaining
---------------------------------------------------------------------
        0 |     +0.0% |       0 |       0 |             0 |     91463
    final |     +2.2% |     682 |    1487 |          1443 |         0
---------------------------------------------------------------------
[INFO RSZ-0034] Found 701 slew violations.
[INFO RSZ-0036] Found 1247 capacitance violations.
[INFO RSZ-0037] Found 1 long wires.
[INFO RSZ-0039] Resized 682 instances.
[INFO RSZ-0038] Inserted 1487 buffers in 1443 nets.
   Iter   |    Area   | Removed | Inserted |   Pins
          |           | Buffers | Buffers  | Remaining
-------------------------------------------------------
        0 |     +0.0% |       0 |        0 |     90349
     9000 |     +0.8% |     147 |     1424 |     81349
    18000 |     +1.3% |     303 |     2383 |     72349
    27000 |     +1.8% |     525 |     3652 |     63349
    36000 |     +1.9% |     670 |     4084 |     54349
    45000 |     +2.0% |     731 |     4318 |     45349
    54000 |     +2.1% |     957 |     4932 |     36349
    63000 |     +2.4% |    1245 |     5935 |     27349
    72000 |     +2.5% |    1354 |     6442 |     18349
    81000 |     +2.8% |    1406 |     7040 |      9349
    90000 |     +2.9% |    1491 |     7363 |       349
    final |     +2.9% |    1491 |     7363 |         0
-------------------------------------------------------
[INFO GPL-0106] Timing-driven: worst slack -6.4428396e-10
[INFO GPL-0107] Timing-driven: repair_design delta area: 7423.282 um^2 (+4.63%)
[INFO GPL-0108] Timing-driven: repair_design, gpl delta gcells: 7359 (+9.64%)
[INFO GPL-0109] Timing-driven: repair_design, gcells created: 8850, deleted: 1491
[INFO GPL-0110] Timing-driven: new target density: 0.94123703
Iteration | Overflow |     HPWL (um) |  HPWL(%) |   Penalty | Group
---------------------------------------------------------------
      300 |   0.6171 |  1.223636e+06 |  +13.66% |  6.75e-10 |      
      310 |   0.5996 |  1.264533e+06 |   +3.34% |  1.09e-09 |      
[INFO GPL-0038] Routability snapshot saved at iter = 311
      310 |   0.5996 |  1.264533e+06 |          |           |      
      320 |   0.5722 |  1.310151e+06 |   +3.61% |  1.75e-09 |      
      330 |   0.5282 |  1.350236e+06 |   +3.06% |  2.83e-09 |      
      340 |   0.4896 |  1.380734e+06 |   +2.26% |  4.58e-09 |      
      350 |   0.4471 |  1.415976e+06 |   +2.55% |  7.40e-09 |      
      360 |   0.4035 |  1.442719e+06 |   +1.89% |  1.20e-08 |      
      370 |   0.3603 |  1.460051e+06 |   +1.20% |  1.95e-08 |      
      380 |   0.3221 |  1.475094e+06 |   +1.03% |  2.97e-08 |      
[INFO GPL-0040] Routability iteration: 1
[WARNING GRT-0281] Net clk has a large fanout of 11183 terminals.
[INFO GPL-0041] Total routing overflow: 376.9803
[INFO GPL-0042] Number of overflowed tiles: 3006 (13.01%)
[INFO GPL-0043] Average top 0.5% routing congestion: 1.4705
[INFO GPL-0044] Average top 1.0% routing congestion: 1.4065
[INFO GPL-0045] Average top 2.0% routing congestion: 1.3388
[INFO GPL-0046] Average top 5.0% routing congestion: 1.2386
[INFO GPL-0047] Routability iteration weighted routing congestion: 1.4385
[INFO GPL-0048] Routing congestion (1.4385) lower than previous minimum (1e+30). Updating minimum.
[INFO GPL-0086] Inflated area:               10352.116 um^2 (+6.18%)
[INFO GPL-0052] Placement target density:       0.9412
[INFO GPL-0076] Removing fillers, count: Before: 874, After: 0 (-100.00%)
[INFO GPL-0077] Filler area (um^2)     : Before: 1834.482, After: 0.000 (-100.00%)
[INFO GPL-0078] Removed fillers count: 874, area removed: 1834.342 um^2. Remaining area to be compensated by modifying density: 8517.774 um^2
[INFO GPL-0079] New target density: 0.9885533
[INFO GPL-0058] White space area:           180014.968 um^2 (+0.00%)
[INFO GPL-0059] Movable instances area:     177954.390 um^2 (+5.03%)
[INFO GPL-0060] Total filler area:               0.000 um^2 (-100.00%)
[INFO GPL-0061] Total non-inflated area:    177954.395 um^2 (+5.03%)
[INFO GPL-0062] Total inflated area:        188306.511 um^2 (+4.74%)
[INFO GPL-0063] New Target Density:             0.9886
[INFO GPL-0087] Routability end iteration: increase inflation and revert back to snapshot.
Iteration | Overflow |     HPWL (um) |  HPWL(%) |   Penalty | Group
---------------------------------------------------------------
      390 |   0.6043 |  1.272045e+06 |  -13.77% |  1.19e-09 |      
      400 |   0.5635 |  1.342603e+06 |   +5.55% |  1.73e-09 |      
      410 |   0.5324 |  1.381643e+06 |   +2.91% |  2.52e-09 |      
      420 |   0.5075 |  1.411761e+06 |   +2.18% |  3.70e-09 |      
      430 |   0.4701 |  1.436863e+06 |   +1.78% |  5.42e-09 |      
      440 |   0.4347 |  1.447779e+06 |   +0.76% |  7.97e-09 |      
      450 |   0.3994 |  1.455824e+06 |   +0.56% |  1.17e-08 |      
      460 |   0.3650 |  1.486893e+06 |   +2.13% |  1.72e-08 |      
      470 |   0.3347 |  1.501618e+06 |   +0.99% |  2.53e-08 |      
      480 |   0.3027 |  1.508592e+06 |   +0.46% |  3.71e-08 |      
[INFO GPL-0040] Routability iteration: 2
[INFO GPL-0041] Total routing overflow: 316.9991
[INFO GPL-0042] Number of overflowed tiles: 3143 (13.60%)
[INFO GPL-0043] Average top 0.5% routing congestion: 1.3266
[INFO GPL-0044] Average top 1.0% routing congestion: 1.2921
[INFO GPL-0045] Average top 2.0% routing congestion: 1.2535
[INFO GPL-0046] Average top 5.0% routing congestion: 1.1918
[INFO GPL-0047] Routability iteration weighted routing congestion: 1.3094
[INFO GPL-0048] Routing congestion (1.3094) lower than previous minimum (1.439). Updating minimum.
[INFO GPL-0086] Inflated area:                8403.415 um^2 (+4.72%)
[INFO GPL-0052] Placement target density:       0.9886
[INFO GPL-0076] Removing fillers, count: Before: 0, After: 0 (+0.00%)
[INFO GPL-0077] Filler area (um^2)     : Before: 0.000, After: 0.000 (+0.00%)
[INFO GPL-0078] Removed fillers count: 0, area removed: 0.000 um^2. Remaining area to be compensated by modifying density: 8403.415 um^2
[INFO GPL-0079] New target density: 1.035235
[INFO GPL-0053] Target density 1.0352 exceeds the maximum allowed 0.9900.
[INFO GPL-0055] Reverting inflation values and target density from the iteration with minimum observed routing congestion.
[INFO GPL-0056] Minimum observed routing congestion: 1.3094
[INFO GPL-0057] Target density at minimum routing congestion: 0.9886
[INFO GPL-0080] Restoring 0 previously removed fillers.
[INFO GPL-0089] Routability finished. Reverting to minimal observed routing congestion, could not reach target.
Iteration | Overflow |     HPWL (um) |  HPWL(%) |   Penalty | Group
---------------------------------------------------------------
      490 |   0.5773 |  1.323215e+06 |  -12.29% |  1.54e-09 |      
      500 |   0.5397 |  1.371369e+06 |   +3.64% |  2.25e-09 |      
      510 |   0.5162 |  1.402402e+06 |   +2.26% |  3.30e-09 |      
      520 |   0.4810 |  1.430444e+06 |   +2.00% |  4.83e-09 |      
      530 |   0.4455 |  1.445583e+06 |   +1.06% |  7.10e-09 |      
      540 |   0.4097 |  1.450114e+06 |   +0.31% |  1.05e-08 |      
      550 |   0.3753 |  1.477521e+06 |   +1.89% |  1.53e-08 |      
      560 |   0.3419 |  1.497778e+06 |   +1.37% |  2.25e-08 |      
      570 |   0.3118 |  1.508579e+06 |   +0.72% |  3.31e-08 |      
      580 |   0.2834 |  1.507563e+06 |   -0.07% |  4.87e-08 |      
      590 |   0.2575 |  1.515328e+06 |   +0.52% |  7.17e-08 |      
      600 |   0.2305 |  1.513741e+06 |   -0.10% |  1.06e-07 |      
      610 |   0.2075 |  1.512657e+06 |   -0.07% |  1.55e-07 |      
[INFO GPL-0100] Timing-driven iteration 2/2, virtual: false.
[INFO GPL-0101]    Iter: 616, overflow: 0.195, keep resizer changes at: 1, HPWL: 3026333649
Iteration |   Area    | Resized | Buffers | Nets repaired | Remaining
---------------------------------------------------------------------
        0 |     +0.0% |       0 |       0 |             0 |     98822
    final |     +0.2% |       3 |     166 |           168 |         0
---------------------------------------------------------------------
[INFO RSZ-0034] Found 3 slew violations.
[INFO RSZ-0036] Found 166 capacitance violations.
[INFO RSZ-0039] Resized 3 instances.
[INFO RSZ-0038] Inserted 166 buffers in 168 nets.
   Iter   |    Area   | Removed | Inserted |   Pins
          |           | Buffers | Buffers  | Remaining
-------------------------------------------------------
        0 |     +0.0% |       0 |        0 |     90349
     9000 |     -0.2% |    1434 |     1159 |     81349
    18000 |     -0.2% |    2424 |     1988 |     72349
    27000 |     -0.5% |    3721 |     2978 |     63349
    36000 |     -0.5% |    4171 |     3457 |     54349
    45000 |     -0.4% |    4413 |     3792 |     45349
    54000 |     -0.4% |    5065 |     4592 |     36349
    63000 |     -0.3% |    6088 |     5682 |     27349
    72000 |     -0.3% |    6597 |     6155 |     18349
    81000 |     -0.3% |    7195 |     6793 |      9349
    90000 |     -0.3% |    7525 |     7154 |       349
    final |     -0.3% |    7525 |     7155 |         0
-------------------------------------------------------
[INFO GPL-0106] Timing-driven: worst slack -6.496993e-10
[INFO GPL-0107] Timing-driven: repair_design delta area: -872.252 um^2 (-0.49%)
[INFO GPL-0108] Timing-driven: repair_design, gpl delta gcells: -204 (-0.24%)
[INFO GPL-0109] Timing-driven: repair_design, gcells created: 7321, deleted: 7525
[INFO GPL-0110] Timing-driven: new target density: 0.98370785
Iteration | Overflow |     HPWL (um) |  HPWL(%) |   Penalty | Group
---------------------------------------------------------------
      620 |   0.1803 |  1.560321e+06 |   +3.15% |  2.27e-07 |      
      630 |   0.1576 |  1.536378e+06 |   -1.53% |  3.34e-07 |      
      640 |   0.1379 |  1.529437e+06 |   -0.45% |  4.92e-07 |      
      650 |   0.1197 |  1.525214e+06 |   -0.28% |  7.24e-07 |      
      660 |   0.1041 |  1.522343e+06 |   -0.19% |  1.07e-06 |      
      663 |   0.0994 |  1.521764e+06 |          |  1.25e-06 |      
---------------------------------------------------------------
[INFO GPL-1001] Global placement finished at iteration 663
[INFO GPL-1017] Routability mode iteration count: 261
[INFO GPL-1005] Routability final weighted congestion: 1.3175
[INFO GPL-1002] Placed Cell Area            177082.1429
[INFO GPL-1003] Available Free Area         180014.9680
[INFO GPL-1004] Minimum Feasible Density        0.8900 (cell_area / free_area)
[INFO GPL-1006]   Suggested Target Densities:
[INFO GPL-1007]     - For 90% usage of free space: 1.0930
[INFO GPL-1008]     - For 80% usage of free space: 1.2296
[INFO GPL-1011] Original area (um^2): 160179.00
[INFO GPL-1012] Total routability artificial inflation: 10352.12 (+6.46%)
[INFO GPL-1013] Total timing-driven delta area: 6551.03 (+4.09%)
[INFO GPL-1014] Final placement area: 177082.14 (+10.55%)
Took 87 seconds: global_placement -density 0.8999999856948853 -pad_left 0 -pad_right 0 -routability_driven -timing_driven -force_center_initial_place -min_phi_coef 0.95 -max_phi_coef 1.05
estimate_parasitics -placement
Report metrics stage 3, global place...

==========================================================================
global place report_design_area
--------------------------------------------------------------------------
Design area 153631 um^2 85% utilization.
write_db /work/results/nangate45/swerv/pipeline_80/3_3_place_gp.odb
Elapsed time: 1:41.11[h:]min:sec. CPU time: user 366.05 sys 51.22 (412%). Peak memory: 1228348KB.
Log                       Ext     Elapsed/s Peak Memory/MB sha1sum result [0:20)
3_3_place_gp              .odb          101           1199 318b747ba87813e3f754
/OpenROAD-flow-scripts/flow/scripts/flow.sh 3_4_place_resized resize
Running resize.tcl, stage 3_4_place_resized
read_liberty /OpenROAD-flow-scripts/flow/platforms/nangate45/lib/NangateOpenCellLibrary_typical.lib
read_db -hier /work/results/nangate45/swerv/pipeline_80/3_3_place_gp.odb
[WARNING ORD-0012] Hierarchical flow (-hier) is currently in development and may cause multiple issues. Do not use in production environments.
read_sdc /work/results/nangate45/swerv/pipeline_80/2_floorplan.sdc
source /OpenROAD-flow-scripts/flow/platforms/nangate45/setRC.tcl
estimate_parasitics -placement
replace_arith_modules -path_count 1000 -target setup -slack_threshold 0.0
[INFO RSZ-0151] Starting arithmetic module replacement to optimize 'setup' target
[INFO RSZ-0152] Analyzing 1000 critical paths with slack < 0.00
[INFO RSZ-0153] Identified 1098 violating endpoints
[INFO RSZ-0154] Identified 3 critical arithmetic instances
[INFO ODB-0496] swapMaster sanity check passed (0 failures)
[INFO ODB-0496] swapMaster sanity check passed (0 failures)
[WARNING ODB-0453] The modules cannot be swapped because module ALU_20_0_1_0_20_unused_CO_X_HAN_CARLSON has 49 ports but module ALU_20_0_1_0_20_unused_CO_X_KOGGE_STONE has 45 ports.
[INFO RSZ-0160] 2 arithmetic instances have swapped to improve 'setup' target
[INFO GPL-0083] Execute incremental mode global placement.
[INFO GPL-0001] ---- Initialize GPL Main Data Structures
[INFO GPL-0002] DBU: 2000
[INFO GPL-0003] SiteSize: (  0.190  1.400 ) um
[INFO GPL-0004] CoreBBox: (  5.130  5.600 ) ( 430.160 429.800 ) um
[INFO GPL-0036] Movable instances area:     153320.006 um^2
[INFO GPL-0037] Total instances area:       153602.764 um^2
[INFO GPL-0035] Pin density area adjust:     14173.217 um^2
[INFO GPL-0032] ---- Initialize Region: Top-level
[INFO GPL-0006] Number of instances:             84569
[INFO GPL-0007] Movable instances:               83506
[INFO GPL-0008] Fixed instances:                  1063
[INFO GPL-0009] Dummy instances:                     0
[INFO GPL-0010] Number of nets:                  98601
[INFO GPL-0011] Number of pins:                 325470
[INFO GPL-0012] Die BBox:  (  0.000  0.000 ) ( 435.305 435.305 ) um
[INFO GPL-0013] Core BBox: (  5.130  5.600 ) ( 430.160 429.800 ) um
[INFO GPL-0016] Core area:                  180297.726 um^2
[INFO GPL-0014] Region name: top-level.
[INFO GPL-0015] Region area:                180297.726 um^2
[INFO GPL-0017] Fixed instances area:          282.758 um^2
[INFO GPL-0018] Movable instances area:     167493.223 um^2
[INFO GPL-0019] Utilization:                    93.044 %
[INFO GPL-0020] Standard cells area:        167493.223 um^2
[INFO GPL-0021] Large instances area:            0.000 um^2
[INFO GPL-0154] Identified 82931 placed instances
[INFO GPL-0155] Identified 575 not placed instances
[INFO GPL-0005] ---- Execute Conjugate Gradient Initial Placement.
[INFO GPL-0051] Source of initial instance position counters:
	Odb location = 0	Core center = 575	Region center = 0
[InitialPlace]  Iter: 1 conjugate gradient residual: 0.00000011 HPWL: 3867180639
[InitialPlace]  Iter: 2 conjugate gradient residual: 0.00000010 HPWL: 3696709215
[InitialPlace]  Iter: 3 conjugate gradient residual: 0.00000010 HPWL: 3696454359
[InitialPlace]  Iter: 4 conjugate gradient residual: 0.00000011 HPWL: 3696355514
[InitialPlace]  Iter: 5 conjugate gradient residual: 0.00000011 HPWL: 3696280678
[INFO GPL-0033] ---- Initialize Nesterov Region: Top-level
[INFO GPL-0023] Placement target density:       0.9404
[INFO GPL-0024] Movable insts average area:      2.006 um^2
[INFO GPL-0025] Ideal bin area:                  2.133 um^2
[INFO GPL-0026] Ideal bin count:                 84536
[INFO GPL-0027] Total bin area:             180297.726 um^2
[INFO GPL-0028] Bin count (X, Y):         256 ,    256
[INFO GPL-0029] Bin size (W * H):       1.660 *  1.657 um
[INFO GPL-0030] Number of bins:                  65536
[INFO GPL-0084] ---- Execute Nesterov Global Placement.
[INFO GPL-0031] HPWL: Half-Perimeter Wirelength
Iteration | Overflow |     HPWL (um) |  HPWL(%) |   Penalty | Group
---------------------------------------------------------------
        0 |   0.1080 |  1.522482e+06 |   +0.00% |  2.29e-12 |      
        0 |   0.1080 |  1.522482e+06 |          |  2.38e-12 |      
---------------------------------------------------------------
[INFO GPL-1001] Global placement finished at iteration 0
[INFO GPL-1002] Placed Cell Area            167493.2227
[INFO GPL-1003] Available Free Area         180014.9680
[INFO GPL-1004] Minimum Feasible Density        0.9400 (cell_area / free_area)
[INFO GPL-1006]   Suggested Target Densities:
[INFO GPL-1007]     - For 90% usage of free space: 1.0338
[INFO GPL-1008]     - For 80% usage of free space: 1.1631
[INFO GPL-1014] Final placement area: 167493.22 (+0.00%)
[INFO GPL-0133] Unlocking all instances
[INFO GPL-0084] ---- Execute Nesterov Global Placement.
       10 |   0.3807 |  1.439047e+06 |   -5.48% |  3.08e-12 |      
       20 |   0.5658 |  1.351854e+06 |   -6.06% |  4.10e-12 |      
       30 |   0.6592 |  1.255631e+06 |   -7.12% |  5.46e-12 |      
       40 |   0.7129 |  1.163705e+06 |   -7.32% |  7.27e-12 |      
       50 |   0.7494 |  1.088400e+06 |   -6.47% |  9.69e-12 |      
       60 |   0.7693 |  1.030069e+06 |   -5.36% |  1.29e-11 |      
       70 |   0.7935 |  9.668679e+05 |   -6.14% |  1.72e-11 |      
       80 |   0.8139 |  9.043522e+05 |   -6.47% |  2.29e-11 |      
       90 |   0.8152 |  8.811319e+05 |   -2.57% |  3.05e-11 |      
      100 |   0.8008 |  8.919128e+05 |   +1.22% |  4.06e-11 |      
      110 |   0.7811 |  9.194646e+05 |   +3.09% |  5.40e-11 |      
      120 |   0.7618 |  9.557639e+05 |   +3.95% |  7.16e-11 |      
      130 |   0.7446 |  9.951721e+05 |   +4.12% |  9.48e-11 |      
      140 |   0.7284 |  1.028193e+06 |   +3.32% |  1.26e-10 |      
      150 |   0.7127 |  1.061179e+06 |   +3.21% |  1.67e-10 |      
      160 |   0.6950 |  1.090938e+06 |   +2.80% |  2.22e-10 |      
      170 |   0.6765 |  1.117749e+06 |   +2.46% |  2.94e-10 |      
      180 |   0.6575 |  1.142538e+06 |   +2.22% |  3.91e-10 |      
      190 |   0.6399 |  1.165536e+06 |   +2.01% |  5.19e-10 |      
      200 |   0.6219 |  1.189270e+06 |   +2.04% |  6.89e-10 |      
      210 |   0.6019 |  1.213343e+06 |   +2.02% |  9.15e-10 |      
      220 |   0.5811 |  1.235436e+06 |   +1.82% |  1.22e-09 |      
      230 |   0.5592 |  1.259035e+06 |   +1.91% |  1.61e-09 |      
      240 |   0.5358 |  1.281244e+06 |   +1.76% |  2.15e-09 |      
      250 |   0.5124 |  1.297628e+06 |   +1.28% |  2.85e-09 |      
      260 |   0.4865 |  1.315089e+06 |   +1.35% |  3.79e-09 |      
      270 |   0.4608 |  1.330785e+06 |   +1.19% |  5.04e-09 |      
      280 |   0.4356 |  1.346731e+06 |   +1.20% |  6.70e-09 |      
      290 |   0.4092 |  1.360950e+06 |   +1.06% |  8.91e-09 |      
      300 |   0.3825 |  1.371946e+06 |   +0.81% |  1.19e-08 |      
      310 |   0.3593 |  1.381576e+06 |   +0.70% |  1.58e-08 |      
      320 |   0.3357 |  1.391479e+06 |   +0.72% |  2.10e-08 |      
      330 |   0.3113 |  1.398376e+06 |   +0.50% |  2.79e-08 |      
      340 |   0.2885 |  1.405187e+06 |   +0.49% |  3.72e-08 |      
      350 |   0.2653 |  1.410779e+06 |   +0.40% |  4.95e-08 |      
      360 |   0.2437 |  1.415689e+06 |   +0.35% |  6.59e-08 |      
      370 |   0.2233 |  1.419644e+06 |   +0.28% |  8.78e-08 |      
      380 |   0.2037 |  1.423100e+06 |   +0.24% |  1.17e-07 |      
      390 |   0.1853 |  1.425740e+06 |   +0.19% |  1.56e-07 |      
      400 |   0.1681 |  1.428200e+06 |   +0.17% |  2.07e-07 |      
      410 |   0.1517 |  1.430270e+06 |   +0.14% |  2.76e-07 |      
      420 |   0.1366 |  1.432244e+06 |   +0.14% |  3.68e-07 |      
      430 |   0.1230 |  1.433950e+06 |   +0.12% |  4.90e-07 |      
      440 |   0.1104 |  1.435548e+06 |   +0.11% |  6.53e-07 |      
      450 |   0.0993 |  1.437126e+06 |   +0.11% |  8.69e-07 |      
      450 |   0.0993 |  1.437126e+06 |          |  8.95e-07 |      
---------------------------------------------------------------
[INFO GPL-1001] Global placement finished at iteration 450
[INFO GPL-1002] Placed Cell Area            167493.2227
[INFO GPL-1003] Available Free Area         180014.9680
[INFO GPL-1004] Minimum Feasible Density        0.9400 (cell_area / free_area)
[INFO GPL-1006]   Suggested Target Densities:
[INFO GPL-1007]     - For 90% usage of free space: 1.0338
[INFO GPL-1008]     - For 80% usage of free space: 1.1631
[INFO GPL-1014] Final placement area: 167493.22 (+0.00%)
Perform buffer insertion and gate resizing...
repair_design -verbose
Iteration |   Area    | Resized | Buffers | Nets repaired | Remaining
---------------------------------------------------------------------
        0 |     +0.0% |       0 |       0 |             0 |     98601
     1000 |     +0.0% |       0 |       0 |             0 |     97601
     2000 |     +0.0% |       0 |       0 |             0 |     96601
     3000 |     +0.0% |       0 |       0 |             0 |     95601
     4000 |     +0.0% |       0 |       0 |             0 |     94601
     5000 |     +0.0% |       0 |       0 |             0 |     93601
     6000 |     +0.0% |       0 |       0 |             0 |     92601
     7000 |     +0.0% |       0 |       0 |             0 |     91601
     8000 |     +0.0% |       0 |       0 |             0 |     90601
     9000 |     +0.0% |       0 |       0 |             0 |     89601
    10000 |     +0.0% |       0 |       0 |             0 |     88601
    11000 |     +0.0% |       0 |       0 |             0 |     87601
    12000 |     +0.0% |       0 |       0 |             0 |     86601
    13000 |     +0.0% |       0 |       0 |             0 |     85601
    14000 |     +0.0% |       0 |       0 |             0 |     84601
    15000 |     +0.0% |       0 |       0 |             0 |     83601
    16000 |     +0.0% |       0 |       0 |             0 |     82601
    17000 |     +0.0% |       0 |       0 |             0 |     81601
    18000 |     +0.0% |       0 |       0 |             0 |     80601
    19000 |     +0.0% |       0 |       0 |             0 |     79601
    20000 |     +0.0% |       0 |       0 |             0 |     78601
    21000 |     +0.0% |       0 |       0 |             1 |     77601
    22000 |     +0.0% |       0 |       0 |             1 |     76601
    23000 |     +0.0% |       0 |       0 |             1 |     75601
    24000 |     +0.0% |       0 |       0 |             1 |     74601
    25000 |     +0.0% |       0 |       0 |             1 |     73601
    26000 |     +0.0% |       0 |       0 |             1 |     72601
    27000 |     +0.0% |       0 |       0 |             1 |     71601
    28000 |     +0.0% |       0 |       0 |             1 |     70601
    29000 |     +0.0% |       0 |       0 |             1 |     69601
    30000 |     +0.0% |       0 |       0 |             1 |     68601
    31000 |     +0.0% |       0 |       0 |             1 |     67601
    32000 |     +0.0% |       0 |       0 |             1 |     66601
    33000 |     +0.0% |       0 |       0 |             1 |     65601
    34000 |     +0.0% |       0 |       0 |             1 |     64601
    35000 |     +0.0% |       0 |       0 |             1 |     63601
    36000 |     +0.0% |       0 |       0 |             1 |     62601
    37000 |     +0.0% |       0 |       0 |             1 |     61601
    38000 |     +0.0% |       0 |       0 |             1 |     60601
    39000 |     +0.0% |       0 |       0 |             1 |     59601
    40000 |     +0.0% |       0 |       0 |             1 |     58601
    41000 |     +0.0% |       0 |       0 |             1 |     57601
    42000 |     +0.0% |       0 |       0 |             1 |     56601
    43000 |     +0.0% |       0 |       0 |             1 |     55601
    44000 |     +0.0% |       0 |       0 |             1 |     54601
    45000 |     +0.0% |       0 |       0 |             1 |     53601
    46000 |     +0.0% |       0 |       0 |             1 |     52601
    47000 |     +0.0% |       0 |       0 |             1 |     51601
    48000 |     +0.0% |       0 |       0 |             1 |     50601
    49000 |     +0.0% |       0 |       0 |             1 |     49601
    50000 |     +0.0% |       0 |       0 |             1 |     48601
    51000 |     +0.0% |       0 |       0 |             1 |     47601
    52000 |     +0.0% |       0 |       0 |             1 |     46601
    53000 |     +0.0% |       0 |       0 |             1 |     45601
    54000 |     +0.0% |       0 |       0 |             1 |     44601
    55000 |     +0.0% |       0 |       0 |             1 |     43601
    56000 |     +0.0% |       0 |       0 |             1 |     42601
    57000 |     +0.0% |       0 |       0 |             1 |     41601
    58000 |     +0.0% |       0 |       0 |             1 |     40601
    59000 |     +0.0% |       0 |       0 |             1 |     39601
    60000 |     +0.0% |       0 |       0 |             1 |     38601
    61000 |     +0.0% |       0 |       0 |             1 |     37601
    62000 |     +0.0% |       0 |       0 |             1 |     36601
    63000 |     +0.0% |       0 |       0 |             1 |     35601
    64000 |     +0.0% |       0 |       0 |             1 |     34601
    65000 |     +0.0% |       0 |       0 |             1 |     33601
    66000 |     +0.0% |       0 |       0 |             1 |     32601
    67000 |     +0.0% |       0 |       0 |             1 |     31601
    68000 |     +0.0% |       0 |       0 |             1 |     30601
    69000 |     +0.0% |       0 |       0 |             1 |     29601
    70000 |     +0.0% |       0 |       0 |             1 |     28601
    71000 |     +0.0% |       0 |       0 |             1 |     27601
    72000 |     +0.0% |       0 |       0 |             1 |     26601
    73000 |     +0.0% |       0 |       0 |             1 |     25601
    74000 |     +0.0% |       0 |       0 |             1 |     24601
    75000 |     +0.0% |       0 |       0 |             1 |     23601
    76000 |     +0.0% |       0 |       0 |             1 |     22601
    77000 |     +0.0% |       0 |       0 |             1 |     21601
    78000 |     +0.0% |       0 |       0 |             1 |     20601
    79000 |     +0.0% |       0 |       0 |             1 |     19601
    80000 |     +0.0% |       0 |       0 |             1 |     18601
    81000 |     +0.0% |       0 |       0 |             1 |     17601
    82000 |     +0.0% |       0 |       0 |             1 |     16601
    83000 |     +0.0% |       0 |       0 |             1 |     15601
    84000 |     +0.0% |       0 |       0 |             1 |     14601
    85000 |     +0.0% |       0 |       0 |             1 |     13601
    86000 |     +0.0% |       0 |       0 |             1 |     12601
    87000 |     +0.0% |       0 |       0 |             1 |     11601
    88000 |     +0.0% |       0 |       0 |             1 |     10601
    89000 |     +0.0% |       0 |       0 |             1 |      9601
    90000 |     +0.0% |       0 |       0 |             1 |      8601
    91000 |     +0.0% |       0 |       0 |             1 |      7601
    92000 |     +0.0% |       0 |       0 |             1 |      6601
    93000 |     +0.0% |       0 |       0 |             1 |      5601
    94000 |     +0.0% |       0 |       0 |             1 |      4601
    95000 |     +0.0% |       0 |       0 |             1 |      3601
    96000 |     +0.0% |       0 |       0 |             1 |      2601
    97000 |     +0.0% |       0 |       0 |             1 |      1601
    98000 |     +0.0% |       0 |       0 |             1 |       601
    final |     +0.0% |       0 |       0 |             1 |         0
---------------------------------------------------------------------
[INFO RSZ-0036] Found 1 capacitance violations.
Took 5 seconds: repair_design -verbose
Floating nets: 
Report metrics stage 3, resizer...

==========================================================================
resizer report_design_area
--------------------------------------------------------------------------
Design area 153603 um^2 85% utilization.
Instance count before 84559, after 84569
Pin count before 323144, after 323431
write_db /work/results/nangate45/swerv/pipeline_80/3_4_place_resized.odb
Elapsed time: 0:44.81[h:]min:sec. CPU time: user 166.84 sys 8.13 (390%). Peak memory: 781548KB.
Log                       Ext     Elapsed/s Peak Memory/MB sha1sum result [0:20)
3_4_place_resized         .odb           44            763 1fc8d9e9f0f45b434c53
/OpenROAD-flow-scripts/flow/scripts/flow.sh 3_5_place_dp detail_place
Running detail_place.tcl, stage 3_5_place_dp
read_liberty /OpenROAD-flow-scripts/flow/platforms/nangate45/lib/NangateOpenCellLibrary_typical.lib
read_db -hier /work/results/nangate45/swerv/pipeline_80/3_4_place_resized.odb
[WARNING ORD-0012] Hierarchical flow (-hier) is currently in development and may cause multiple issues. Do not use in production environments.
read_sdc /work/results/nangate45/swerv/pipeline_80/2_floorplan.sdc
source /OpenROAD-flow-scripts/flow/platforms/nangate45/setRC.tcl
detailed_placement
[INFO DPL-0006] Core area: 180297.73 um^2, Instances area: 153602.76 um^2, Utilization: 85.2%
[INFO DPL-0005] Diamond search max displacement: +/- 500 sites horizontally, +/- 100 rows vertically.
[INFO DPL-1101] Legalizing using diamond search.
Movements Summary
---------------------------------------
Total cells:                   83506
Diamond Move Success:          83506 (100.00%)
Diamond Move Failure:              0
Rip-up and replace Success:        0 (  0.00% of diamond failures)
Rip-up and replace Failure:        0
Total Placement Failures:          0
---------------------------------------
Placement Analysis
---------------------------------
total displacement     112561.1 u
average displacement        1.3 u
max displacement           31.6 u
original HPWL         1439263.9 u
legalized HPWL        1546591.0 u
delta HPWL                    7 %

improve_placement -max_displacement "5 1"
Detailed placement improvement.
[INFO DPL-0401] Setting random seed to 1.
[INFO DPL-0402] Setting maximum displacement 5 1 to 14000 2800 units.
[INFO DPL-0320] Collected 3102 fixed cells.
[INFO DPL-0318] Collected 83506 single height cells.
[INFO DPL-0321] Collected 0 wide cells.
[INFO DPL-0322] Image (10260, 11200) - (860320, 859600)
[INFO DPL-0310] Assigned 83506 cells into segments.  Movement in X-direction is 0.000000, movement in Y-direction is 0.000000.
[INFO DPL-0313] Found 0 cells in wrong regions.
[INFO DPL-0315] Found 0 row alignment problems.
[INFO DPL-0314] Found 0 site alignment problems.
[INFO DPL-0311] Found 0 overlaps between adjacent cells.
[INFO DPL-0312] Found 0 edge spacing violations and 0 padding violations.
[INFO DPL-0303] Running algorithm for independent set matching.
[INFO DPL-0300] Set matching objective is wirelength.
[INFO DPL-0301] Pass   1 of matching; objective is 3.090600e+09.
[INFO DPL-0302] End of matching; objective is 3.086647e+09, improvement is 0.13 percent.
[INFO DPL-0303] Running algorithm for global swaps.
[INFO DPL-0306] Pass   1 of global swaps; hpwl is 3.062382e+09.
[INFO DPL-0307] End of global swaps; objective is 3.062382e+09, improvement is 0.79 percent.
[INFO DPL-0303] Running algorithm for vertical swaps.
[INFO DPL-0308] Pass   1 of vertical swaps; hpwl is 3.058119e+09.
[INFO DPL-0309] End of vertical swaps; objective is 3.058119e+09, improvement is 0.14 percent.
[INFO DPL-0303] Running algorithm for reordering.
[INFO DPL-0304] Pass   1 of reordering; objective is 3.036683e+09.
[INFO DPL-0305] End of reordering; objective is 3.036683e+09, improvement is 0.70 percent.
[INFO DPL-0303] Running algorithm for random improvement.
[INFO DPL-0324] Random improver is using random generator.
[INFO DPL-0325] Random improver is using hpwl objective.
[INFO DPL-0326] Random improver cost string is (a).
[INFO DPL-0332] End of pass, Generator random called 1670120 times.
[INFO DPL-0335] Generator random, Cumulative attempts 1670120, swaps 392363, moves 142822 since last reset.
[INFO DPL-0333] End of pass, Objective hpwl, Initial cost 3.034977e+09, Scratch cost 3.018157e+09, Incremental cost 3.018157e+09, Mismatch? N
[INFO DPL-0338] End of pass, Total cost is 3.018157e+09.
[INFO DPL-0327] Pass   1 of random improver; improvement in cost is 0.55 percent.
[INFO DPL-0328] End of random improver; improvement is 0.554216 percent.
[INFO DPL-0380] Cell flipping.
[INFO DPL-0382] Changed 0 cell orientations for row compatibility.
[INFO DPL-0383] Performed 23740 cell flips.
[INFO DPL-0384] End of flipping; objective is 2.990296e+09, improvement is 0.98 percent.
[INFO DPL-0313] Found 0 cells in wrong regions.
[INFO DPL-0315] Found 0 row alignment problems.
[INFO DPL-0314] Found 0 site alignment problems.
[INFO DPL-0311] Found 0 overlaps between adjacent cells.
[INFO DPL-0312] Found 0 edge spacing violations and 0 padding violations.
Detailed Improvement Results
------------------------------------------
Original HPWL          1546591.0 u (  805503.6,   741087.4)
Final HPWL             1496586.2 u (  769063.6,   727522.6)
Delta HPWL                  -3.2 % (      -4.5,       -1.8)

Took 13 seconds: improve_placement -max_displacement "5 1"
optimize_mirroring
[INFO DPL-0020] Mirrored 4225 instances
[INFO DPL-0021] HPWL before          1496586.2 u
[INFO DPL-0022] HPWL after           1496202.4 u
[INFO DPL-0023] HPWL delta               -0.0 %
[INFO FLW-0012] Placement violations .
estimate_parasitics -placement
Report metrics stage 3, detailed place...

==========================================================================
detailed place report_design_area
--------------------------------------------------------------------------
Design area 153603 um^2 85% utilization.
write_db /work/results/nangate45/swerv/pipeline_80/3_5_place_dp.odb
Elapsed time: 0:38.34[h:]min:sec. CPU time: user 54.28 sys 6.98 (159%). Peak memory: 716548KB.
Log                       Ext     Elapsed/s Peak Memory/MB sha1sum result [0:20)
3_5_place_dp              .odb           38            699 585ed20e5a523195c481
cp /work/results/nangate45/swerv/pipeline_80/3_5_place_dp.odb /work/results/nangate45/swerv/pipeline_80/3_place.odb
/OpenROAD-flow-scripts/flow/scripts/flow.sh 4_1_cts cts
Running cts.tcl, stage 4_1_cts
read_liberty /OpenROAD-flow-scripts/flow/platforms/nangate45/lib/NangateOpenCellLibrary_typical.lib
read_db -hier /work/results/nangate45/swerv/pipeline_80/3_place.odb
[WARNING ORD-0012] Hierarchical flow (-hier) is currently in development and may cause multiple issues. Do not use in production environments.
read_sdc /work/results/nangate45/swerv/pipeline_80/3_place.sdc
source /OpenROAD-flow-scripts/flow/platforms/nangate45/setRC.tcl
clock_tree_synthesis -sink_clustering_enable -repair_clock_nets
[INFO CTS-0050] Root buffer is CLKBUF_X3.
[INFO CTS-0051] Sink buffer is CLKBUF_X3.
[INFO CTS-0052] The following clock buffers will be used for CTS:
                    CLKBUF_X3
[INFO CTS-0049] Characterization buffer is CLKBUF_X3.
[INFO CTS-0007] Net "clk" found for clock "core_clock".
[INFO CTS-0010]  Clock net "clk" has 11182 sinks.
[INFO CTS-0008] TritonCTS found 1 clock nets.
[INFO CTS-0097] Characterization used 1 buffer(s) types.
[INFO CTS-0201] 0 blockages from hard placement blockages and placed macros will be used.
[INFO CTS-0027] Generating H-Tree topology for net clk.
[INFO CTS-0028]  Total number of sinks: 11182.
[INFO CTS-0090]  Sinks will be clustered based on buffer max cap.
[INFO CTS-0030]  Number of static layers: 0.
[INFO CTS-0020]  Wire segment unit: 14000  dbu (7 um).
[INFO CTS-0206] Best clustering solution was found from max clustering size of 10 and max clustering diameter of 64.
[INFO CTS-0019]  Total number of sinks after clustering: 1508.
[INFO CTS-0024]  Normalized sink region: [(0.985357, 0.974), (61.1989, 61.1175)].
[INFO CTS-0025]     Width:  60.2136.
[INFO CTS-0026]     Height: 60.1435.
 Level 1
    Direction: Horizontal
    Sinks per sub-region: 754
    Sub-region size: 30.1068 X 60.1435
[INFO CTS-0034]     Segment length (rounded): 16.
 Level 2
    Direction: Vertical
    Sinks per sub-region: 377
    Sub-region size: 30.1068 X 30.0717
[INFO CTS-0034]     Segment length (rounded): 16.
 Level 3
    Direction: Horizontal
    Sinks per sub-region: 189
    Sub-region size: 15.0534 X 30.0717
[INFO CTS-0034]     Segment length (rounded): 8.
 Level 4
    Direction: Vertical
    Sinks per sub-region: 95
    Sub-region size: 15.0534 X 15.0359
[INFO CTS-0034]     Segment length (rounded): 8.
 Level 5
    Direction: Horizontal
    Sinks per sub-region: 48
    Sub-region size: 7.5267 X 15.0359
[INFO CTS-0034]     Segment length (rounded): 4.
 Level 6
    Direction: Vertical
    Sinks per sub-region: 24
    Sub-region size: 7.5267 X 7.5179
[INFO CTS-0034]     Segment length (rounded): 4.
 Level 7
    Direction: Horizontal
    Sinks per sub-region: 12
    Sub-region size: 3.7633 X 7.5179
[INFO CTS-0034]     Segment length (rounded): 2.
[INFO CTS-0032]  Stop criterion found. Max number of sinks is 15.
[INFO CTS-0035]  Number of sinks covered: 1508.
[INFO CTS-0018]     Created 1705 clock buffers.
[INFO CTS-0012]     Minimum number of buffers in the clock path: 5.
[INFO CTS-0013]     Maximum number of buffers in the clock path: 5.
[INFO CTS-0015]     Created 1705 clock nets.
[INFO CTS-0016]     Fanout distribution for the current clock = 2:1, 3:6, 4:9, 5:47, 6:185, 7:497, 8:613, 9:179, 10:22, 11:10, 12:13, 13:12, 14:11, 15:15, 16:7, 17:3, 18:4, 19:1, 20:1..
[INFO CTS-0017]     Max level of the clock tree: 7.
[INFO CTS-0098] Clock net "clk"
[INFO CTS-0099]  Sinks 12363
[INFO CTS-0100]  Leaf buffers 1508
[INFO CTS-0101]  Average sink wire length 745.72 um
[INFO CTS-0102]  Path depth 4 - 5
[INFO CTS-0207]  Dummy loads inserted 1181
estimate_parasitics -placement
detailed_placement
[INFO DPL-0006] Core area: 180297.73 um^2, Instances area: 156732.52 um^2, Utilization: 86.9%
[INFO DPL-0005] Diamond search max displacement: +/- 500 sites horizontally, +/- 100 rows vertically.
[INFO DPL-1101] Legalizing using diamond search.
Movements Summary
---------------------------------------
Total cells:                   86392
Diamond Move Success:          86392 (100.00%)
Diamond Move Failure:              0
Rip-up and replace Success:        0 (  0.00% of diamond failures)
Rip-up and replace Failure:        0
Total Placement Failures:          0
---------------------------------------
Placement Analysis
---------------------------------
total displacement      29971.4 u
average displacement        0.3 u
max displacement           44.5 u
original HPWL         1533239.0 u
legalized HPWL        1576089.1 u
delta HPWL                    3 %

estimate_parasitics -placement
repair_timing -setup_margin 0 -hold_margin 0 -repair_tns 100 -verbose
[INFO RSZ-0100] Repair move sequence: UnbufferMove SizeUpMove SwapPinsMove BufferMove CloneMove SplitLoadMove 
[INFO RSZ-0094] Found 1617 endpoints with setup violations.
[INFO RSZ-0099] Repairing 1617 out of 1617 (100.00%) violating endpoints...
   Iter   | Removed | Resized | Inserted | Cloned |  Pin  |   Area   |    WNS   |   StTNS    |   EnTNS    |  Viol  |  Worst  
          | Buffers |  Gates  | Buffers  |  Gates | Swaps |          |          |            |            | Endpts | St/EnPt 
------------------------------------------------------------------------------------------------------------------------------
       0* |       0 |       0 |        0 |      0 |     0 |    +0.0% |   -1.058 |     -290.4 |     -552.9 |   1617 | ic_tag_valid[3]
      10* |       0 |       9 |        0 |      0 |     0 |    +0.0% |   -1.033 |     -288.5 |     -552.7 |   1617 | ic_tag_valid[1]
      20* |       0 |      19 |        0 |      0 |     0 |    +0.0% |   -1.001 |     -287.2 |     -552.3 |   1617 | ic_tag_valid[1]
      30* |       0 |      27 |        0 |      0 |     2 |    +0.0% |   -0.981 |     -285.3 |     -552.1 |   1617 | ic_tag_valid[1]
      40* |       0 |      36 |        0 |      0 |     3 |    +0.0% |   -0.971 |     -283.7 |     -552.0 |   1617 | ic_tag_valid[1]
      50* |       0 |      44 |        0 |      0 |     5 |    +0.0% |   -0.955 |     -282.5 |     -551.8 |   1617 | ic_tag_valid[2]
      60* |       0 |      50 |        0 |      0 |     9 |    +0.0% |   -0.966 |     -283.0 |     -551.9 |   1617 | ic_tag_valid[2]
      70* |       0 |      54 |        0 |      0 |    15 |    +0.0% |   -1.011 |     -284.8 |     -552.0 |   1617 | ic_tag_valid[2]
      80* |       0 |      57 |        0 |      0 |    22 |    +0.0% |   -1.018 |     -285.1 |     -552.0 |   1617 | ic_tag_valid[2]
      90* |       0 |      63 |        0 |      0 |    26 |    +0.0% |   -0.998 |     -284.4 |     -552.0 |   1617 | ic_tag_valid[2]
     100* |       1 |      64 |        0 |      0 |    34 |    +0.0% |   -0.979 |     -283.8 |     -551.9 |   1617 | ic_tag_valid[2]
     101* |       0 |      45 |        0 |      0 |     5 |    +0.0% |   -0.954 |     -282.5 |     -551.8 |   1617 | ic_tag_valid[2]
     110* |       0 |      53 |        0 |      0 |     5 |    +0.0% |   -0.951 |     -282.3 |     -551.8 |   1617 | ic_tag_valid[3]
     120* |       1 |      62 |        0 |      0 |     5 |    +0.0% |   -0.957 |     -282.2 |     -551.8 |   1617 | ic_tag_valid[3]
     130* |       1 |      67 |        1 |      0 |     9 |    +0.0% |   -0.952 |     -282.3 |     -551.8 |   1617 | ic_tag_valid[3]
     140* |       1 |      73 |        3 |      0 |    11 |    +0.1% |   -0.950 |     -282.2 |     -551.8 |   1617 | ic_tag_valid[1]
     140* |       1 |      69 |        2 |      0 |    10 |    +0.0% |   -0.949 |     -282.2 |     -551.8 |   1617 | ic_tag_valid[3]
     150* |       1 |      74 |        2 |      0 |    14 |    +0.1% |   -0.952 |     -282.2 |     -551.8 |   1617 | ic_tag_valid[1]
     160* |       1 |      80 |        2 |      0 |    18 |    +0.1% |   -0.966 |     -283.2 |     -551.9 |   1617 | ic_tag_valid[1]
     170* |       1 |      84 |        2 |      0 |    24 |    +0.1% |   -0.991 |     -284.3 |     -551.9 |   1617 | ic_tag_valid[1]
     180* |       1 |      90 |        2 |      0 |    28 |    +0.1% |   -0.993 |     -284.2 |     -551.9 |   1617 | ic_tag_valid[1]
     190* |       1 |      97 |        2 |      0 |    31 |    +0.1% |   -0.980 |     -283.9 |     -551.9 |   1617 | ic_tag_valid[1]
     200* |       2 |     100 |        2 |      0 |    37 |    +0.1% |   -0.954 |     -282.8 |     -551.8 |   1617 | ic_tag_valid[1]
     203* |       1 |      76 |        2 |      0 |    15 |    +0.1% |   -0.948 |     -282.0 |     -551.8 |   1617 | ic_tag_valid[3]
     210* |       1 |      79 |        2 |      0 |    18 |    +0.1% |   -0.948 |     -281.8 |     -551.8 |   1617 | ic_tag_valid[3]
     220* |       1 |      83 |        2 |      0 |    24 |    +0.1% |   -0.948 |     -281.9 |     -551.8 |   1617 | ic_tag_valid[3]
     230* |       1 |      88 |        2 |      0 |    29 |    +0.1% |   -0.957 |     -282.0 |     -551.8 |   1617 | ic_tag_valid[0]
     240* |       1 |      92 |        2 |      0 |    35 |    +0.1% |   -0.961 |     -281.8 |     -551.8 |   1617 | ic_tag_valid[0]
     250* |       1 |      93 |        2 |      0 |    44 |    +0.1% |   -0.978 |     -282.5 |     -551.9 |   1617 | ic_tag_valid[0]
     255* |       1 |      77 |        2 |      0 |    15 |    +0.1% |   -0.948 |     -281.6 |     -551.8 |   1617 | ic_tag_valid[3]
     260* |       1 |      81 |        2 |      0 |    15 |    +0.1% |   -0.948 |     -280.5 |     -550.9 |   1617 | ic_tag_valid[3]
     270* |       1 |      89 |        4 |      0 |    16 |    +0.1% |   -0.948 |     -278.3 |     -548.6 |   1617 | ic_tag_valid[3]
     280* |       1 |      99 |        4 |      0 |    16 |    +0.1% |   -0.948 |     -276.3 |     -546.3 |   1617 | ic_tag_valid[3]
     290* |       1 |     109 |        4 |      0 |    16 |    +0.1% |   -0.948 |     -274.4 |     -521.3 |   1617 | ic_tag_valid[3]
     300* |       1 |     119 |        4 |      0 |    16 |    +0.1% |   -0.948 |     -272.9 |     -520.5 |   1617 | ic_tag_valid[3]
     310* |       1 |     129 |        4 |      0 |    16 |    +0.1% |   -0.948 |     -271.2 |     -519.9 |   1617 | ic_tag_valid[3]
     320* |       1 |     137 |        7 |      0 |    16 |    +0.1% |   -0.948 |     -269.5 |     -490.1 |   1617 | ic_tag_valid[3]
     330* |       1 |     145 |        9 |      0 |    16 |    +0.1% |   -0.948 |     -268.9 |     -490.0 |   1617 | ic_tag_valid[3]
     340* |       1 |     154 |       11 |      0 |    16 |    +0.1% |   -0.948 |     -268.8 |     -490.0 |   1617 | ic_tag_valid[3]
     350* |       1 |     163 |       13 |      0 |    16 |    +0.1% |   -0.948 |     -266.3 |     -489.9 |   1617 | ic_tag_valid[3]
     360* |       1 |     171 |       14 |      0 |    17 |    +0.1% |   -0.948 |     -265.3 |     -477.3 |   1617 | ic_tag_valid[3]
     370* |       1 |     180 |       15 |      0 |    17 |    +0.1% |   -0.948 |     -264.0 |     -475.5 |   1617 | ic_tag_valid[3]
     380* |       1 |     186 |       18 |      0 |    19 |    +0.1% |   -0.948 |     -263.1 |     -483.3 |   1617 | ic_tag_valid[3]
     390* |       1 |     194 |       18 |      0 |    21 |    +0.1% |   -0.948 |     -263.0 |     -472.9 |   1617 | ic_tag_valid[3]
     400* |       1 |     196 |       23 |      0 |    25 |    +0.1% |   -0.948 |     -262.4 |     -472.8 |   1617 | ic_tag_valid[3]
     410* |       1 |     205 |       24 |      0 |    25 |    +0.1% |   -0.948 |     -261.6 |     -472.7 |   1617 | ic_tag_valid[3]
     420* |       1 |     211 |       28 |      0 |    25 |    +0.1% |   -0.948 |     -261.4 |     -472.7 |   1617 | ic_tag_valid[3]
     430* |       1 |     216 |       31 |      0 |    27 |    +0.1% |   -0.948 |     -261.4 |     -472.7 |   1617 | ic_tag_valid[3]
     440* |       1 |     224 |       31 |      0 |    29 |    +0.2% |   -0.948 |     -259.7 |     -472.6 |   1617 | ic_tag_valid[3]
     450* |       1 |     228 |       34 |      0 |    32 |    +0.2% |   -0.948 |     -259.8 |     -474.8 |   1617 | ic_tag_valid[3]
     460* |       1 |     236 |       35 |      0 |    33 |    +0.2% |   -0.948 |     -256.0 |     -474.8 |   1617 | ic_tag_valid[3]
     470* |       1 |     242 |       37 |      0 |    35 |    +0.2% |   -0.948 |     -256.0 |     -474.2 |   1617 | ic_tag_valid[3]
     480* |       1 |     247 |       40 |      0 |    37 |    +0.2% |   -0.948 |     -256.1 |     -474.5 |   1617 | ic_tag_valid[3]
     490* |       1 |     251 |       44 |      0 |    40 |    +0.2% |   -0.948 |     -255.2 |     -477.0 |   1617 | ic_tag_valid[3]
     500* |       1 |     259 |       45 |      0 |    41 |    +0.2% |   -0.948 |     -254.3 |     -481.3 |   1617 | ic_tag_valid[3]
     508* |       1 |     236 |       35 |      0 |    33 |    +0.2% |   -0.948 |     -256.0 |     -474.8 |   1617 | ic_tag_valid[3]
     510* |       1 |     237 |       35 |      0 |    33 |    +0.2% |   -0.948 |     -254.7 |     -474.7 |   1617 | ic_tag_valid[3]
     520* |       1 |     247 |       35 |      0 |    33 |    +0.2% |   -0.948 |     -247.7 |     -391.6 |   1617 | ic_tag_valid[3]
     530* |       1 |     256 |       35 |      0 |    34 |    +0.2% |   -0.948 |     -246.3 |     -366.2 |   1617 | ic_tag_valid[3]
     540* |       1 |     258 |       39 |      0 |    38 |    +0.2% |   -0.948 |     -246.0 |     -383.0 |   1617 | ic_tag_valid[3]
     550* |       1 |     260 |       43 |      0 |    42 |    +0.2% |   -0.948 |     -245.7 |     -343.7 |   1617 | ic_tag_valid[3]
     560* |       1 |     262 |       47 |      0 |    47 |    +0.2% |   -0.948 |     -245.2 |     -343.7 |   1617 | ic_tag_valid[3]
     570* |       1 |     266 |       50 |      0 |    50 |    +0.2% |   -0.948 |     -245.3 |     -390.1 |   1617 | ic_tag_valid[3]
     580* |       1 |     272 |       51 |      0 |    53 |    +0.2% |   -0.948 |     -245.4 |     -380.0 |   1617 | ic_tag_valid[3]
     590* |       1 |     282 |       51 |      0 |    53 |    +0.2% |   -0.948 |     -245.2 |     -372.5 |   1617 | ic_tag_valid[3]
     600* |       1 |     286 |       53 |      0 |    57 |    +0.2% |   -0.948 |     -245.2 |     -390.8 |   1617 | ic_tag_valid[3]
     610* |       2 |     291 |       57 |      0 |    58 |    +0.2% |   -0.948 |     -245.3 |     -387.2 |   1617 | ic_tag_valid[3]
     614* |       1 |     264 |       48 |      0 |    48 |    +0.2% |   -0.948 |     -245.2 |     -339.4 |   1617 | ic_tag_valid[3]
     620* |       1 |     268 |       50 |      0 |    48 |    +0.2% |   -0.948 |     -246.3 |     -339.4 |   1617 | ic_tag_valid[3]
     630* |       1 |     270 |       54 |      0 |    52 |    +0.2% |   -0.948 |     -246.0 |     -340.0 |   1617 | ic_tag_valid[3]
     640* |       1 |     278 |       55 |      0 |    53 |    +0.2% |   -0.948 |     -246.0 |     -339.4 |   1617 | ic_tag_valid[3]
     650* |       1 |     287 |       56 |      0 |    53 |    +0.2% |   -0.948 |     -245.9 |     -341.9 |   1617 | ic_tag_valid[3]
     660* |       1 |     295 |       56 |      1 |    54 |    +0.2% |   -0.948 |     -245.4 |     -341.9 |   1617 | ic_tag_valid[3]
     670* |       1 |     300 |       61 |      1 |    54 |    +0.2% |   -0.948 |     -245.3 |     -342.0 |   1617 | ic_tag_valid[3]
     673* |       1 |     268 |       51 |      0 |    50 |    +0.2% |   -0.948 |     -246.1 |     -339.4 |   1617 | ic_tag_valid[3]
     680* |       1 |     272 |       53 |      0 |    50 |    +0.2% |   -0.948 |     -245.4 |     -376.6 |   1617 | ic_tag_valid[3]
     690* |       1 |     279 |       56 |      0 |    50 |    +0.2% |   -0.948 |     -245.3 |     -387.1 |   1617 | ic_tag_valid[3]
     700* |       1 |     289 |       56 |      0 |    50 |    +0.2% |   -0.948 |     -245.4 |     -380.3 |   1617 | ic_tag_valid[3]
     710* |       2 |     293 |       57 |      0 |    54 |    +0.2% |   -0.948 |     -245.4 |     -388.4 |   1617 | ic_tag_valid[3]
     720* |       2 |     300 |       60 |      0 |    54 |    +0.2% |   -0.948 |     -245.4 |     -383.8 |   1617 | ic_tag_valid[3]
     726* |       1 |     270 |       51 |      0 |    50 |    +0.2% |   -0.948 |     -245.5 |     -338.3 |   1617 | ic_tag_valid[3]
     730* |       1 |     272 |       52 |      0 |    50 |    +0.2% |   -0.948 |     -245.4 |     -358.2 |   1617 | ic_tag_valid[3]
     740* |       1 |     279 |       55 |      0 |    50 |    +0.2% |   -0.948 |     -245.3 |     -367.9 |   1617 | ic_tag_valid[3]
     750* |       1 |     288 |       56 |      0 |    50 |    +0.2% |   -0.948 |     -245.4 |     -381.8 |   1617 | ic_tag_valid[3]
     760* |       2 |     295 |       58 |      0 |    50 |    +0.2% |   -0.948 |     -245.4 |     -384.1 |   1617 | ic_tag_valid[3]
     770* |       2 |     302 |       63 |      0 |    50 |    +0.2% |   -0.948 |     -245.4 |     -381.5 |   1617 | ic_tag_valid[3]
     772* |       1 |     271 |       51 |      0 |    50 |    +0.2% |   -0.948 |     -245.5 |     -338.3 |   1617 | ic_tag_valid[3]
     780* |       1 |     274 |       55 |      0 |    50 |    +0.2% |   -0.948 |     -245.7 |     -376.2 |   1617 | ic_tag_valid[3]
     790* |       1 |     283 |       56 |      0 |    50 |    +0.2% |   -0.948 |     -245.4 |     -386.2 |   1617 | ic_tag_valid[3]
     800* |       1 |     293 |       56 |      0 |    50 |    +0.2% |   -0.948 |     -245.4 |     -380.5 |   1617 | ic_tag_valid[3]
     810* |       2 |     298 |       60 |      0 |    50 |    +0.2% |   -0.948 |     -245.4 |     -384.2 |   1617 | ic_tag_valid[3]
     818* |       1 |     272 |       51 |      0 |    50 |    +0.2% |   -0.948 |     -245.6 |     -338.3 |   1617 | ic_tag_valid[3]
     820* |       1 |     273 |       51 |      0 |    50 |    +0.2% |   -0.948 |     -245.6 |     -338.3 |   1617 | ic_tag_valid[3]
     830* |       1 |     280 |       53 |      0 |    51 |    +0.2% |   -0.948 |     -245.6 |     -376.9 |   1617 | ic_tag_valid[3]
     840* |       1 |     288 |       55 |      0 |    51 |    +0.2% |   -0.948 |     -245.6 |     -367.3 |   1617 | ic_tag_valid[3]
     850* |       1 |     296 |       57 |      0 |    51 |    +0.2% |   -0.948 |     -245.5 |     -382.4 |   1617 | ic_tag_valid[3]
     860* |       2 |     304 |       58 |      0 |    51 |    +0.2% |   -0.948 |     -245.5 |     -385.2 |   1617 | ic_tag_valid[3]
     870* |       2 |     310 |       63 |      0 |    51 |    +0.2% |   -0.948 |     -245.6 |     -382.1 |   1617 | ic_tag_valid[3]
     872* |       1 |     277 |       51 |      0 |    51 |    +0.2% |   -0.948 |     -245.6 |     -338.0 |   1617 | ic_tag_valid[3]
     880* |       1 |     282 |       52 |      0 |    52 |    +0.2% |   -0.948 |     -245.6 |     -355.0 |   1617 | ic_tag_valid[3]
     890* |       1 |     289 |       55 |      0 |    52 |    +0.2% |   -0.948 |     -245.5 |     -387.3 |   1617 | ic_tag_valid[3]
     900* |       1 |     298 |       56 |      0 |    52 |    +0.2% |   -0.948 |     -245.5 |     -380.8 |   1617 | ic_tag_valid[3]
     910* |       2 |     306 |       57 |      0 |    52 |    +0.2% |   -0.948 |     -245.5 |     -386.5 |   1617 | ic_tag_valid[3]
     920* |       2 |     312 |       62 |      0 |    52 |    +0.2% |   -0.948 |     -245.6 |     -382.1 |   1617 | ic_tag_valid[3]
     924* |       1 |     279 |       51 |      0 |    51 |    +0.2% |   -0.948 |     -245.6 |     -338.0 |   1617 | ic_tag_valid[3]
     930* |       1 |     284 |       51 |      0 |    51 |    +0.2% |   -0.948 |     -245.4 |     -338.5 |   1617 | ic_tag_valid[3]
     940* |       1 |     289 |       55 |      1 |    51 |    +0.2% |   -0.948 |     -245.4 |     -376.9 |   1617 | ic_tag_valid[3]
     950* |       1 |     298 |       56 |      1 |    51 |    +0.2% |   -0.948 |     -245.4 |     -366.5 |   1617 | ic_tag_valid[3]
     960* |       1 |     306 |       58 |      1 |    51 |    +0.2% |   -0.948 |     -245.4 |     -380.3 |   1617 | ic_tag_valid[3]
     970* |       2 |     314 |       59 |      1 |    51 |    +0.2% |   -0.948 |     -245.4 |     -387.0 |   1617 | ic_tag_valid[3]
     980* |       2 |     321 |       62 |      1 |    51 |    +0.2% |   -0.948 |     -245.4 |     -387.4 |   1617 | ic_tag_valid[3]
     983* |       1 |     286 |       52 |      0 |    51 |    +0.2% |   -0.948 |     -245.4 |     -338.7 |   1617 | ic_tag_valid[3]
     990* |       1 |     290 |       53 |      1 |    51 |    +0.2% |   -0.948 |     -245.4 |     -359.2 |   1617 | ic_tag_valid[3]
    1000* |       1 |     298 |       55 |      1 |    51 |    +0.2% |   -0.948 |     -245.4 |     -366.2 |   1617 | ic_tag_valid[3]
    1010* |       1 |     306 |       57 |      1 |    51 |    +0.2% |   -0.948 |     -245.4 |     -379.7 |   1617 | ic_tag_valid[3]
    1020* |       1 |     315 |       58 |      1 |    51 |    +0.2% |   -0.948 |     -245.4 |     -377.0 |   1617 | ic_tag_valid[3]
    1030* |       2 |     320 |       62 |      1 |    51 |    +0.2% |   -0.948 |     -245.4 |     -386.6 |   1617 | ic_tag_valid[3]
    1037* |       1 |     290 |       52 |      1 |    51 |    +0.2% |   -0.948 |     -245.4 |     -338.7 |   1617 | ic_tag_valid[3]
    1040* |       1 |     291 |       53 |      1 |    51 |    +0.2% |   -0.948 |     -245.4 |     -359.2 |   1617 | ic_tag_valid[3]
    1050* |       1 |     299 |       55 |      1 |    51 |    +0.2% |   -0.948 |     -245.4 |     -366.2 |   1617 | ic_tag_valid[3]
    1060* |       1 |     307 |       57 |      1 |    51 |    +0.2% |   -0.948 |     -245.4 |     -379.7 |   1617 | ic_tag_valid[3]
    1070* |       1 |     316 |       58 |      1 |    51 |    +0.2% |   -0.948 |     -245.4 |     -377.0 |   1617 | ic_tag_valid[3]
    1080* |       2 |     322 |       61 |      1 |    51 |    +0.2% |   -0.948 |     -245.4 |     -387.3 |   1617 | ic_tag_valid[3]
    1088* |       1 |     291 |       52 |      1 |    51 |    +0.2% |   -0.948 |     -245.4 |     -338.6 |   1617 | ic_tag_valid[3]
    1090* |       1 |     292 |       52 |      1 |    51 |    +0.2% |   -0.948 |     -245.4 |     -338.6 |   1617 | ic_tag_valid[3]
    1100* |       1 |     299 |       55 |      1 |    51 |    +0.2% |   -0.948 |     -245.4 |     -366.6 |   1617 | ic_tag_valid[3]
    1100* |       1 |     292 |       52 |      1 |    51 |    +0.2% |   -0.948 |     -245.4 |     -338.6 |   1617 | ic_tag_valid[3]
    1110* |       1 |     298 |       55 |      1 |    51 |    +0.2% |   -0.948 |     -245.4 |     -367.9 |   1617 | ic_tag_valid[3]
    1120* |       1 |     306 |       57 |      1 |    51 |    +0.2% |   -0.948 |     -245.4 |     -384.9 |   1617 | ic_tag_valid[3]
    1130* |       1 |     315 |       58 |      1 |    51 |    +0.2% |   -0.948 |     -245.4 |     -382.5 |   1617 | ic_tag_valid[3]
    1140* |       2 |     322 |       60 |      1 |    51 |    +0.2% |   -0.948 |     -245.4 |     -387.6 |   1617 | ic_tag_valid[3]
    1150* |       2 |     328 |       64 |      1 |    51 |    +0.2% |   -0.948 |     -245.4 |     -383.8 |   1617 | ic_tag_valid[3]
    1151* |       1 |     293 |       52 |      1 |    51 |    +0.2% |   -0.948 |     -245.4 |     -338.6 |   1617 | ic_tag_valid[3]
    1160* |       1 |     298 |       55 |      1 |    51 |    +0.2% |   -0.948 |     -245.3 |     -370.1 |   1617 | ic_tag_valid[3]
    1170* |       1 |     306 |       57 |      1 |    51 |    +0.2% |   -0.948 |     -245.4 |     -385.7 |   1617 | ic_tag_valid[3]
    1180* |       1 |     315 |       58 |      1 |    51 |    +0.2% |   -0.948 |     -245.4 |     -382.7 |   1617 | ic_tag_valid[3]
    1190* |       2 |     323 |       59 |      1 |    51 |    +0.2% |   -0.948 |     -245.4 |     -388.7 |   1617 | ic_tag_valid[3]
    1200* |       2 |     329 |       63 |      1 |    51 |    +0.2% |   -0.948 |     -245.4 |     -383.8 |   1617 | ic_tag_valid[3]
    1200* |       1 |     294 |       52 |      1 |    51 |    +0.2% |   -0.948 |     -245.4 |     -338.6 |   1617 | ic_tag_valid[3]
    1200* |       1 |     294 |       52 |      1 |    51 |    +0.2% |   -0.948 |     -245.4 |     -338.6 |   1617 | ic_tag_valid[3]
    1200+ |       1 |     294 |       52 |      1 |    51 |    +0.2% |   -0.948 |     -245.4 |     -338.6 |   1561 | ic_tag_valid[3]
    1202+ |       1 |     294 |       52 |      1 |    52 |    +0.2% |   -0.946 |     -245.2 |     -338.6 |   1561 | ic_tag_valid[2]
    1203+ |       1 |     294 |       52 |      1 |    52 |    +0.2% |   -0.946 |     -245.2 |     -338.6 |   1561 | ic_tag_valid[2]
    1204+ |       1 |     294 |       52 |      1 |    52 |    +0.2% |   -0.946 |     -245.2 |     -338.6 |   1561 | ic_tag_valid[2]
    1205+ |       1 |     294 |       52 |      1 |    52 |    +0.2% |   -0.946 |     -245.2 |     -338.6 |   1561 | ic_tag_valid[2]
    1210+ |       1 |     298 |       52 |      1 |    52 |    +0.2% |   -0.946 |     -240.3 |     -336.8 |   1561 | ic_tag_valid[2]
    1213+ |       1 |     301 |       52 |      1 |    52 |    +0.2% |   -0.946 |     -232.7 |     -336.0 |   1561 | ic_tag_valid[2]
    1214+ |       1 |     301 |       52 |      1 |    52 |    +0.2% |   -0.946 |     -232.7 |     -336.0 |   1561 | ic_tag_valid[2]
    1215+ |       1 |     301 |       52 |      1 |    52 |    +0.2% |   -0.946 |     -232.7 |     -336.0 |   1561 | ic_tag_valid[2]
    1216+ |       1 |     301 |       52 |      1 |    52 |    +0.2% |   -0.946 |     -232.7 |     -336.0 |   1561 | ic_tag_valid[2]
    1217+ |       1 |     301 |       52 |      1 |    52 |    +0.2% |   -0.946 |     -232.7 |     -336.0 |   1561 | ic_tag_valid[2]
    1218+ |       1 |     301 |       52 |      1 |    52 |    +0.2% |   -0.946 |     -232.7 |     -336.0 |   1561 | ic_tag_valid[2]
    1219+ |       1 |     301 |       52 |      1 |    52 |    +0.2% |   -0.946 |     -232.7 |     -336.0 |   1561 | ic_tag_valid[2]
    1220+ |       1 |     301 |       52 |      1 |    52 |    +0.2% |   -0.946 |     -232.7 |     -336.0 |   1561 | ic_tag_valid[2]
    1220+ |       1 |     301 |       52 |      1 |    52 |    +0.2% |   -0.946 |     -232.7 |     -336.0 |   1561 | ic_tag_valid[2]
    1221+ |       1 |     301 |       52 |      1 |    52 |    +0.2% |   -0.946 |     -232.7 |     -336.0 |   1561 | ic_tag_valid[2]
    1222+ |       1 |     301 |       52 |      1 |    52 |    +0.2% |   -0.946 |     -232.7 |     -336.0 |   1561 | ic_tag_valid[2]
    1228+ |       1 |     306 |       52 |      1 |    52 |    +0.2% |   -0.946 |     -230.5 |     -335.2 |   1561 | ic_tag_valid[2]
    1229+ |       1 |     306 |       52 |      1 |    52 |    +0.2% |   -0.946 |     -230.5 |     -335.2 |   1561 | ic_tag_valid[2]
    1230+ |       1 |     306 |       52 |      1 |    52 |    +0.2% |   -0.946 |     -230.5 |     -335.2 |   1561 | ic_tag_valid[2]
    1239+ |       1 |     315 |       52 |      1 |    52 |    +0.2% |   -0.946 |     -222.5 |     -334.1 |   1561 | ic_tag_valid[2]
    1240+ |       1 |     315 |       52 |      1 |    52 |    +0.2% |   -0.946 |     -222.5 |     -334.1 |   1561 | ic_tag_valid[2]
    1246+ |       1 |     321 |       52 |      1 |    52 |    +0.2% |   -0.946 |     -222.7 |     -333.7 |   1561 | ic_tag_valid[2]
    1250+ |       1 |     324 |       52 |      1 |    52 |    +0.2% |   -0.946 |     -222.5 |     -333.6 |   1561 | ic_tag_valid[2]
    1250+ |       1 |     324 |       52 |      1 |    52 |    +0.2% |   -0.946 |     -222.5 |     -333.6 |   1561 | ic_tag_valid[2]
    1251+ |       1 |     324 |       52 |      1 |    52 |    +0.2% |   -0.946 |     -222.5 |     -333.6 |   1561 | ic_tag_valid[2]
    1252+ |       1 |     324 |       52 |      1 |    52 |    +0.2% |   -0.946 |     -222.5 |     -333.6 |   1561 | ic_tag_valid[2]
    1254+ |       1 |     325 |       52 |      1 |    52 |    +0.2% |   -0.946 |     -222.5 |     -333.6 |   1561 | ic_tag_valid[2]
    1258+ |       1 |     328 |       52 |      1 |    52 |    +0.2% |   -0.946 |     -222.5 |     -333.5 |   1561 | ic_tag_valid[2]
    1259+ |       1 |     328 |       52 |      1 |    52 |    +0.2% |   -0.946 |     -222.5 |     -333.5 |   1561 | ic_tag_valid[2]
    1260+ |       1 |     328 |       52 |      1 |    52 |    +0.2% |   -0.946 |     -222.5 |     -333.5 |   1561 | ic_tag_valid[2]
    1260+ |       1 |     328 |       52 |      1 |    52 |    +0.2% |   -0.946 |     -222.5 |     -333.5 |   1561 | ic_tag_valid[2]
    1261+ |       1 |     328 |       52 |      1 |    52 |    +0.2% |   -0.946 |     -222.5 |     -333.5 |   1561 | ic_tag_valid[2]
    1262+ |       1 |     328 |       52 |      1 |    52 |    +0.2% |   -0.946 |     -222.5 |     -333.5 |   1561 | ic_tag_valid[2]
    1263+ |       1 |     328 |       52 |      1 |    52 |    +0.2% |   -0.946 |     -222.5 |     -333.5 |   1561 | ic_tag_valid[2]
    1264+ |       1 |     328 |       52 |      1 |    52 |    +0.2% |   -0.946 |     -222.5 |     -333.5 |   1561 | ic_tag_valid[2]
    1266+ |       1 |     329 |       52 |      1 |    52 |    +0.2% |   -0.946 |     -222.5 |     -333.2 |   1561 | ic_tag_valid[2]
    1267+ |       1 |     329 |       52 |      1 |    52 |    +0.2% |   -0.946 |     -222.5 |     -333.2 |   1561 | ic_tag_valid[2]
    1270+ |       1 |     331 |       52 |      1 |    52 |    +0.2% |   -0.946 |     -222.4 |     -331.5 |   1561 | ic_tag_valid[2]
    1270+ |       1 |     331 |       52 |      1 |    52 |    +0.2% |   -0.946 |     -222.4 |     -331.5 |   1561 | ic_tag_valid[2]
    1272+ |       1 |     332 |       52 |      1 |    52 |    +0.2% |   -0.946 |     -222.4 |     -331.5 |   1561 | ic_tag_valid[2]
    1275+ |       1 |     334 |       52 |      1 |    52 |    +0.2% |   -0.946 |     -222.4 |     -329.5 |   1561 | ic_tag_valid[2]
    1276+ |       1 |     334 |       52 |      1 |    52 |    +0.2% |   -0.946 |     -222.4 |     -329.5 |   1561 | ic_tag_valid[2]
    1279+ |       1 |     336 |       52 |      1 |    52 |    +0.2% |   -0.946 |     -222.4 |     -329.5 |   1561 | ic_tag_valid[2]
    1280+ |       1 |     336 |       52 |      1 |    52 |    +0.2% |   -0.946 |     -222.4 |     -329.5 |   1561 | ic_tag_valid[2]
    1280+ |       1 |     336 |       52 |      1 |    52 |    +0.2% |   -0.946 |     -222.4 |     -329.5 |   1561 | ic_tag_valid[2]
    1281+ |       1 |     336 |       52 |      1 |    52 |    +0.2% |   -0.946 |     -222.4 |     -329.5 |   1561 | ic_tag_valid[2]
    1283+ |       1 |     337 |       52 |      1 |    52 |    +0.2% |   -0.946 |     -222.4 |     -329.4 |   1561 | ic_tag_valid[2]
    1284+ |       1 |     337 |       52 |      1 |    52 |    +0.2% |   -0.946 |     -222.4 |     -329.4 |   1561 | ic_tag_valid[2]
    1285+ |       1 |     337 |       52 |      1 |    52 |    +0.2% |   -0.946 |     -222.4 |     -329.4 |   1561 | ic_tag_valid[2]
    1286+ |       1 |     337 |       52 |      1 |    52 |    +0.2% |   -0.946 |     -222.4 |     -329.4 |   1561 | ic_tag_valid[2]
    1287+ |       1 |     337 |       52 |      1 |    52 |    +0.2% |   -0.946 |     -222.4 |     -329.4 |   1561 | ic_tag_valid[2]
    1288+ |       1 |     337 |       52 |      1 |    52 |    +0.2% |   -0.946 |     -222.4 |     -329.4 |   1561 | ic_tag_valid[2]
    1289+ |       1 |     337 |       52 |      1 |    52 |    +0.2% |   -0.946 |     -222.4 |     -329.4 |   1561 | ic_tag_valid[2]
    1290+ |       1 |     337 |       52 |      1 |    52 |    +0.2% |   -0.946 |     -222.4 |     -329.4 |   1561 | ic_tag_valid[2]
    1290+ |       1 |     337 |       52 |      1 |    52 |    +0.2% |   -0.946 |     -222.4 |     -329.4 |   1561 | ic_tag_valid[2]
    1291+ |       1 |     337 |       52 |      1 |    52 |    +0.2% |   -0.946 |     -222.4 |     -329.4 |   1561 | ic_tag_valid[2]
    1292+ |       1 |     337 |       52 |      1 |    52 |    +0.2% |   -0.946 |     -222.4 |     -329.4 |   1561 | ic_tag_valid[2]
    1293+ |       1 |     337 |       52 |      1 |    52 |    +0.2% |   -0.946 |     -222.4 |     -329.4 |   1561 | ic_tag_valid[2]
    1294+ |       1 |     337 |       52 |      1 |    52 |    +0.2% |   -0.946 |     -222.4 |     -329.4 |   1561 | ic_tag_valid[2]
    1297+ |       1 |     339 |       52 |      1 |    52 |    +0.2% |   -0.946 |     -222.4 |     -329.4 |   1561 | ic_tag_valid[2]
    1299+ |       1 |     340 |       52 |      1 |    52 |    +0.2% |   -0.946 |     -222.4 |     -329.3 |   1561 | ic_tag_valid[2]
    1300+ |       1 |     340 |       52 |      1 |    52 |    +0.2% |   -0.946 |     -222.4 |     -329.3 |   1561 | ic_tag_valid[2]
    1301+ |       1 |     340 |       52 |      1 |    52 |    +0.2% |   -0.946 |     -222.4 |     -329.3 |   1561 | ic_tag_valid[2]
    1302+ |       1 |     340 |       52 |      1 |    52 |    +0.2% |   -0.946 |     -222.4 |     -329.3 |   1561 | ic_tag_valid[2]
    1309+ |       1 |     346 |       52 |      1 |    52 |    +0.2% |   -0.946 |     -222.4 |     -326.1 |   1561 | ic_tag_valid[2]
    1310+ |       1 |     346 |       52 |      1 |    52 |    +0.2% |   -0.946 |     -222.4 |     -326.1 |   1561 | ic_tag_valid[2]
    1310+ |       1 |     346 |       52 |      1 |    52 |    +0.2% |   -0.946 |     -222.4 |     -326.1 |   1561 | ic_tag_valid[2]
    1311+ |       1 |     346 |       52 |      1 |    52 |    +0.2% |   -0.946 |     -222.4 |     -326.1 |   1561 | ic_tag_valid[2]
    1312+ |       1 |     346 |       52 |      1 |    52 |    +0.2% |   -0.946 |     -222.4 |     -326.1 |   1561 | ic_tag_valid[2]
    1313+ |       1 |     346 |       52 |      1 |    52 |    +0.2% |   -0.946 |     -222.4 |     -326.1 |   1561 | ic_tag_valid[2]
    1317+ |       1 |     349 |       52 |      1 |    52 |    +0.2% |   -0.946 |     -222.4 |     -326.0 |   1561 | ic_tag_valid[2]
    1318+ |       1 |     349 |       52 |      1 |    52 |    +0.2% |   -0.946 |     -222.4 |     -326.0 |   1561 | ic_tag_valid[2]
    1319+ |       1 |     349 |       52 |      1 |    52 |    +0.2% |   -0.946 |     -222.4 |     -326.0 |   1561 | ic_tag_valid[2]
    1320+ |       1 |     349 |       52 |      1 |    52 |    +0.2% |   -0.946 |     -222.4 |     -326.0 |   1561 | ic_tag_valid[2]
    1320+ |       1 |     349 |       52 |      1 |    52 |    +0.2% |   -0.946 |     -222.4 |     -326.0 |   1561 | ic_tag_valid[2]
    1321+ |       1 |     349 |       52 |      1 |    52 |    +0.2% |   -0.946 |     -222.4 |     -326.0 |   1561 | ic_tag_valid[2]
    1323+ |       1 |     350 |       52 |      1 |    52 |    +0.2% |   -0.946 |     -222.4 |     -326.0 |   1561 | ic_tag_valid[2]
    1324+ |       1 |     350 |       52 |      1 |    52 |    +0.2% |   -0.946 |     -222.4 |     -326.0 |   1561 | ic_tag_valid[2]
    1326+ |       1 |     351 |       52 |      1 |    52 |    +0.2% |   -0.946 |     -222.4 |     -326.0 |   1561 | ic_tag_valid[2]
    1327+ |       1 |     351 |       52 |      1 |    52 |    +0.2% |   -0.946 |     -222.4 |     -326.0 |   1561 | ic_tag_valid[2]
    1328+ |       1 |     351 |       52 |      1 |    52 |    +0.2% |   -0.946 |     -222.4 |     -326.0 |   1561 | ic_tag_valid[2]
    1329+ |       1 |     351 |       52 |      1 |    52 |    +0.2% |   -0.946 |     -222.4 |     -326.0 |   1561 | ic_tag_valid[2]
    1330+ |       1 |     351 |       52 |      1 |    52 |    +0.2% |   -0.946 |     -222.4 |     -326.0 |   1561 | ic_tag_valid[2]
    1330+ |       1 |     351 |       52 |      1 |    52 |    +0.2% |   -0.946 |     -222.4 |     -326.0 |   1561 | ic_tag_valid[2]
    1331+ |       1 |     351 |       52 |      1 |    52 |    +0.2% |   -0.946 |     -222.4 |     -326.0 |   1561 | ic_tag_valid[2]
    1332+ |       1 |     351 |       52 |      1 |    52 |    +0.2% |   -0.946 |     -222.4 |     -326.0 |   1561 | ic_tag_valid[2]
    1333+ |       1 |     351 |       52 |      1 |    52 |    +0.2% |   -0.946 |     -222.4 |     -326.0 |   1561 | ic_tag_valid[2]
    1334+ |       1 |     351 |       52 |      1 |    52 |    +0.2% |   -0.946 |     -222.4 |     -326.0 |   1561 | ic_tag_valid[2]
    1335+ |       1 |     351 |       52 |      1 |    52 |    +0.2% |   -0.946 |     -222.4 |     -326.0 |   1561 | ic_tag_valid[2]
    1338+ |       1 |     353 |       52 |      1 |    52 |    +0.2% |   -0.946 |     -222.4 |     -322.8 |   1561 | ic_tag_valid[2]
    1339+ |       1 |     353 |       52 |      1 |    52 |    +0.2% |   -0.946 |     -222.4 |     -322.8 |   1561 | ic_tag_valid[2]
    1340+ |       1 |     353 |       52 |      1 |    52 |    +0.2% |   -0.946 |     -222.4 |     -322.8 |   1561 | ic_tag_valid[2]
    1341+ |       1 |     354 |       52 |      1 |    52 |    +0.2% |   -0.946 |     -222.4 |     -322.3 |   1561 | ic_tag_valid[2]
    1342+ |       1 |     354 |       52 |      1 |    52 |    +0.2% |   -0.946 |     -222.4 |     -322.3 |   1561 | ic_tag_valid[2]
    1350+ |       1 |     360 |       52 |      1 |    53 |    +0.2% |   -0.946 |     -222.4 |     -320.1 |   1561 | ic_tag_valid[2]
    1352+ |       1 |     362 |       52 |      1 |    53 |    +0.2% |   -0.946 |     -222.4 |     -314.3 |   1561 | ic_tag_valid[2]
    1353+ |       1 |     362 |       52 |      1 |    53 |    +0.2% |   -0.946 |     -222.4 |     -314.3 |   1561 | ic_tag_valid[2]
    1354+ |       1 |     362 |       52 |      1 |    53 |    +0.2% |   -0.946 |     -222.4 |     -314.3 |   1561 | ic_tag_valid[2]
    1355+ |       1 |     362 |       52 |      1 |    53 |    +0.2% |   -0.946 |     -222.4 |     -314.3 |   1561 | ic_tag_valid[2]
    1358+ |       1 |     364 |       52 |      1 |    53 |    +0.2% |   -0.946 |     -222.4 |     -313.7 |   1561 | ic_tag_valid[2]
    1360+ |       1 |     365 |       52 |      1 |    53 |    +0.2% |   -0.946 |     -222.4 |     -313.6 |   1561 | ic_tag_valid[2]
    1365+ |       1 |     370 |       52 |      1 |    53 |    +0.2% |   -0.946 |     -222.4 |     -306.8 |   1561 | ic_tag_valid[2]
    1366+ |       1 |     370 |       52 |      1 |    53 |    +0.2% |   -0.946 |     -222.4 |     -306.8 |   1561 | ic_tag_valid[2]
    1367+ |       1 |     370 |       52 |      1 |    53 |    +0.2% |   -0.946 |     -222.4 |     -306.8 |   1561 | ic_tag_valid[2]
    1368+ |       1 |     370 |       52 |      1 |    53 |    +0.2% |   -0.946 |     -222.4 |     -306.8 |   1561 | ic_tag_valid[2]
    1370+ |       1 |     371 |       52 |      1 |    53 |    +0.2% |   -0.946 |     -222.4 |     -306.8 |   1561 | ic_tag_valid[2]
    1370+ |       1 |     371 |       52 |      1 |    53 |    +0.2% |   -0.946 |     -222.4 |     -306.8 |   1561 | ic_tag_valid[2]
    1371+ |       1 |     371 |       52 |      1 |    53 |    +0.2% |   -0.946 |     -222.4 |     -306.8 |   1561 | ic_tag_valid[2]
    1372+ |       1 |     371 |       52 |      1 |    53 |    +0.2% |   -0.946 |     -222.4 |     -306.8 |   1561 | ic_tag_valid[2]
    1373+ |       1 |     371 |       52 |      1 |    53 |    +0.2% |   -0.946 |     -222.4 |     -306.8 |   1561 | ic_tag_valid[2]
    1374+ |       1 |     371 |       52 |      1 |    53 |    +0.2% |   -0.946 |     -222.4 |     -306.8 |   1561 | ic_tag_valid[2]
    1376+ |       1 |     372 |       52 |      1 |    53 |    +0.2% |   -0.946 |     -222.4 |     -306.8 |   1561 | ic_tag_valid[2]
    1377+ |       1 |     372 |       52 |      1 |    53 |    +0.2% |   -0.946 |     -222.4 |     -306.8 |   1561 | ic_tag_valid[2]
    1378+ |       1 |     372 |       52 |      1 |    53 |    +0.2% |   -0.946 |     -222.4 |     -306.8 |   1561 | ic_tag_valid[2]
    1379+ |       1 |     372 |       52 |      1 |    53 |    +0.2% |   -0.946 |     -222.4 |     -306.8 |   1561 | ic_tag_valid[2]
    1380+ |       1 |     372 |       52 |      1 |    53 |    +0.2% |   -0.946 |     -222.4 |     -306.8 |   1561 | ic_tag_valid[2]
    1380+ |       1 |     372 |       52 |      1 |    53 |    +0.2% |   -0.946 |     -222.4 |     -306.8 |   1561 | ic_tag_valid[2]
    1381+ |       1 |     372 |       52 |      1 |    53 |    +0.2% |   -0.946 |     -222.4 |     -306.8 |   1561 | ic_tag_valid[2]
    1382+ |       1 |     372 |       52 |      1 |    53 |    +0.2% |   -0.946 |     -222.4 |     -306.8 |   1561 | ic_tag_valid[2]
    1383+ |       1 |     372 |       52 |      1 |    53 |    +0.2% |   -0.946 |     -222.4 |     -306.8 |   1561 | ic_tag_valid[2]
    1384+ |       1 |     372 |       52 |      1 |    53 |    +0.2% |   -0.946 |     -222.4 |     -306.8 |   1561 | ic_tag_valid[2]
    1385+ |       1 |     372 |       52 |      1 |    53 |    +0.2% |   -0.946 |     -222.4 |     -306.8 |   1561 | ic_tag_valid[2]
    1386+ |       1 |     372 |       52 |      1 |    53 |    +0.2% |   -0.946 |     -222.4 |     -306.8 |   1561 | ic_tag_valid[2]
    1387+ |       1 |     372 |       52 |      1 |    53 |    +0.2% |   -0.946 |     -222.4 |     -306.8 |   1561 | ic_tag_valid[2]
    1388+ |       1 |     372 |       52 |      1 |    53 |    +0.2% |   -0.946 |     -222.4 |     -306.8 |   1561 | ic_tag_valid[2]
    1389+ |       1 |     372 |       52 |      1 |    53 |    +0.2% |   -0.946 |     -222.4 |     -306.8 |   1561 | ic_tag_valid[2]
    1390+ |       1 |     372 |       52 |      1 |    53 |    +0.2% |   -0.946 |     -222.4 |     -306.8 |   1561 | ic_tag_valid[2]
    1390+ |       1 |     372 |       52 |      1 |    53 |    +0.2% |   -0.946 |     -222.4 |     -306.8 |   1561 | ic_tag_valid[2]
    1394+ |       1 |     375 |       52 |      1 |    53 |    +0.2% |   -0.946 |     -222.4 |     -306.6 |   1561 | ic_tag_valid[2]
    1395+ |       1 |     375 |       52 |      1 |    53 |    +0.2% |   -0.946 |     -222.4 |     -306.6 |   1561 | ic_tag_valid[2]
    1396+ |       1 |     375 |       52 |      1 |    53 |    +0.2% |   -0.946 |     -222.4 |     -306.6 |   1561 | ic_tag_valid[2]
    1397+ |       1 |     375 |       52 |      1 |    53 |    +0.2% |   -0.946 |     -222.4 |     -306.6 |   1561 | ic_tag_valid[2]
    1398+ |       1 |     375 |       52 |      1 |    53 |    +0.2% |   -0.946 |     -222.4 |     -306.6 |   1561 | ic_tag_valid[2]
    1399+ |       1 |     375 |       52 |      1 |    53 |    +0.2% |   -0.946 |     -222.4 |     -306.6 |   1561 | ic_tag_valid[2]
    1400+ |       1 |     375 |       52 |      1 |    53 |    +0.2% |   -0.946 |     -222.4 |     -306.6 |   1561 | ic_tag_valid[2]
    final |       1 |     375 |       52 |      1 |    53 |    +0.2% |   -0.946 |     -222.4 |     -306.6 |   1553 | ic_tag_valid[2]
------------------------------------------------------------------------------------------------------------------------------
[INFO RSZ-0059] Removed 1 buffers.
[INFO RSZ-0040] Inserted 52 buffers.
[INFO RSZ-0051] Resized 375 instances: 375 up, 0 up match, 0 down, 0 VT
[INFO RSZ-0043] Swapped pins on 53 instances.
[INFO RSZ-0049] Cloned 1 instances.
[WARNING RSZ-0062] Unable to repair all setup violations.
[INFO RSZ-0046] Found 352 endpoints with hold violations.
Iteration | Resized | Buffers | Cloned Gates |   Area   |   WNS   |   TNS   | Endpoint
--------------------------------------------------------------------------------------
        0 |       0 |       0 |            0 |    +0.0% |  -0.167 | -17.520 | dbg.dmcontrol_dmactive_ff.dffs.dout$_DFFE_PN0P_/RN
       10 |       1 |      14 |            0 |    +0.0% |   0.000 |   0.000 | dma_ctrl.wrbuf_addrff.genblock_dff.dout[15]$_DFF_PN0_/D
       20 |       1 |      14 |            0 |    +0.0% |   0.000 |   0.000 | dma_ctrl.wrbuf_addrff.genblock_dff.dout[15]$_DFF_PN0_/D
       30 |       1 |      14 |            0 |    +0.0% |   0.000 |   0.000 | dma_ctrl.wrbuf_addrff.genblock_dff.dout[15]$_DFF_PN0_/D
       40 |       1 |      14 |            0 |    +0.0% |   0.000 |   0.000 | dma_ctrl.wrbuf_addrff.genblock_dff.dout[15]$_DFF_PN0_/D
       50 |       1 |      14 |            0 |    +0.0% |   0.000 |   0.000 | dma_ctrl.wrbuf_addrff.genblock_dff.dout[15]$_DFF_PN0_/D
       60 |       1 |      14 |            0 |    +0.0% |   0.000 |   0.000 | dma_ctrl.wrbuf_addrff.genblock_dff.dout[15]$_DFF_PN0_/D
       70 |       1 |      14 |            0 |    +0.0% |   0.000 |   0.000 | dma_ctrl.wrbuf_addrff.genblock_dff.dout[15]$_DFF_PN0_/D
       80 |       1 |      14 |            0 |    +0.0% |   0.000 |   0.000 | dma_ctrl.wrbuf_addrff.genblock_dff.dout[15]$_DFF_PN0_/D
       90 |       1 |      14 |            0 |    +0.0% |   0.000 |   0.000 | dma_ctrl.wrbuf_addrff.genblock_dff.dout[15]$_DFF_PN0_/D
      100 |       1 |      14 |            0 |    +0.0% |   0.000 |   0.000 | dma_ctrl.wrbuf_addrff.genblock_dff.dout[15]$_DFF_PN0_/D
      110 |       1 |      14 |            0 |    +0.0% |   0.000 |   0.000 | dma_ctrl.wrbuf_addrff.genblock_dff.dout[15]$_DFF_PN0_/D
      120 |       1 |      14 |            0 |    +0.0% |   0.000 |   0.000 | dma_ctrl.wrbuf_addrff.genblock_dff.dout[15]$_DFF_PN0_/D
      130 |       1 |      14 |            0 |    +0.0% |   0.000 |   0.000 | dma_ctrl.wrbuf_addrff.genblock_dff.dout[15]$_DFF_PN0_/D
      140 |       1 |      14 |            0 |    +0.0% |   0.000 |   0.000 | dma_ctrl.wrbuf_addrff.genblock_dff.dout[15]$_DFF_PN0_/D
      150 |       1 |      14 |            0 |    +0.0% |   0.000 |   0.000 | dma_ctrl.wrbuf_addrff.genblock_dff.dout[15]$_DFF_PN0_/D
      160 |       1 |      14 |            0 |    +0.0% |   0.000 |   0.000 | dma_ctrl.wrbuf_addrff.genblock_dff.dout[15]$_DFF_PN0_/D
      170 |       1 |      14 |            0 |    +0.0% |   0.000 |   0.000 | dma_ctrl.wrbuf_addrff.genblock_dff.dout[15]$_DFF_PN0_/D
      180 |       1 |      14 |            0 |    +0.0% |   0.000 |   0.000 | dma_ctrl.wrbuf_addrff.genblock_dff.dout[15]$_DFF_PN0_/D
      190 |       1 |      14 |            0 |    +0.0% |   0.000 |   0.000 | dma_ctrl.wrbuf_addrff.genblock_dff.dout[15]$_DFF_PN0_/D
      200 |       1 |      14 |            0 |    +0.0% |   0.000 |   0.000 | dma_ctrl.wrbuf_addrff.genblock_dff.dout[15]$_DFF_PN0_/D
      210 |       1 |      14 |            0 |    +0.0% |   0.000 |   0.000 | dma_ctrl.wrbuf_addrff.genblock_dff.dout[15]$_DFF_PN0_/D
      220 |       1 |      14 |            0 |    +0.0% |   0.000 |   0.000 | dma_ctrl.wrbuf_addrff.genblock_dff.dout[15]$_DFF_PN0_/D
      230 |       1 |      14 |            0 |    +0.0% |   0.000 |   0.000 | dma_ctrl.wrbuf_addrff.genblock_dff.dout[15]$_DFF_PN0_/D
      240 |       1 |      14 |            0 |    +0.0% |   0.000 |   0.000 | dma_ctrl.wrbuf_addrff.genblock_dff.dout[15]$_DFF_PN0_/D
      250 |       1 |      14 |            0 |    +0.0% |   0.000 |   0.000 | dma_ctrl.wrbuf_addrff.genblock_dff.dout[15]$_DFF_PN0_/D
      260 |       1 |      14 |            0 |    +0.0% |   0.000 |   0.000 | dma_ctrl.wrbuf_addrff.genblock_dff.dout[15]$_DFF_PN0_/D
      270 |       1 |      14 |            0 |    +0.0% |   0.000 |   0.000 | dma_ctrl.wrbuf_addrff.genblock_dff.dout[15]$_DFF_PN0_/D
      280 |       1 |      14 |            0 |    +0.0% |   0.000 |   0.000 | dma_ctrl.wrbuf_addrff.genblock_dff.dout[15]$_DFF_PN0_/D
      290 |       1 |      14 |            0 |    +0.0% |   0.000 |   0.000 | dma_ctrl.wrbuf_addrff.genblock_dff.dout[15]$_DFF_PN0_/D
      300 |       1 |      14 |            0 |    +0.0% |   0.000 |   0.000 | dma_ctrl.wrbuf_addrff.genblock_dff.dout[15]$_DFF_PN0_/D
      310 |       1 |      14 |            0 |    +0.0% |   0.000 |   0.000 | dma_ctrl.wrbuf_addrff.genblock_dff.dout[15]$_DFF_PN0_/D
      320 |       1 |      14 |            0 |    +0.0% |   0.000 |   0.000 | dma_ctrl.wrbuf_addrff.genblock_dff.dout[15]$_DFF_PN0_/D
      330 |       1 |      14 |            0 |    +0.0% |   0.000 |   0.000 | dma_ctrl.wrbuf_addrff.genblock_dff.dout[15]$_DFF_PN0_/D
      340 |       1 |      14 |            0 |    +0.0% |   0.000 |   0.000 | dma_ctrl.wrbuf_addrff.genblock_dff.dout[15]$_DFF_PN0_/D
      350 |       1 |      14 |            0 |    +0.0% |   0.000 |   0.000 | dma_ctrl.wrbuf_addrff.genblock_dff.dout[15]$_DFF_PN0_/D
    final |       1 |      14 |            0 |    +0.0% |   0.000 |   0.000 | dma_ctrl.wrbuf_addrff.genblock_dff.dout[15]$_DFF_PN0_/D
--------------------------------------------------------------------------------------
[INFO RSZ-0032] Inserted 14 hold buffers.
Took 51 seconds: repair_timing -setup_margin 0 -hold_margin 0 -repair_tns 100 -verbose
Repair timing output passed lec test
detailed_placement
[INFO DPL-0006] Core area: 180297.73 um^2, Instances area: 157130.19 um^2, Utilization: 87.2%
[INFO DPL-0005] Diamond search max displacement: +/- 500 sites horizontally, +/- 100 rows vertically.
[INFO DPL-1101] Legalizing using diamond search.
Movements Summary
---------------------------------------
Total cells:                   86458
Diamond Move Success:          86458 (100.00%)
Diamond Move Failure:              0
Rip-up and replace Success:        0 (  0.00% of diamond failures)
Rip-up and replace Failure:        0
Total Placement Failures:          0
---------------------------------------
Placement Analysis
---------------------------------
total displacement       3873.9 u
average displacement        0.0 u
max displacement           23.1 u
original HPWL         1576569.4 u
legalized HPWL        1580096.4 u
delta HPWL                    0 %

Report metrics stage 4, cts final...

==========================================================================
cts final report_design_area
--------------------------------------------------------------------------
Design area 157130 um^2 87% utilization.
write_db /work/results/nangate45/swerv/pipeline_80/4_1_cts.odb
write_sdc -no_timestamp /work/results/nangate45/swerv/pipeline_80/4_cts.sdc
Elapsed time: 1:39.52[h:]min:sec. CPU time: user 228.62 sys 36.76 (266%). Peak memory: 738976KB.
Log                       Ext     Elapsed/s Peak Memory/MB sha1sum result [0:20)
4_1_cts                   .odb           99            721 f3eff539413a2b8dfd77
cp /work/results/nangate45/swerv/pipeline_80/4_1_cts.odb /work/results/nangate45/swerv/pipeline_80/4_cts.odb
/OpenROAD-flow-scripts/flow/scripts/flow.sh 5_1_grt global_route
Running global_route.tcl, stage 5_1_grt
read_liberty /OpenROAD-flow-scripts/flow/platforms/nangate45/lib/NangateOpenCellLibrary_typical.lib
read_db -hier /work/results/nangate45/swerv/pipeline_80/4_cts.odb
[WARNING ORD-0012] Hierarchical flow (-hier) is currently in development and may cause multiple issues. Do not use in production environments.
read_sdc /work/results/nangate45/swerv/pipeline_80/4_cts.sdc
source /OpenROAD-flow-scripts/flow/platforms/nangate45/setRC.tcl
pin_access
[INFO DRT-0149] Reading tech and libs.

Units:                2000
Number of layers:     21
Number of macros:     135
Number of vias:       33
Number of viarulegen: 19

[INFO DRT-0150] Reading design.

Design:                   swerv
Die area:                 ( 0 0 ) ( 870610 870610 )
Number of track patterns: 20
Number of DEF vias:       0
Number of components:     87521
Number of terminals:      2041
Number of snets:          2
Number of nets:           100372

[INFO DRT-0167] List of default vias:
  Layer via2
    default via: via2_5
  Layer via3
    default via: via3_2
  Layer via4
    default via: via4_0
  Layer via5
    default via: via5_0
  Layer via6
    default via: via6_0
  Layer via7
    default via: via7_0
  Layer via8
    default via: via8_0
  Layer via9
    default via: via9_0
[INFO DRT-0162] Library cell analysis.
[INFO DRT-0163] Instance analysis.
[INFO DRT-0164] Number of unique instances = 153.
[INFO DRT-0168] Init region query.
[INFO DRT-0024]   Complete active.
[INFO DRT-0024]   Complete Fr_VIA.
[INFO DRT-0024]   Complete metal1.
[INFO DRT-0024]   Complete via1.
[INFO DRT-0024]   Complete metal2.
[INFO DRT-0024]   Complete via2.
[INFO DRT-0024]   Complete metal3.
[INFO DRT-0024]   Complete via3.
[INFO DRT-0024]   Complete metal4.
[INFO DRT-0024]   Complete via4.
[INFO DRT-0024]   Complete metal5.
[INFO DRT-0024]   Complete via5.
[INFO DRT-0024]   Complete metal6.
[INFO DRT-0024]   Complete via6.
[INFO DRT-0024]   Complete metal7.
[INFO DRT-0024]   Complete via7.
[INFO DRT-0024]   Complete metal8.
[INFO DRT-0024]   Complete via8.
[INFO DRT-0024]   Complete metal9.
[INFO DRT-0024]   Complete via9.
[INFO DRT-0024]   Complete metal10.
[INFO DRT-0033] active shape region query size = 0.
[INFO DRT-0033] FR_VIA shape region query size = 0.
[INFO DRT-0033] metal1 shape region query size = 1814799.
[INFO DRT-0033] via1 shape region query size = 7296.
[INFO DRT-0033] metal2 shape region query size = 4864.
[INFO DRT-0033] via2 shape region query size = 7296.
[INFO DRT-0033] metal3 shape region query size = 4864.
[INFO DRT-0033] via3 shape region query size = 7296.
[INFO DRT-0033] metal4 shape region query size = 2680.
[INFO DRT-0033] via4 shape region query size = 2320.
[INFO DRT-0033] metal5 shape region query size = 1580.
[INFO DRT-0033] via5 shape region query size = 2320.
[INFO DRT-0033] metal6 shape region query size = 1387.
[INFO DRT-0033] via6 shape region query size = 928.
[INFO DRT-0033] metal7 shape region query size = 290.
[INFO DRT-0033] via7 shape region query size = 0.
[INFO DRT-0033] metal8 shape region query size = 0.
[INFO DRT-0033] via8 shape region query size = 0.
[INFO DRT-0033] metal9 shape region query size = 0.
[INFO DRT-0033] via9 shape region query size = 0.
[INFO DRT-0033] metal10 shape region query size = 0.
[INFO DRT-0165] Start pin access.
[INFO DRT-0078]   Complete 899 pins.
[INFO DRT-0079]   Complete 100 unique inst patterns.
[INFO DRT-0081]   Complete 153 unique inst patterns.
[INFO DRT-0082]   Complete 10000 groups.
[INFO DRT-0082]   Complete 20000 groups.
[INFO DRT-0082]   Complete 30000 groups.
[INFO DRT-0084]   Complete 30957 groups.
#scanned instances     = 87521
#unique  instances     = 153
#stdCellGenAp          = 5534
#stdCellValidPlanarAp  = 0
#stdCellValidViaAp     = 3782
#stdCellPinNoAp        = 0
#stdCellPinCnt         = 328154
#instTermValidViaApCnt = 0
#macroGenAp            = 0
#macroValidPlanarAp    = 0
#macroValidViaAp       = 0
#macroNoAp             = 0
[INFO DRT-0166] Complete pin access.
[INFO DRT-0267] cpu time = 00:15:56, elapsed time = 00:01:00, memory = 460.89 (MB), peak = 508.80 (MB)
Took 62 seconds: pin_access
global_route -congestion_report_file /work/reports/nangate45/swerv/base/congestion.rpt -congestion_iterations 30 -congestion_report_iter_step 5 -verbose
[INFO GRT-0020] Min routing layer: metal2
[INFO GRT-0021] Max routing layer: metal10
[INFO GRT-0022] Global adjustment: 0%
[INFO GRT-0023] Grid origin: (0, 0)
[INFO GRT-0088] Layer metal1  Track-Pitch = 0.1400  line-2-Via Pitch: 0.1350
[INFO GRT-0088] Layer metal2  Track-Pitch = 0.1900  line-2-Via Pitch: 0.1400
[INFO GRT-0088] Layer metal3  Track-Pitch = 0.1400  line-2-Via Pitch: 0.1400
[INFO GRT-0088] Layer metal4  Track-Pitch = 0.2800  line-2-Via Pitch: 0.2800
[INFO GRT-0088] Layer metal5  Track-Pitch = 0.2800  line-2-Via Pitch: 0.2800
[INFO GRT-0088] Layer metal6  Track-Pitch = 0.2800  line-2-Via Pitch: 0.2800
[INFO GRT-0088] Layer metal7  Track-Pitch = 0.8000  line-2-Via Pitch: 0.8000
[INFO GRT-0088] Layer metal8  Track-Pitch = 0.8000  line-2-Via Pitch: 0.8000
[INFO GRT-0088] Layer metal9  Track-Pitch = 1.6000  line-2-Via Pitch: 1.6000
[INFO GRT-0088] Layer metal10 Track-Pitch = 1.6000  line-2-Via Pitch: 1.6000
[INFO GRT-0003] Macros: 0
[INFO GRT-0004] Blockages: 0
[INFO GRT-0019] Found 1706 clock nets.
[INFO GRT-0001] Minimum degree: 2
[INFO GRT-0002] Maximum degree: 97

[INFO GRT-0053] Routing resources analysis:
          Routing      Original      Derated      Resource
Layer     Direction    Resources     Resources    Reduction (%)
---------------------------------------------------------------
metal1     Horizontal          0             0          0.00%
metal2     Vertical       338616        159178          52.99%
metal3     Horizontal     466907        228961          50.96%
metal4     Vertical       229573        162508          29.21%
metal5     Horizontal     233541        164679          29.49%
metal6     Vertical       234296        165341          29.43%
metal7     Horizontal      71861         50397          29.87%
metal8     Vertical        81993         58890          28.18%
metal9     Horizontal      40921         23103          43.54%
metal10    Vertical        40921         23103          43.54%
---------------------------------------------------------------

[INFO GRT-0101] Running extra iterations to remove congestion.
[INFO GRT-0102] Start extra iteration 1/30
[INFO GRT-0102] Start extra iteration 2/30
[INFO GRT-0102] Start extra iteration 3/30
[INFO GRT-0102] Start extra iteration 4/30
[INFO GRT-0102] Start extra iteration 5/30
[INFO GRT-0102] Start extra iteration 6/30
[INFO GRT-0102] Start extra iteration 7/30
[INFO GRT-0102] Start extra iteration 8/30
[INFO GRT-0102] Start extra iteration 9/30
[INFO GRT-0102] Start extra iteration 10/30
[INFO GRT-0102] Start extra iteration 11/30
[INFO GRT-0102] Start extra iteration 12/30
[INFO GRT-0102] Start extra iteration 13/30
[INFO GRT-0102] Start extra iteration 14/30
[INFO GRT-0102] Start extra iteration 15/30
[INFO GRT-0102] Start extra iteration 16/30
[INFO GRT-0102] Start extra iteration 17/30
[INFO GRT-0102] Start extra iteration 18/30
[INFO GRT-0102] Start extra iteration 19/30
[INFO GRT-0102] Start extra iteration 20/30
[INFO GRT-0102] Start extra iteration 21/30
[INFO GRT-0102] Start extra iteration 22/30
[INFO GRT-0102] Start extra iteration 23/30
[INFO GRT-0102] Start extra iteration 24/30
[INFO GRT-0102] Start extra iteration 25/30
[INFO GRT-0102] Start extra iteration 26/30
[INFO GRT-0102] Start extra iteration 27/30
[INFO GRT-0102] Start extra iteration 28/30
[INFO GRT-0102] Start extra iteration 29/30
[WARNING GRT-0273] Disabled NDR (to reduce congestion) for net: clknet_2_1_0_clk
[INFO GRT-0102] Start extra iteration 1/30
[INFO GRT-0102] Start extra iteration 2/30
[INFO GRT-0102] Start extra iteration 3/30
[INFO GRT-0102] Start extra iteration 4/30
[INFO GRT-0102] Start extra iteration 5/30
[INFO GRT-0102] Start extra iteration 6/30
[INFO GRT-0102] Start extra iteration 7/30
[INFO GRT-0102] Start extra iteration 8/30
[INFO GRT-0102] Start extra iteration 9/30
[INFO GRT-0102] Start extra iteration 10/30
[INFO GRT-0102] Start extra iteration 11/30
[INFO GRT-0102] Start extra iteration 12/30
[INFO GRT-0102] Start extra iteration 13/30
[INFO GRT-0102] Start extra iteration 14/30
[INFO GRT-0102] Start extra iteration 15/30
[INFO GRT-0102] Start extra iteration 16/30
[INFO GRT-0102] Start extra iteration 17/30
[INFO GRT-0102] Start extra iteration 18/30
[INFO GRT-0102] Start extra iteration 19/30
[INFO GRT-0102] Start extra iteration 20/30
[INFO GRT-0102] Start extra iteration 21/30
[INFO GRT-0102] Start extra iteration 22/30
[INFO GRT-0102] Start extra iteration 23/30
[INFO GRT-0102] Start extra iteration 24/30
[INFO GRT-0102] Start extra iteration 25/30
[INFO GRT-0102] Start extra iteration 26/30
[INFO GRT-0102] Start extra iteration 27/30
[INFO GRT-0197] Via related to pin nodes: 636175
[INFO GRT-0198] Via related Steiner nodes: 16879
[INFO GRT-0199] Via filling finished.
[INFO GRT-0111] Final number of vias: 888078
[INFO GRT-0112] Final usage 3D: 3372334

[INFO GRT-0096] Final congestion report:
Layer         Resource        Demand        Usage (%)    Max H / Max V / Total Congestion
---------------------------------------------------------------------------------------
metal1               0             0            0.00%             0 /  0 /  0
metal2          159178        132124           83.00%             0 /  0 /  0
metal3          228961        186185           81.32%             0 /  0 /  0
metal4          162508        115625           71.15%             0 /  0 /  0
metal5          164679        111577           67.75%             0 /  0 /  0
metal6          165341         96658           58.46%             0 /  0 /  0
metal7           50397         27209           53.99%             0 /  0 /  0
metal8           58890         24115           40.95%             0 /  0 /  0
metal9           23103          9024           39.06%             0 /  0 /  0
metal10          23103          5583           24.17%             0 /  0 /  0
---------------------------------------------------------------------------------------
Total          1036160        708100           68.34%             0 /  0 /  0

[INFO GRT-0018] Total wirelength: 2836764 um
[INFO GRT-0014] Routed nets: 89699
[INFO GRT-0303] Global routing runtime = 00:04:54
Took 295 seconds: global_route -congestion_report_file /work/reports/nangate45/swerv/base/congestion.rpt -congestion_iterations 30 -congestion_report_iter_step 5 -verbose
estimate_parasitics -global_routing
Perform buffer insertion and gate resizing...
repair_design -verbose
Iteration |   Area    | Resized | Buffers | Nets repaired | Remaining
---------------------------------------------------------------------
        0 |     +0.0% |       0 |       0 |             0 |    101553
     1000 |     +0.0% |       0 |       0 |             0 |    100553
     2000 |     +0.0% |       0 |       1 |             1 |     99553
     3000 |     +0.0% |       1 |       9 |             9 |     98553
[WARNING RSZ-0104] Net _013538_ only has one pin. Check if it is intended to be dangling.
     4000 |     +0.0% |       4 |      17 |            20 |     97553
     5000 |     +0.0% |       9 |      26 |            34 |     96553
     6000 |     +0.1% |      14 |      45 |            56 |     95553
[WARNING RSZ-0104] Net ifu.bp.rs_addr.N150 only has one pin. Check if it is intended to be dangling.
     7000 |     +0.1% |      20 |      50 |            66 |     94553
     8000 |     +0.1% |      20 |      50 |            66 |     93553
     9000 |     +0.1% |      20 |      54 |            70 |     92553
    10000 |     +0.1% |      25 |      61 |            78 |     91553
[WARNING RSZ-0104] Net _012942_ only has one pin. Check if it is intended to be dangling.
    11000 |     +0.1% |      30 |      69 |            89 |     90553
[WARNING RSZ-0104] Net _013544_ only has one pin. Check if it is intended to be dangling.
    12000 |     +0.1% |      35 |      72 |            95 |     89553
[WARNING RSZ-0104] Net _024351_ only has one pin. Check if it is intended to be dangling.
    13000 |     +0.1% |      38 |      78 |           102 |     88553
    14000 |     +0.1% |      41 |      82 |           107 |     87553
    15000 |     +0.1% |      41 |      85 |           110 |     86553
    16000 |     +0.1% |      41 |      85 |           110 |     85553
    17000 |     +0.1% |      43 |      89 |           115 |     84553
    18000 |     +0.1% |      44 |      92 |           121 |     83553
[WARNING RSZ-0104] Net exu.i1_alu_e4.N945 only has one pin. Check if it is intended to be dangling.
    19000 |     +0.1% |      46 |      94 |           125 |     82553
    20000 |     +0.1% |      46 |      95 |           126 |     81553
[WARNING RSZ-0104] Net _012944_ only has one pin. Check if it is intended to be dangling.
    21000 |     +0.1% |      47 |      98 |           131 |     80553
    22000 |     +0.1% |      47 |      99 |           132 |     79553
[WARNING RSZ-0104] Net exu.i1_alu_e1.N945 only has one pin. Check if it is intended to be dangling.
[WARNING RSZ-0104] Net exu.i0_alu_e4.N945 only has one pin. Check if it is intended to be dangling.
[WARNING RSZ-0104] Net exu.i0_alu_e1.N945 only has one pin. Check if it is intended to be dangling.
[WARNING RSZ-0104] Net _013058_ only has one pin. Check if it is intended to be dangling.
    23000 |     +0.1% |      48 |     102 |           137 |     78553
[WARNING RSZ-0104] Net _085219_/_063_ only has one pin. Check if it is intended to be dangling.
[WARNING RSZ-0104] Net _024448_ only has one pin. Check if it is intended to be dangling.
    24000 |     +0.1% |      50 |     106 |           143 |     77553
    25000 |     +0.1% |      50 |     111 |           148 |     76553
[WARNING RSZ-0104] Net _013781_ only has one pin. Check if it is intended to be dangling.
[WARNING RSZ-0104] Net _024270_ only has one pin. Check if it is intended to be dangling.
[WARNING RSZ-0104] Net _024427_ only has one pin. Check if it is intended to be dangling.
    26000 |     +0.2% |      51 |     118 |           157 |     75553
    27000 |     +0.2% |      52 |     120 |           159 |     74553
[WARNING RSZ-0104] Net _013524_ only has one pin. Check if it is intended to be dangling.
[WARNING RSZ-0104] Net _013518_ only has one pin. Check if it is intended to be dangling.
    28000 |     +0.2% |      54 |     126 |           167 |     73553
    29000 |     +0.2% |      54 |     127 |           168 |     72553
[WARNING RSZ-0104] Net _013528_ only has one pin. Check if it is intended to be dangling.
[WARNING RSZ-0104] Net _013526_ only has one pin. Check if it is intended to be dangling.
[WARNING RSZ-0104] Net _013522_ only has one pin. Check if it is intended to be dangling.
    30000 |     +0.2% |      59 |     134 |           176 |     71553
    31000 |     +0.2% |      59 |     134 |           176 |     70553
    32000 |     +0.2% |      59 |     137 |           179 |     69553
    33000 |     +0.2% |      60 |     138 |           181 |     68553
[WARNING RSZ-0104] Net _013836_ only has one pin. Check if it is intended to be dangling.
[WARNING RSZ-0104] Net _013610_ only has one pin. Check if it is intended to be dangling.
[WARNING RSZ-0104] Net _013535_ only has one pin. Check if it is intended to be dangling.
[WARNING RSZ-0104] Net _013534_ only has one pin. Check if it is intended to be dangling.
[WARNING RSZ-0104] Net _013533_ only has one pin. Check if it is intended to be dangling.
[WARNING RSZ-0104] Net _013532_ only has one pin. Check if it is intended to be dangling.
    34000 |     +0.2% |      60 |     141 |           184 |     67553
    35000 |     +0.2% |      60 |     141 |           184 |     66553
    36000 |     +0.2% |      61 |     141 |           185 |     65553
[WARNING RSZ-0104] Net _013537_ only has one pin. Check if it is intended to be dangling.
[WARNING RSZ-0104] Net _013536_ only has one pin. Check if it is intended to be dangling.
[WARNING RSZ-0104] Net _013529_ only has one pin. Check if it is intended to be dangling.
    37000 |     +0.2% |      61 |     144 |           189 |     64553
    38000 |     +0.2% |      61 |     145 |           190 |     63553
[WARNING RSZ-0104] Net _013531_ only has one pin. Check if it is intended to be dangling.
[WARNING RSZ-0104] Net _013530_ only has one pin. Check if it is intended to be dangling.
    39000 |     +0.2% |      61 |     146 |           191 |     62553
    40000 |     +0.2% |      61 |     146 |           191 |     61553
    41000 |     +0.2% |      61 |     146 |           192 |     60553
    42000 |     +0.2% |      61 |     147 |           193 |     59553
    43000 |     +0.2% |      64 |     154 |           200 |     58553
    44000 |     +0.2% |      64 |     155 |           201 |     57553
    45000 |     +0.2% |      64 |     156 |           202 |     56553
    46000 |     +0.2% |      65 |     158 |           205 |     55553
    47000 |     +0.2% |      65 |     160 |           207 |     54553
    48000 |     +0.2% |      65 |     161 |           208 |     53553
    49000 |     +0.2% |      66 |     163 |           210 |     52553
    50000 |     +0.2% |      67 |     165 |           212 |     51553
    51000 |     +0.2% |      67 |     165 |           212 |     50553
[WARNING RSZ-0104] Net _013494_ only has one pin. Check if it is intended to be dangling.
[WARNING RSZ-0104] Net _013082_ only has one pin. Check if it is intended to be dangling.
    52000 |     +0.2% |      68 |     169 |           217 |     49553
    53000 |     +0.2% |      68 |     171 |           219 |     48553
    54000 |     +0.2% |      68 |     172 |           220 |     47553
    55000 |     +0.2% |      76 |     183 |           234 |     46553
    56000 |     +0.2% |      77 |     186 |           238 |     45553
    57000 |     +0.2% |      78 |     187 |           239 |     44553
    58000 |     +0.3% |      79 |     196 |           248 |     43553
    59000 |     +0.3% |      79 |     197 |           249 |     42553
[WARNING RSZ-0104] Net _014070_ only has one pin. Check if it is intended to be dangling.
[WARNING RSZ-0104] Net _012937_ only has one pin. Check if it is intended to be dangling.
    60000 |     +0.3% |      79 |     198 |           250 |     41553
    61000 |     +0.3% |      79 |     200 |           252 |     40553
    62000 |     +0.3% |      79 |     203 |           256 |     39553
[WARNING RSZ-0104] Net _014197_ only has one pin. Check if it is intended to be dangling.
[WARNING RSZ-0104] Net _014139_ only has one pin. Check if it is intended to be dangling.
[WARNING RSZ-0104] Net _013380_ only has one pin. Check if it is intended to be dangling.
    63000 |     +0.3% |      79 |     203 |           256 |     38553
    64000 |     +0.3% |      80 |     206 |           259 |     37553
    65000 |     +0.3% |      81 |     207 |           261 |     36553
    66000 |     +0.3% |      81 |     207 |           261 |     35553
    67000 |     +0.3% |      86 |     212 |           268 |     34553
    68000 |     +0.3% |      86 |     212 |           268 |     33553
[WARNING RSZ-0104] Net _014138_ only has one pin. Check if it is intended to be dangling.
[WARNING RSZ-0104] Net _013643_ only has one pin. Check if it is intended to be dangling.
[WARNING RSZ-0104] Net dec.decode.i1_dec.N91 only has one pin. Check if it is intended to be dangling.
[WARNING RSZ-0104] Net dec.decode.i0_dec.N91 only has one pin. Check if it is intended to be dangling.
[WARNING RSZ-0104] Net _013484_ only has one pin. Check if it is intended to be dangling.
[WARNING RSZ-0104] Net _013483_ only has one pin. Check if it is intended to be dangling.
[WARNING RSZ-0104] Net _013481_ only has one pin. Check if it is intended to be dangling.
[WARNING RSZ-0104] Net _013480_ only has one pin. Check if it is intended to be dangling.
[WARNING RSZ-0104] Net _013478_ only has one pin. Check if it is intended to be dangling.
[WARNING RSZ-0104] Net _013477_ only has one pin. Check if it is intended to be dangling.
[WARNING RSZ-0104] Net _013475_ only has one pin. Check if it is intended to be dangling.
[WARNING RSZ-0104] Net _013474_ only has one pin. Check if it is intended to be dangling.
[WARNING RSZ-0104] Net _013472_ only has one pin. Check if it is intended to be dangling.
[WARNING RSZ-0104] Net _013471_ only has one pin. Check if it is intended to be dangling.
[WARNING RSZ-0104] Net _013469_ only has one pin. Check if it is intended to be dangling.
[WARNING RSZ-0104] Net _013468_ only has one pin. Check if it is intended to be dangling.
[WARNING RSZ-0104] Net _013466_ only has one pin. Check if it is intended to be dangling.
[WARNING RSZ-0104] Net _013465_ only has one pin. Check if it is intended to be dangling.
[WARNING RSZ-0104] Net _013463_ only has one pin. Check if it is intended to be dangling.
[WARNING RSZ-0104] Net _013462_ only has one pin. Check if it is intended to be dangling.
[WARNING RSZ-0104] Net _013460_ only has one pin. Check if it is intended to be dangling.
[WARNING RSZ-0104] Net _013459_ only has one pin. Check if it is intended to be dangling.
[WARNING RSZ-0104] Net _013457_ only has one pin. Check if it is intended to be dangling.
[WARNING RSZ-0104] Net _013456_ only has one pin. Check if it is intended to be dangling.
[WARNING RSZ-0104] Net _013454_ only has one pin. Check if it is intended to be dangling.
[WARNING RSZ-0104] Net _013453_ only has one pin. Check if it is intended to be dangling.
[WARNING RSZ-0104] Net _013451_ only has one pin. Check if it is intended to be dangling.
[WARNING RSZ-0104] Net _013450_ only has one pin. Check if it is intended to be dangling.
[WARNING RSZ-0104] Net _013448_ only has one pin. Check if it is intended to be dangling.
[WARNING RSZ-0104] Net _013447_ only has one pin. Check if it is intended to be dangling.
[WARNING RSZ-0104] Net _013445_ only has one pin. Check if it is intended to be dangling.
[WARNING RSZ-0104] Net _013444_ only has one pin. Check if it is intended to be dangling.
[WARNING RSZ-0104] Net _013442_ only has one pin. Check if it is intended to be dangling.
[WARNING RSZ-0104] Net _013441_ only has one pin. Check if it is intended to be dangling.
[WARNING RSZ-0104] Net _013439_ only has one pin. Check if it is intended to be dangling.
[WARNING RSZ-0104] Net _013438_ only has one pin. Check if it is intended to be dangling.
[WARNING RSZ-0104] Net _013436_ only has one pin. Check if it is intended to be dangling.
[WARNING RSZ-0104] Net _013435_ only has one pin. Check if it is intended to be dangling.
[WARNING RSZ-0104] Net _013433_ only has one pin. Check if it is intended to be dangling.
[WARNING RSZ-0104] Net _013432_ only has one pin. Check if it is intended to be dangling.
[WARNING RSZ-0104] Net _013430_ only has one pin. Check if it is intended to be dangling.
[WARNING RSZ-0104] Net _013429_ only has one pin. Check if it is intended to be dangling.
[WARNING RSZ-0104] Net _013427_ only has one pin. Check if it is intended to be dangling.
[WARNING RSZ-0104] Net _013426_ only has one pin. Check if it is intended to be dangling.
[WARNING RSZ-0104] Net _013424_ only has one pin. Check if it is intended to be dangling.
[WARNING RSZ-0104] Net _013423_ only has one pin. Check if it is intended to be dangling.
[WARNING RSZ-0104] Net _013421_ only has one pin. Check if it is intended to be dangling.
[WARNING RSZ-0104] Net _013420_ only has one pin. Check if it is intended to be dangling.
[WARNING RSZ-0104] Net _013418_ only has one pin. Check if it is intended to be dangling.
[WARNING RSZ-0104] Net _013417_ only has one pin. Check if it is intended to be dangling.
[WARNING RSZ-0104] Net _013415_ only has one pin. Check if it is intended to be dangling.
[WARNING RSZ-0104] Net _013414_ only has one pin. Check if it is intended to be dangling.
[WARNING RSZ-0104] Net _013412_ only has one pin. Check if it is intended to be dangling.
[WARNING RSZ-0104] Net _013411_ only has one pin. Check if it is intended to be dangling.
[WARNING RSZ-0104] Net _013409_ only has one pin. Check if it is intended to be dangling.
[WARNING RSZ-0104] Net _013408_ only has one pin. Check if it is intended to be dangling.
[WARNING RSZ-0104] Net _013406_ only has one pin. Check if it is intended to be dangling.
[WARNING RSZ-0104] Net _013405_ only has one pin. Check if it is intended to be dangling.
[WARNING RSZ-0104] Net _013403_ only has one pin. Check if it is intended to be dangling.
[WARNING RSZ-0104] Net _013402_ only has one pin. Check if it is intended to be dangling.
[WARNING RSZ-0104] Net _013400_ only has one pin. Check if it is intended to be dangling.
[WARNING RSZ-0104] Net _013399_ only has one pin. Check if it is intended to be dangling.
[WARNING RSZ-0104] Net _013397_ only has one pin. Check if it is intended to be dangling.
[WARNING RSZ-0104] Net _013396_ only has one pin. Check if it is intended to be dangling.
[WARNING RSZ-0104] Net _013394_ only has one pin. Check if it is intended to be dangling.
[WARNING RSZ-0104] Net _013393_ only has one pin. Check if it is intended to be dangling.
[WARNING RSZ-0104] Net _013391_ only has one pin. Check if it is intended to be dangling.
[WARNING RSZ-0104] Net _013390_ only has one pin. Check if it is intended to be dangling.
[WARNING RSZ-0104] Net _013386_ only has one pin. Check if it is intended to be dangling.
[WARNING RSZ-0104] Net _013385_ only has one pin. Check if it is intended to be dangling.
[WARNING RSZ-0104] Net _013383_ only has one pin. Check if it is intended to be dangling.
[WARNING RSZ-0104] Net _013382_ only has one pin. Check if it is intended to be dangling.
[WARNING RSZ-0104] Net _013379_ only has one pin. Check if it is intended to be dangling.
[WARNING RSZ-0104] Net _013377_ only has one pin. Check if it is intended to be dangling.
[WARNING RSZ-0104] Net _013376_ only has one pin. Check if it is intended to be dangling.
[WARNING RSZ-0104] Net _013374_ only has one pin. Check if it is intended to be dangling.
[WARNING RSZ-0104] Net _013373_ only has one pin. Check if it is intended to be dangling.
[WARNING RSZ-0104] Net _013371_ only has one pin. Check if it is intended to be dangling.
[WARNING RSZ-0104] Net _013370_ only has one pin. Check if it is intended to be dangling.
[WARNING RSZ-0104] Net _013368_ only has one pin. Check if it is intended to be dangling.
[WARNING RSZ-0104] Net _013367_ only has one pin. Check if it is intended to be dangling.
[WARNING RSZ-0104] Net _013365_ only has one pin. Check if it is intended to be dangling.
[WARNING RSZ-0104] Net _013364_ only has one pin. Check if it is intended to be dangling.
[WARNING RSZ-0104] Net _013362_ only has one pin. Check if it is intended to be dangling.
[WARNING RSZ-0104] Net _013361_ only has one pin. Check if it is intended to be dangling.
[WARNING RSZ-0104] Net _013359_ only has one pin. Check if it is intended to be dangling.
[WARNING RSZ-0104] Net _013358_ only has one pin. Check if it is intended to be dangling.
[WARNING RSZ-0104] Net _013356_ only has one pin. Check if it is intended to be dangling.
[WARNING RSZ-0104] Net _013355_ only has one pin. Check if it is intended to be dangling.
[WARNING RSZ-0104] Net _013353_ only has one pin. Check if it is intended to be dangling.
[WARNING RSZ-0104] Net _013352_ only has one pin. Check if it is intended to be dangling.
[WARNING RSZ-0104] Net _013350_ only has one pin. Check if it is intended to be dangling.
[WARNING RSZ-0104] Net _013349_ only has one pin. Check if it is intended to be dangling.
[WARNING RSZ-0104] Net _013347_ only has one pin. Check if it is intended to be dangling.
[WARNING RSZ-0104] Net _013346_ only has one pin. Check if it is intended to be dangling.
[WARNING RSZ-0104] Net _013344_ only has one pin. Check if it is intended to be dangling.
[WARNING RSZ-0104] Net _013343_ only has one pin. Check if it is intended to be dangling.
[WARNING RSZ-0104] Net _013341_ only has one pin. Check if it is intended to be dangling.
[WARNING RSZ-0104] Net _013340_ only has one pin. Check if it is intended to be dangling.
[WARNING RSZ-0104] Net _013338_ only has one pin. Check if it is intended to be dangling.
[WARNING RSZ-0104] Net _013337_ only has one pin. Check if it is intended to be dangling.
[WARNING RSZ-0104] Net _013335_ only has one pin. Check if it is intended to be dangling.
[WARNING RSZ-0104] Net _013334_ only has one pin. Check if it is intended to be dangling.
[WARNING RSZ-0104] Net _013332_ only has one pin. Check if it is intended to be dangling.
[WARNING RSZ-0104] Net _013331_ only has one pin. Check if it is intended to be dangling.
[WARNING RSZ-0104] Net _013329_ only has one pin. Check if it is intended to be dangling.
[WARNING RSZ-0104] Net _013328_ only has one pin. Check if it is intended to be dangling.
[WARNING RSZ-0104] Net _013326_ only has one pin. Check if it is intended to be dangling.
[WARNING RSZ-0104] Net _013325_ only has one pin. Check if it is intended to be dangling.
[WARNING RSZ-0104] Net _013323_ only has one pin. Check if it is intended to be dangling.
[WARNING RSZ-0104] Net _013322_ only has one pin. Check if it is intended to be dangling.
[WARNING RSZ-0104] Net _013320_ only has one pin. Check if it is intended to be dangling.
[WARNING RSZ-0104] Net _013319_ only has one pin. Check if it is intended to be dangling.
[WARNING RSZ-0104] Net _013317_ only has one pin. Check if it is intended to be dangling.
[WARNING RSZ-0104] Net _013316_ only has one pin. Check if it is intended to be dangling.
[WARNING RSZ-0104] Net _013314_ only has one pin. Check if it is intended to be dangling.
[WARNING RSZ-0104] Net _013313_ only has one pin. Check if it is intended to be dangling.
[WARNING RSZ-0104] Net _013311_ only has one pin. Check if it is intended to be dangling.
[WARNING RSZ-0104] Net _013310_ only has one pin. Check if it is intended to be dangling.
[WARNING RSZ-0104] Net _013308_ only has one pin. Check if it is intended to be dangling.
[WARNING RSZ-0104] Net _013307_ only has one pin. Check if it is intended to be dangling.
[WARNING RSZ-0104] Net _013305_ only has one pin. Check if it is intended to be dangling.
[WARNING RSZ-0104] Net _013304_ only has one pin. Check if it is intended to be dangling.
[WARNING RSZ-0104] Net _013302_ only has one pin. Check if it is intended to be dangling.
[WARNING RSZ-0104] Net _013301_ only has one pin. Check if it is intended to be dangling.
[WARNING RSZ-0104] Net _013299_ only has one pin. Check if it is intended to be dangling.
[WARNING RSZ-0104] Net _013298_ only has one pin. Check if it is intended to be dangling.
[WARNING RSZ-0104] Net _013296_ only has one pin. Check if it is intended to be dangling.
[WARNING RSZ-0104] Net _013295_ only has one pin. Check if it is intended to be dangling.
[WARNING RSZ-0104] Net _013293_ only has one pin. Check if it is intended to be dangling.
[WARNING RSZ-0104] Net _013292_ only has one pin. Check if it is intended to be dangling.
[WARNING RSZ-0104] Net _013280_ only has one pin. Check if it is intended to be dangling.
[WARNING RSZ-0104] Net _013279_ only has one pin. Check if it is intended to be dangling.
[WARNING RSZ-0104] Net _013174_ only has one pin. Check if it is intended to be dangling.
[WARNING RSZ-0104] Net _013171_ only has one pin. Check if it is intended to be dangling.
    69000 |     +0.3% |      88 |     221 |           278 |     32553
    70000 |     +0.3% |      92 |     226 |           285 |     31553
    71000 |     +0.3% |      92 |     230 |           289 |     30553
    72000 |     +0.3% |      92 |     231 |           290 |     29553
    73000 |     +0.3% |      92 |     231 |           290 |     28553
[WARNING RSZ-0104] Net _014210_ only has one pin. Check if it is intended to be dangling.
[WARNING RSZ-0104] Net _014209_ only has one pin. Check if it is intended to be dangling.
[WARNING RSZ-0104] Net _014208_ only has one pin. Check if it is intended to be dangling.
[WARNING RSZ-0104] Net _014206_ only has one pin. Check if it is intended to be dangling.
[WARNING RSZ-0104] Net _014205_ only has one pin. Check if it is intended to be dangling.
[WARNING RSZ-0104] Net _014204_ only has one pin. Check if it is intended to be dangling.
[WARNING RSZ-0104] Net _014203_ only has one pin. Check if it is intended to be dangling.
[WARNING RSZ-0104] Net _014202_ only has one pin. Check if it is intended to be dangling.
[WARNING RSZ-0104] Net _014201_ only has one pin. Check if it is intended to be dangling.
[WARNING RSZ-0104] Net _014174_ only has one pin. Check if it is intended to be dangling.
[WARNING RSZ-0104] Net _014173_ only has one pin. Check if it is intended to be dangling.
[WARNING RSZ-0104] Net _014171_ only has one pin. Check if it is intended to be dangling.
[WARNING RSZ-0104] Net _014169_ only has one pin. Check if it is intended to be dangling.
[WARNING RSZ-0104] Net _014156_ only has one pin. Check if it is intended to be dangling.
[WARNING RSZ-0104] Net _014155_ only has one pin. Check if it is intended to be dangling.
[WARNING RSZ-0104] Net _014153_ only has one pin. Check if it is intended to be dangling.
[WARNING RSZ-0104] Net _014152_ only has one pin. Check if it is intended to be dangling.
[WARNING RSZ-0104] Net _014150_ only has one pin. Check if it is intended to be dangling.
[WARNING RSZ-0104] Net _014149_ only has one pin. Check if it is intended to be dangling.
[WARNING RSZ-0104] Net _014147_ only has one pin. Check if it is intended to be dangling.
[WARNING RSZ-0104] Net _014035_ only has one pin. Check if it is intended to be dangling.
[WARNING RSZ-0104] Net _013984_ only has one pin. Check if it is intended to be dangling.
[WARNING RSZ-0104] Net _013670_ only has one pin. Check if it is intended to be dangling.
[WARNING RSZ-0104] Net _013668_ only has one pin. Check if it is intended to be dangling.
[WARNING RSZ-0104] Net _013666_ only has one pin. Check if it is intended to be dangling.
[WARNING RSZ-0104] Net _013664_ only has one pin. Check if it is intended to be dangling.
[WARNING RSZ-0104] Net _024344_ only has one pin. Check if it is intended to be dangling.
[WARNING RSZ-0104] Net _013646_ only has one pin. Check if it is intended to be dangling.
[WARNING RSZ-0104] Net _013645_ only has one pin. Check if it is intended to be dangling.
[WARNING RSZ-0104] Net _013644_ only has one pin. Check if it is intended to be dangling.
[WARNING RSZ-0104] Net _013554_ only has one pin. Check if it is intended to be dangling.
[WARNING RSZ-0104] Net _013553_ only has one pin. Check if it is intended to be dangling.
[WARNING RSZ-0104] Net _013552_ only has one pin. Check if it is intended to be dangling.
[WARNING RSZ-0104] Net _013551_ only has one pin. Check if it is intended to be dangling.
[WARNING RSZ-0104] Net _013550_ only has one pin. Check if it is intended to be dangling.
[WARNING RSZ-0104] Net _013549_ only has one pin. Check if it is intended to be dangling.
[WARNING RSZ-0104] Net _013543_ only has one pin. Check if it is intended to be dangling.
[WARNING RSZ-0104] Net _013542_ only has one pin. Check if it is intended to be dangling.
[WARNING RSZ-0104] Net _013511_ only has one pin. Check if it is intended to be dangling.
[WARNING RSZ-0104] Net _013510_ only has one pin. Check if it is intended to be dangling.
[WARNING RSZ-0104] Net _013289_ only has one pin. Check if it is intended to be dangling.
[WARNING RSZ-0104] Net _013288_ only has one pin. Check if it is intended to be dangling.
[WARNING RSZ-0104] Net _013286_ only has one pin. Check if it is intended to be dangling.
[WARNING RSZ-0104] Net _013285_ only has one pin. Check if it is intended to be dangling.
[WARNING RSZ-0104] Net _013283_ only has one pin. Check if it is intended to be dangling.
[WARNING RSZ-0104] Net _013282_ only has one pin. Check if it is intended to be dangling.
[WARNING RSZ-0104] Net _013277_ only has one pin. Check if it is intended to be dangling.
[WARNING RSZ-0104] Net _013276_ only has one pin. Check if it is intended to be dangling.
[WARNING RSZ-0104] Net _013274_ only has one pin. Check if it is intended to be dangling.
[WARNING RSZ-0104] Net _013273_ only has one pin. Check if it is intended to be dangling.
[WARNING RSZ-0104] Net _013271_ only has one pin. Check if it is intended to be dangling.
[WARNING RSZ-0104] Net _013270_ only has one pin. Check if it is intended to be dangling.
[WARNING RSZ-0104] Net _013268_ only has one pin. Check if it is intended to be dangling.
[WARNING RSZ-0104] Net _013267_ only has one pin. Check if it is intended to be dangling.
[WARNING RSZ-0104] Net _013265_ only has one pin. Check if it is intended to be dangling.
[WARNING RSZ-0104] Net _013264_ only has one pin. Check if it is intended to be dangling.
[WARNING RSZ-0104] Net _013262_ only has one pin. Check if it is intended to be dangling.
[WARNING RSZ-0104] Net _013261_ only has one pin. Check if it is intended to be dangling.
[WARNING RSZ-0104] Net _013259_ only has one pin. Check if it is intended to be dangling.
[WARNING RSZ-0104] Net _013258_ only has one pin. Check if it is intended to be dangling.
[WARNING RSZ-0104] Net _013256_ only has one pin. Check if it is intended to be dangling.
[WARNING RSZ-0104] Net _013255_ only has one pin. Check if it is intended to be dangling.
[WARNING RSZ-0104] Net _013253_ only has one pin. Check if it is intended to be dangling.
[WARNING RSZ-0104] Net _013252_ only has one pin. Check if it is intended to be dangling.
[WARNING RSZ-0104] Net _013250_ only has one pin. Check if it is intended to be dangling.
[WARNING RSZ-0104] Net _013249_ only has one pin. Check if it is intended to be dangling.
[WARNING RSZ-0104] Net _013247_ only has one pin. Check if it is intended to be dangling.
[WARNING RSZ-0104] Net _013246_ only has one pin. Check if it is intended to be dangling.
[WARNING RSZ-0104] Net _013244_ only has one pin. Check if it is intended to be dangling.
[WARNING RSZ-0104] Net _013243_ only has one pin. Check if it is intended to be dangling.
[WARNING RSZ-0104] Net _013241_ only has one pin. Check if it is intended to be dangling.
[WARNING RSZ-0104] Net _013240_ only has one pin. Check if it is intended to be dangling.
[WARNING RSZ-0104] Net _013238_ only has one pin. Check if it is intended to be dangling.
[WARNING RSZ-0104] Net _013237_ only has one pin. Check if it is intended to be dangling.
[WARNING RSZ-0104] Net _013235_ only has one pin. Check if it is intended to be dangling.
[WARNING RSZ-0104] Net _013234_ only has one pin. Check if it is intended to be dangling.
[WARNING RSZ-0104] Net _013232_ only has one pin. Check if it is intended to be dangling.
[WARNING RSZ-0104] Net _013231_ only has one pin. Check if it is intended to be dangling.
[WARNING RSZ-0104] Net _013229_ only has one pin. Check if it is intended to be dangling.
[WARNING RSZ-0104] Net _013228_ only has one pin. Check if it is intended to be dangling.
[WARNING RSZ-0104] Net _013226_ only has one pin. Check if it is intended to be dangling.
[WARNING RSZ-0104] Net _013225_ only has one pin. Check if it is intended to be dangling.
[WARNING RSZ-0104] Net _013223_ only has one pin. Check if it is intended to be dangling.
[WARNING RSZ-0104] Net _013222_ only has one pin. Check if it is intended to be dangling.
[WARNING RSZ-0104] Net _013220_ only has one pin. Check if it is intended to be dangling.
[WARNING RSZ-0104] Net _013219_ only has one pin. Check if it is intended to be dangling.
[WARNING RSZ-0104] Net _013217_ only has one pin. Check if it is intended to be dangling.
[WARNING RSZ-0104] Net _013216_ only has one pin. Check if it is intended to be dangling.
[WARNING RSZ-0104] Net _013214_ only has one pin. Check if it is intended to be dangling.
[WARNING RSZ-0104] Net _013213_ only has one pin. Check if it is intended to be dangling.
[WARNING RSZ-0104] Net _013211_ only has one pin. Check if it is intended to be dangling.
[WARNING RSZ-0104] Net _013210_ only has one pin. Check if it is intended to be dangling.
[WARNING RSZ-0104] Net _013208_ only has one pin. Check if it is intended to be dangling.
[WARNING RSZ-0104] Net _013207_ only has one pin. Check if it is intended to be dangling.
[WARNING RSZ-0104] Net _013205_ only has one pin. Check if it is intended to be dangling.
[WARNING RSZ-0104] Net _013204_ only has one pin. Check if it is intended to be dangling.
[WARNING RSZ-0104] Net _013202_ only has one pin. Check if it is intended to be dangling.
[WARNING RSZ-0104] Net _013201_ only has one pin. Check if it is intended to be dangling.
[WARNING RSZ-0104] Net _013199_ only has one pin. Check if it is intended to be dangling.
[WARNING RSZ-0104] Net _013198_ only has one pin. Check if it is intended to be dangling.
[WARNING RSZ-0104] Net _013196_ only has one pin. Check if it is intended to be dangling.
[WARNING RSZ-0104] Net _013195_ only has one pin. Check if it is intended to be dangling.
[WARNING RSZ-0104] Net _013183_ only has one pin. Check if it is intended to be dangling.
[WARNING RSZ-0104] Net _013182_ only has one pin. Check if it is intended to be dangling.
[WARNING RSZ-0104] Net _013180_ only has one pin. Check if it is intended to be dangling.
[WARNING RSZ-0104] Net _013179_ only has one pin. Check if it is intended to be dangling.
[WARNING RSZ-0104] Net _013177_ only has one pin. Check if it is intended to be dangling.
[WARNING RSZ-0104] Net _013176_ only has one pin. Check if it is intended to be dangling.
[WARNING RSZ-0104] Net _013173_ only has one pin. Check if it is intended to be dangling.
[WARNING RSZ-0104] Net _013170_ only has one pin. Check if it is intended to be dangling.
[WARNING RSZ-0104] Net _013168_ only has one pin. Check if it is intended to be dangling.
[WARNING RSZ-0104] Net _013167_ only has one pin. Check if it is intended to be dangling.
[WARNING RSZ-0104] Net _013165_ only has one pin. Check if it is intended to be dangling.
[WARNING RSZ-0104] Net _013164_ only has one pin. Check if it is intended to be dangling.
[WARNING RSZ-0104] Net _013162_ only has one pin. Check if it is intended to be dangling.
[WARNING RSZ-0104] Net _013161_ only has one pin. Check if it is intended to be dangling.
[WARNING RSZ-0104] Net _013159_ only has one pin. Check if it is intended to be dangling.
[WARNING RSZ-0104] Net _013158_ only has one pin. Check if it is intended to be dangling.
[WARNING RSZ-0104] Net _013156_ only has one pin. Check if it is intended to be dangling.
[WARNING RSZ-0104] Net _013155_ only has one pin. Check if it is intended to be dangling.
[WARNING RSZ-0104] Net _013153_ only has one pin. Check if it is intended to be dangling.
[WARNING RSZ-0104] Net _013152_ only has one pin. Check if it is intended to be dangling.
[WARNING RSZ-0104] Net _013150_ only has one pin. Check if it is intended to be dangling.
[WARNING RSZ-0104] Net _013149_ only has one pin. Check if it is intended to be dangling.
[WARNING RSZ-0104] Net _013147_ only has one pin. Check if it is intended to be dangling.
[WARNING RSZ-0104] Net _013146_ only has one pin. Check if it is intended to be dangling.
[WARNING RSZ-0104] Net _013144_ only has one pin. Check if it is intended to be dangling.
[WARNING RSZ-0104] Net _013143_ only has one pin. Check if it is intended to be dangling.
[WARNING RSZ-0104] Net _013141_ only has one pin. Check if it is intended to be dangling.
[WARNING RSZ-0104] Net _013140_ only has one pin. Check if it is intended to be dangling.
[WARNING RSZ-0104] Net _013138_ only has one pin. Check if it is intended to be dangling.
[WARNING RSZ-0104] Net _013137_ only has one pin. Check if it is intended to be dangling.
[WARNING RSZ-0104] Net _013135_ only has one pin. Check if it is intended to be dangling.
[WARNING RSZ-0104] Net _013134_ only has one pin. Check if it is intended to be dangling.
[WARNING RSZ-0104] Net _013132_ only has one pin. Check if it is intended to be dangling.
[WARNING RSZ-0104] Net _013131_ only has one pin. Check if it is intended to be dangling.
[WARNING RSZ-0104] Net _013129_ only has one pin. Check if it is intended to be dangling.
[WARNING RSZ-0104] Net _013128_ only has one pin. Check if it is intended to be dangling.
[WARNING RSZ-0104] Net _013126_ only has one pin. Check if it is intended to be dangling.
[WARNING RSZ-0104] Net _013125_ only has one pin. Check if it is intended to be dangling.
[WARNING RSZ-0104] Net _013123_ only has one pin. Check if it is intended to be dangling.
[WARNING RSZ-0104] Net _013122_ only has one pin. Check if it is intended to be dangling.
[WARNING RSZ-0104] Net _013120_ only has one pin. Check if it is intended to be dangling.
[WARNING RSZ-0104] Net _013119_ only has one pin. Check if it is intended to be dangling.
[WARNING RSZ-0104] Net _013117_ only has one pin. Check if it is intended to be dangling.
[WARNING RSZ-0104] Net _013116_ only has one pin. Check if it is intended to be dangling.
[WARNING RSZ-0104] Net _013114_ only has one pin. Check if it is intended to be dangling.
[WARNING RSZ-0104] Net _013113_ only has one pin. Check if it is intended to be dangling.
[WARNING RSZ-0104] Net _013111_ only has one pin. Check if it is intended to be dangling.
[WARNING RSZ-0104] Net _013110_ only has one pin. Check if it is intended to be dangling.
[WARNING RSZ-0104] Net _013108_ only has one pin. Check if it is intended to be dangling.
[WARNING RSZ-0104] Net _013107_ only has one pin. Check if it is intended to be dangling.
[WARNING RSZ-0104] Net _013105_ only has one pin. Check if it is intended to be dangling.
[WARNING RSZ-0104] Net _013104_ only has one pin. Check if it is intended to be dangling.
    74000 |     +0.3% |      92 |     234 |           292 |     27553
[WARNING RSZ-0104] Net _013102_ only has one pin. Check if it is intended to be dangling.
[WARNING RSZ-0104] Net _013101_ only has one pin. Check if it is intended to be dangling.
[WARNING RSZ-0104] Net _013099_ only has one pin. Check if it is intended to be dangling.
[WARNING RSZ-0104] Net _013098_ only has one pin. Check if it is intended to be dangling.
[WARNING RSZ-0104] Net _013096_ only has one pin. Check if it is intended to be dangling.
[WARNING RSZ-0104] Net _013095_ only has one pin. Check if it is intended to be dangling.
[WARNING RSZ-0104] Net _013093_ only has one pin. Check if it is intended to be dangling.
[WARNING RSZ-0104] Net _013092_ only has one pin. Check if it is intended to be dangling.
[WARNING RSZ-0104] Net _013090_ only has one pin. Check if it is intended to be dangling.
[WARNING RSZ-0104] Net _013089_ only has one pin. Check if it is intended to be dangling.
[WARNING RSZ-0104] Net _000000_ only has one pin. Check if it is intended to be dangling.
[WARNING RSZ-0104] Net _010307_ only has one pin. Check if it is intended to be dangling.
[WARNING RSZ-0104] Net _010306_ only has one pin. Check if it is intended to be dangling.
[WARNING RSZ-0104] Net _010305_ only has one pin. Check if it is intended to be dangling.
[WARNING RSZ-0104] Net _010304_ only has one pin. Check if it is intended to be dangling.
[WARNING RSZ-0104] Net _010303_ only has one pin. Check if it is intended to be dangling.
[WARNING RSZ-0104] Net _010302_ only has one pin. Check if it is intended to be dangling.
[WARNING RSZ-0104] Net _010301_ only has one pin. Check if it is intended to be dangling.
[WARNING RSZ-0104] Net _010300_ only has one pin. Check if it is intended to be dangling.
[WARNING RSZ-0104] Net _010299_ only has one pin. Check if it is intended to be dangling.
[WARNING RSZ-0104] Net _010298_ only has one pin. Check if it is intended to be dangling.
[WARNING RSZ-0104] Net _010297_ only has one pin. Check if it is intended to be dangling.
[WARNING RSZ-0104] Net _010296_ only has one pin. Check if it is intended to be dangling.
[WARNING RSZ-0104] Net _010295_ only has one pin. Check if it is intended to be dangling.
[WARNING RSZ-0104] Net _010294_ only has one pin. Check if it is intended to be dangling.
[WARNING RSZ-0104] Net _010293_ only has one pin. Check if it is intended to be dangling.
[WARNING RSZ-0104] Net _010292_ only has one pin. Check if it is intended to be dangling.
[WARNING RSZ-0104] Net _010291_ only has one pin. Check if it is intended to be dangling.
[WARNING RSZ-0104] Net _010290_ only has one pin. Check if it is intended to be dangling.
[WARNING RSZ-0104] Net _010289_ only has one pin. Check if it is intended to be dangling.
[WARNING RSZ-0104] Net _010288_ only has one pin. Check if it is intended to be dangling.
[WARNING RSZ-0104] Net _010287_ only has one pin. Check if it is intended to be dangling.
[WARNING RSZ-0104] Net _010286_ only has one pin. Check if it is intended to be dangling.
[WARNING RSZ-0104] Net _010285_ only has one pin. Check if it is intended to be dangling.
[WARNING RSZ-0104] Net _010284_ only has one pin. Check if it is intended to be dangling.
[WARNING RSZ-0104] Net _010283_ only has one pin. Check if it is intended to be dangling.
[WARNING RSZ-0104] Net _010282_ only has one pin. Check if it is intended to be dangling.
[WARNING RSZ-0104] Net _010281_ only has one pin. Check if it is intended to be dangling.
[WARNING RSZ-0104] Net _010280_ only has one pin. Check if it is intended to be dangling.
[WARNING RSZ-0104] Net _010279_ only has one pin. Check if it is intended to be dangling.
[WARNING RSZ-0104] Net _010278_ only has one pin. Check if it is intended to be dangling.
[WARNING RSZ-0104] Net _010277_ only has one pin. Check if it is intended to be dangling.
[WARNING RSZ-0104] Net _010276_ only has one pin. Check if it is intended to be dangling.
[WARNING RSZ-0104] Net _000957_ only has one pin. Check if it is intended to be dangling.
[WARNING RSZ-0104] Net _000954_ only has one pin. Check if it is intended to be dangling.
[WARNING RSZ-0104] Net _000945_ only has one pin. Check if it is intended to be dangling.
[WARNING RSZ-0104] Net _010275_ only has one pin. Check if it is intended to be dangling.
[WARNING RSZ-0104] Net _000574_ only has one pin. Check if it is intended to be dangling.
[WARNING RSZ-0104] Net _000576_ only has one pin. Check if it is intended to be dangling.
[WARNING RSZ-0104] Net _000571_ only has one pin. Check if it is intended to be dangling.
[WARNING RSZ-0104] Net _010274_ only has one pin. Check if it is intended to be dangling.
[WARNING RSZ-0104] Net _000183_ only has one pin. Check if it is intended to be dangling.
[WARNING RSZ-0104] Net _000037_ only has one pin. Check if it is intended to be dangling.
[WARNING RSZ-0104] Net _000036_ only has one pin. Check if it is intended to be dangling.
[WARNING RSZ-0104] Net _010273_ only has one pin. Check if it is intended to be dangling.
[WARNING RSZ-0104] Net _000591_ only has one pin. Check if it is intended to be dangling.
[WARNING RSZ-0104] Net _000582_ only has one pin. Check if it is intended to be dangling.
[WARNING RSZ-0104] Net _000580_ only has one pin. Check if it is intended to be dangling.
[WARNING RSZ-0104] Net _010272_ only has one pin. Check if it is intended to be dangling.
[WARNING RSZ-0104] Net _000893_ only has one pin. Check if it is intended to be dangling.
[WARNING RSZ-0104] Net _000633_ only has one pin. Check if it is intended to be dangling.
[WARNING RSZ-0104] Net _000631_ only has one pin. Check if it is intended to be dangling.
[WARNING RSZ-0104] Net _010271_ only has one pin. Check if it is intended to be dangling.
[WARNING RSZ-0104] Net _000926_ only has one pin. Check if it is intended to be dangling.
[WARNING RSZ-0104] Net _000920_ only has one pin. Check if it is intended to be dangling.
[WARNING RSZ-0104] Net _000919_ only has one pin. Check if it is intended to be dangling.
[WARNING RSZ-0104] Net _010270_ only has one pin. Check if it is intended to be dangling.
[WARNING RSZ-0104] Net _001059_ only has one pin. Check if it is intended to be dangling.
[WARNING RSZ-0104] Net _001037_ only has one pin. Check if it is intended to be dangling.
[WARNING RSZ-0104] Net _001031_ only has one pin. Check if it is intended to be dangling.
[WARNING RSZ-0104] Net _010269_ only has one pin. Check if it is intended to be dangling.
[WARNING RSZ-0104] Net _000182_ only has one pin. Check if it is intended to be dangling.
[WARNING RSZ-0104] Net _000275_ only has one pin. Check if it is intended to be dangling.
[WARNING RSZ-0104] Net _000272_ only has one pin. Check if it is intended to be dangling.
[WARNING RSZ-0104] Net _010268_ only has one pin. Check if it is intended to be dangling.
[WARNING RSZ-0104] Net _010245_ only has one pin. Check if it is intended to be dangling.
[WARNING RSZ-0104] Net _010244_ only has one pin. Check if it is intended to be dangling.
[WARNING RSZ-0104] Net _010243_ only has one pin. Check if it is intended to be dangling.
[WARNING RSZ-0104] Net _010242_ only has one pin. Check if it is intended to be dangling.
[WARNING RSZ-0104] Net _010241_ only has one pin. Check if it is intended to be dangling.
[WARNING RSZ-0104] Net _010240_ only has one pin. Check if it is intended to be dangling.
[WARNING RSZ-0104] Net _010239_ only has one pin. Check if it is intended to be dangling.
[WARNING RSZ-0104] Net _010267_ only has one pin. Check if it is intended to be dangling.
[WARNING RSZ-0104] Net _010266_ only has one pin. Check if it is intended to be dangling.
[WARNING RSZ-0104] Net _010238_ only has one pin. Check if it is intended to be dangling.
[WARNING RSZ-0104] Net _010265_ only has one pin. Check if it is intended to be dangling.
[WARNING RSZ-0104] Net _010264_ only has one pin. Check if it is intended to be dangling.
[WARNING RSZ-0104] Net _010263_ only has one pin. Check if it is intended to be dangling.
[WARNING RSZ-0104] Net _010262_ only has one pin. Check if it is intended to be dangling.
[WARNING RSZ-0104] Net _010261_ only has one pin. Check if it is intended to be dangling.
[WARNING RSZ-0104] Net _010260_ only has one pin. Check if it is intended to be dangling.
[WARNING RSZ-0104] Net _010259_ only has one pin. Check if it is intended to be dangling.
[WARNING RSZ-0104] Net _010258_ only has one pin. Check if it is intended to be dangling.
[WARNING RSZ-0104] Net _010257_ only has one pin. Check if it is intended to be dangling.
[WARNING RSZ-0104] Net _010256_ only has one pin. Check if it is intended to be dangling.
[WARNING RSZ-0104] Net _010237_ only has one pin. Check if it is intended to be dangling.
[WARNING RSZ-0104] Net _010255_ only has one pin. Check if it is intended to be dangling.
[WARNING RSZ-0104] Net _010254_ only has one pin. Check if it is intended to be dangling.
[WARNING RSZ-0104] Net _010253_ only has one pin. Check if it is intended to be dangling.
[WARNING RSZ-0104] Net _010252_ only has one pin. Check if it is intended to be dangling.
[WARNING RSZ-0104] Net _010251_ only has one pin. Check if it is intended to be dangling.
[WARNING RSZ-0104] Net _010250_ only has one pin. Check if it is intended to be dangling.
[WARNING RSZ-0104] Net _010249_ only has one pin. Check if it is intended to be dangling.
[WARNING RSZ-0104] Net _010248_ only has one pin. Check if it is intended to be dangling.
[WARNING RSZ-0104] Net _010247_ only has one pin. Check if it is intended to be dangling.
[WARNING RSZ-0104] Net _010246_ only has one pin. Check if it is intended to be dangling.
[WARNING RSZ-0104] Net _010236_ only has one pin. Check if it is intended to be dangling.
[WARNING RSZ-0104] Net _010213_ only has one pin. Check if it is intended to be dangling.
[WARNING RSZ-0104] Net _010212_ only has one pin. Check if it is intended to be dangling.
[WARNING RSZ-0104] Net _010211_ only has one pin. Check if it is intended to be dangling.
[WARNING RSZ-0104] Net _010210_ only has one pin. Check if it is intended to be dangling.
[WARNING RSZ-0104] Net _010209_ only has one pin. Check if it is intended to be dangling.
[WARNING RSZ-0104] Net _010208_ only has one pin. Check if it is intended to be dangling.
[WARNING RSZ-0104] Net _010207_ only has one pin. Check if it is intended to be dangling.
[WARNING RSZ-0104] Net _010235_ only has one pin. Check if it is intended to be dangling.
[WARNING RSZ-0104] Net _010234_ only has one pin. Check if it is intended to be dangling.
[WARNING RSZ-0104] Net _010206_ only has one pin. Check if it is intended to be dangling.
[WARNING RSZ-0104] Net _010233_ only has one pin. Check if it is intended to be dangling.
[WARNING RSZ-0104] Net _010232_ only has one pin. Check if it is intended to be dangling.
[WARNING RSZ-0104] Net _010231_ only has one pin. Check if it is intended to be dangling.
[WARNING RSZ-0104] Net _010230_ only has one pin. Check if it is intended to be dangling.
[WARNING RSZ-0104] Net _010229_ only has one pin. Check if it is intended to be dangling.
[WARNING RSZ-0104] Net _010228_ only has one pin. Check if it is intended to be dangling.
[WARNING RSZ-0104] Net _010227_ only has one pin. Check if it is intended to be dangling.
[WARNING RSZ-0104] Net _010226_ only has one pin. Check if it is intended to be dangling.
[WARNING RSZ-0104] Net _010225_ only has one pin. Check if it is intended to be dangling.
[WARNING RSZ-0104] Net _010224_ only has one pin. Check if it is intended to be dangling.
[WARNING RSZ-0104] Net _010205_ only has one pin. Check if it is intended to be dangling.
[WARNING RSZ-0104] Net _010223_ only has one pin. Check if it is intended to be dangling.
[WARNING RSZ-0104] Net _010222_ only has one pin. Check if it is intended to be dangling.
[WARNING RSZ-0104] Net _010221_ only has one pin. Check if it is intended to be dangling.
[WARNING RSZ-0104] Net _010220_ only has one pin. Check if it is intended to be dangling.
[WARNING RSZ-0104] Net _010219_ only has one pin. Check if it is intended to be dangling.
[WARNING RSZ-0104] Net _010218_ only has one pin. Check if it is intended to be dangling.
[WARNING RSZ-0104] Net _010217_ only has one pin. Check if it is intended to be dangling.
[WARNING RSZ-0104] Net _010216_ only has one pin. Check if it is intended to be dangling.
[WARNING RSZ-0104] Net _010215_ only has one pin. Check if it is intended to be dangling.
[WARNING RSZ-0104] Net _010214_ only has one pin. Check if it is intended to be dangling.
[WARNING RSZ-0104] Net _010204_ only has one pin. Check if it is intended to be dangling.
[WARNING RSZ-0104] Net lsu.dccm_ctl.N23 only has one pin. Check if it is intended to be dangling.
[WARNING RSZ-0104] Net lsu.dccm_ctl.N19 only has one pin. Check if it is intended to be dangling.
[WARNING RSZ-0104] Net lsu.dccm_ctl.N39 only has one pin. Check if it is intended to be dangling.
[WARNING RSZ-0104] Net lsu.dccm_ctl.N35 only has one pin. Check if it is intended to be dangling.
[WARNING RSZ-0104] Net _010203_ only has one pin. Check if it is intended to be dangling.
[WARNING RSZ-0104] Net _010202_ only has one pin. Check if it is intended to be dangling.
[WARNING RSZ-0104] Net _010201_ only has one pin. Check if it is intended to be dangling.
[WARNING RSZ-0104] Net _010200_ only has one pin. Check if it is intended to be dangling.
[WARNING RSZ-0104] Net _010199_ only has one pin. Check if it is intended to be dangling.
[WARNING RSZ-0104] Net _010198_ only has one pin. Check if it is intended to be dangling.
[WARNING RSZ-0104] Net _010197_ only has one pin. Check if it is intended to be dangling.
[WARNING RSZ-0104] Net _010196_ only has one pin. Check if it is intended to be dangling.
[WARNING RSZ-0104] Net _010195_ only has one pin. Check if it is intended to be dangling.
[WARNING RSZ-0104] Net _010172_ only has one pin. Check if it is intended to be dangling.
[WARNING RSZ-0104] Net _010171_ only has one pin. Check if it is intended to be dangling.
[WARNING RSZ-0104] Net _010170_ only has one pin. Check if it is intended to be dangling.
[WARNING RSZ-0104] Net _010169_ only has one pin. Check if it is intended to be dangling.
[WARNING RSZ-0104] Net _010168_ only has one pin. Check if it is intended to be dangling.
[WARNING RSZ-0104] Net _010167_ only has one pin. Check if it is intended to be dangling.
[WARNING RSZ-0104] Net _010166_ only has one pin. Check if it is intended to be dangling.
[WARNING RSZ-0104] Net _010194_ only has one pin. Check if it is intended to be dangling.
[WARNING RSZ-0104] Net _010193_ only has one pin. Check if it is intended to be dangling.
[WARNING RSZ-0104] Net _010165_ only has one pin. Check if it is intended to be dangling.
[WARNING RSZ-0104] Net _010192_ only has one pin. Check if it is intended to be dangling.
[WARNING RSZ-0104] Net _010191_ only has one pin. Check if it is intended to be dangling.
[WARNING RSZ-0104] Net _010190_ only has one pin. Check if it is intended to be dangling.
[WARNING RSZ-0104] Net _010189_ only has one pin. Check if it is intended to be dangling.
[WARNING RSZ-0104] Net _010188_ only has one pin. Check if it is intended to be dangling.
[WARNING RSZ-0104] Net _010187_ only has one pin. Check if it is intended to be dangling.
[WARNING RSZ-0104] Net _010186_ only has one pin. Check if it is intended to be dangling.
[WARNING RSZ-0104] Net _010185_ only has one pin. Check if it is intended to be dangling.
[WARNING RSZ-0104] Net _010184_ only has one pin. Check if it is intended to be dangling.
[WARNING RSZ-0104] Net _010183_ only has one pin. Check if it is intended to be dangling.
[WARNING RSZ-0104] Net _010164_ only has one pin. Check if it is intended to be dangling.
[WARNING RSZ-0104] Net _010182_ only has one pin. Check if it is intended to be dangling.
[WARNING RSZ-0104] Net _010181_ only has one pin. Check if it is intended to be dangling.
[WARNING RSZ-0104] Net _010180_ only has one pin. Check if it is intended to be dangling.
[WARNING RSZ-0104] Net _010179_ only has one pin. Check if it is intended to be dangling.
[WARNING RSZ-0104] Net _010178_ only has one pin. Check if it is intended to be dangling.
[WARNING RSZ-0104] Net _010177_ only has one pin. Check if it is intended to be dangling.
[WARNING RSZ-0104] Net _010176_ only has one pin. Check if it is intended to be dangling.
[WARNING RSZ-0104] Net _010175_ only has one pin. Check if it is intended to be dangling.
[WARNING RSZ-0104] Net _010174_ only has one pin. Check if it is intended to be dangling.
[WARNING RSZ-0104] Net _010173_ only has one pin. Check if it is intended to be dangling.
[WARNING RSZ-0104] Net _010163_ only has one pin. Check if it is intended to be dangling.
[WARNING RSZ-0104] Net _010162_ only has one pin. Check if it is intended to be dangling.
[WARNING RSZ-0104] Net _000835_ only has one pin. Check if it is intended to be dangling.
[WARNING RSZ-0104] Net _000634_ only has one pin. Check if it is intended to be dangling.
[WARNING RSZ-0104] Net _000632_ only has one pin. Check if it is intended to be dangling.
[WARNING RSZ-0104] Net _000772_ only has one pin. Check if it is intended to be dangling.
[WARNING RSZ-0104] Net _010155_ only has one pin. Check if it is intended to be dangling.
[WARNING RSZ-0104] Net _010154_ only has one pin. Check if it is intended to be dangling.
[WARNING RSZ-0104] Net _010153_ only has one pin. Check if it is intended to be dangling.
[WARNING RSZ-0104] Net _010152_ only has one pin. Check if it is intended to be dangling.
[WARNING RSZ-0104] Net _010151_ only has one pin. Check if it is intended to be dangling.
[WARNING RSZ-0104] Net _010150_ only has one pin. Check if it is intended to be dangling.
[WARNING RSZ-0104] Net _010149_ only has one pin. Check if it is intended to be dangling.
[WARNING RSZ-0104] Net _010148_ only has one pin. Check if it is intended to be dangling.
[WARNING RSZ-0104] Net _010147_ only has one pin. Check if it is intended to be dangling.
[WARNING RSZ-0104] Net _010161_ only has one pin. Check if it is intended to be dangling.
[WARNING RSZ-0104] Net _010160_ only has one pin. Check if it is intended to be dangling.
[WARNING RSZ-0104] Net _010159_ only has one pin. Check if it is intended to be dangling.
[WARNING RSZ-0104] Net _010158_ only has one pin. Check if it is intended to be dangling.
[WARNING RSZ-0104] Net _010157_ only has one pin. Check if it is intended to be dangling.
[WARNING RSZ-0104] Net _010156_ only has one pin. Check if it is intended to be dangling.
[WARNING RSZ-0104] Net _010146_ only has one pin. Check if it is intended to be dangling.
[WARNING RSZ-0104] Net _010145_ only has one pin. Check if it is intended to be dangling.
[WARNING RSZ-0104] Net _010122_ only has one pin. Check if it is intended to be dangling.
[WARNING RSZ-0104] Net _010121_ only has one pin. Check if it is intended to be dangling.
[WARNING RSZ-0104] Net _010120_ only has one pin. Check if it is intended to be dangling.
[WARNING RSZ-0104] Net _010119_ only has one pin. Check if it is intended to be dangling.
[WARNING RSZ-0104] Net _010118_ only has one pin. Check if it is intended to be dangling.
[WARNING RSZ-0104] Net _010117_ only has one pin. Check if it is intended to be dangling.
[WARNING RSZ-0104] Net _010116_ only has one pin. Check if it is intended to be dangling.
[WARNING RSZ-0104] Net _010144_ only has one pin. Check if it is intended to be dangling.
[WARNING RSZ-0104] Net _010143_ only has one pin. Check if it is intended to be dangling.
[WARNING RSZ-0104] Net _010115_ only has one pin. Check if it is intended to be dangling.
[WARNING RSZ-0104] Net _010142_ only has one pin. Check if it is intended to be dangling.
[WARNING RSZ-0104] Net _010141_ only has one pin. Check if it is intended to be dangling.
[WARNING RSZ-0104] Net _010140_ only has one pin. Check if it is intended to be dangling.
[WARNING RSZ-0104] Net _010139_ only has one pin. Check if it is intended to be dangling.
[WARNING RSZ-0104] Net _010138_ only has one pin. Check if it is intended to be dangling.
[WARNING RSZ-0104] Net _010137_ only has one pin. Check if it is intended to be dangling.
[WARNING RSZ-0104] Net _010136_ only has one pin. Check if it is intended to be dangling.
[WARNING RSZ-0104] Net _010135_ only has one pin. Check if it is intended to be dangling.
[WARNING RSZ-0104] Net _010134_ only has one pin. Check if it is intended to be dangling.
[WARNING RSZ-0104] Net _010133_ only has one pin. Check if it is intended to be dangling.
[WARNING RSZ-0104] Net _010114_ only has one pin. Check if it is intended to be dangling.
[WARNING RSZ-0104] Net _010132_ only has one pin. Check if it is intended to be dangling.
[WARNING RSZ-0104] Net _010131_ only has one pin. Check if it is intended to be dangling.
[WARNING RSZ-0104] Net _010130_ only has one pin. Check if it is intended to be dangling.
[WARNING RSZ-0104] Net _010129_ only has one pin. Check if it is intended to be dangling.
[WARNING RSZ-0104] Net _010128_ only has one pin. Check if it is intended to be dangling.
[WARNING RSZ-0104] Net _010127_ only has one pin. Check if it is intended to be dangling.
[WARNING RSZ-0104] Net _010126_ only has one pin. Check if it is intended to be dangling.
[WARNING RSZ-0104] Net _010125_ only has one pin. Check if it is intended to be dangling.
[WARNING RSZ-0104] Net _010124_ only has one pin. Check if it is intended to be dangling.
[WARNING RSZ-0104] Net _010123_ only has one pin. Check if it is intended to be dangling.
[WARNING RSZ-0104] Net _010113_ only has one pin. Check if it is intended to be dangling.
[WARNING RSZ-0104] Net _010112_ only has one pin. Check if it is intended to be dangling.
[WARNING RSZ-0104] Net _000555_ only has one pin. Check if it is intended to be dangling.
[WARNING RSZ-0104] Net _000553_ only has one pin. Check if it is intended to be dangling.
[WARNING RSZ-0104] Net _000552_ only has one pin. Check if it is intended to be dangling.
[WARNING RSZ-0104] Net _000554_ only has one pin. Check if it is intended to be dangling.
[WARNING RSZ-0104] Net _010105_ only has one pin. Check if it is intended to be dangling.
[WARNING RSZ-0104] Net _010104_ only has one pin. Check if it is intended to be dangling.
[WARNING RSZ-0104] Net _010103_ only has one pin. Check if it is intended to be dangling.
[WARNING RSZ-0104] Net _010102_ only has one pin. Check if it is intended to be dangling.
[WARNING RSZ-0104] Net _010101_ only has one pin. Check if it is intended to be dangling.
[WARNING RSZ-0104] Net _010100_ only has one pin. Check if it is intended to be dangling.
[WARNING RSZ-0104] Net _010099_ only has one pin. Check if it is intended to be dangling.
[WARNING RSZ-0104] Net _010098_ only has one pin. Check if it is intended to be dangling.
[WARNING RSZ-0104] Net _010097_ only has one pin. Check if it is intended to be dangling.
[WARNING RSZ-0104] Net _010111_ only has one pin. Check if it is intended to be dangling.
[WARNING RSZ-0104] Net _010110_ only has one pin. Check if it is intended to be dangling.
[WARNING RSZ-0104] Net _010109_ only has one pin. Check if it is intended to be dangling.
[WARNING RSZ-0104] Net _010108_ only has one pin. Check if it is intended to be dangling.
[WARNING RSZ-0104] Net _010107_ only has one pin. Check if it is intended to be dangling.
[WARNING RSZ-0104] Net _010106_ only has one pin. Check if it is intended to be dangling.
[WARNING RSZ-0104] Net _010096_ only has one pin. Check if it is intended to be dangling.
[WARNING RSZ-0104] Net _010095_ only has one pin. Check if it is intended to be dangling.
[WARNING RSZ-0104] Net _010072_ only has one pin. Check if it is intended to be dangling.
[WARNING RSZ-0104] Net _010071_ only has one pin. Check if it is intended to be dangling.
[WARNING RSZ-0104] Net _010070_ only has one pin. Check if it is intended to be dangling.
[WARNING RSZ-0104] Net _010069_ only has one pin. Check if it is intended to be dangling.
[WARNING RSZ-0104] Net _010068_ only has one pin. Check if it is intended to be dangling.
[WARNING RSZ-0104] Net _010067_ only has one pin. Check if it is intended to be dangling.
[WARNING RSZ-0104] Net _010066_ only has one pin. Check if it is intended to be dangling.
[WARNING RSZ-0104] Net _010094_ only has one pin. Check if it is intended to be dangling.
[WARNING RSZ-0104] Net _010093_ only has one pin. Check if it is intended to be dangling.
[WARNING RSZ-0104] Net _010065_ only has one pin. Check if it is intended to be dangling.
[WARNING RSZ-0104] Net _010092_ only has one pin. Check if it is intended to be dangling.
[WARNING RSZ-0104] Net _010091_ only has one pin. Check if it is intended to be dangling.
[WARNING RSZ-0104] Net _010090_ only has one pin. Check if it is intended to be dangling.
[WARNING RSZ-0104] Net _010089_ only has one pin. Check if it is intended to be dangling.
[WARNING RSZ-0104] Net _010088_ only has one pin. Check if it is intended to be dangling.
[WARNING RSZ-0104] Net _010087_ only has one pin. Check if it is intended to be dangling.
[WARNING RSZ-0104] Net _010086_ only has one pin. Check if it is intended to be dangling.
[WARNING RSZ-0104] Net _010085_ only has one pin. Check if it is intended to be dangling.
[WARNING RSZ-0104] Net _010084_ only has one pin. Check if it is intended to be dangling.
[WARNING RSZ-0104] Net _010083_ only has one pin. Check if it is intended to be dangling.
[WARNING RSZ-0104] Net _010064_ only has one pin. Check if it is intended to be dangling.
[WARNING RSZ-0104] Net _010082_ only has one pin. Check if it is intended to be dangling.
[WARNING RSZ-0104] Net _010081_ only has one pin. Check if it is intended to be dangling.
[WARNING RSZ-0104] Net _010080_ only has one pin. Check if it is intended to be dangling.
[WARNING RSZ-0104] Net _010079_ only has one pin. Check if it is intended to be dangling.
[WARNING RSZ-0104] Net _010078_ only has one pin. Check if it is intended to be dangling.
[WARNING RSZ-0104] Net _010077_ only has one pin. Check if it is intended to be dangling.
[WARNING RSZ-0104] Net _010076_ only has one pin. Check if it is intended to be dangling.
[WARNING RSZ-0104] Net _010075_ only has one pin. Check if it is intended to be dangling.
[WARNING RSZ-0104] Net _010074_ only has one pin. Check if it is intended to be dangling.
[WARNING RSZ-0104] Net _010073_ only has one pin. Check if it is intended to be dangling.
[WARNING RSZ-0104] Net _010063_ only has one pin. Check if it is intended to be dangling.
[WARNING RSZ-0104] Net _010062_ only has one pin. Check if it is intended to be dangling.
[WARNING RSZ-0104] Net _000270_ only has one pin. Check if it is intended to be dangling.
[WARNING RSZ-0104] Net _000568_ only has one pin. Check if it is intended to be dangling.
[WARNING RSZ-0104] Net _000285_ only has one pin. Check if it is intended to be dangling.
[WARNING RSZ-0104] Net _000581_ only has one pin. Check if it is intended to be dangling.
[WARNING RSZ-0104] Net _010055_ only has one pin. Check if it is intended to be dangling.
[WARNING RSZ-0104] Net _010054_ only has one pin. Check if it is intended to be dangling.
[WARNING RSZ-0104] Net _010053_ only has one pin. Check if it is intended to be dangling.
[WARNING RSZ-0104] Net _010052_ only has one pin. Check if it is intended to be dangling.
[WARNING RSZ-0104] Net _010051_ only has one pin. Check if it is intended to be dangling.
[WARNING RSZ-0104] Net _010050_ only has one pin. Check if it is intended to be dangling.
[WARNING RSZ-0104] Net _010049_ only has one pin. Check if it is intended to be dangling.
[WARNING RSZ-0104] Net _010048_ only has one pin. Check if it is intended to be dangling.
[WARNING RSZ-0104] Net _010047_ only has one pin. Check if it is intended to be dangling.
[WARNING RSZ-0104] Net _010061_ only has one pin. Check if it is intended to be dangling.
[WARNING RSZ-0104] Net _010060_ only has one pin. Check if it is intended to be dangling.
[WARNING RSZ-0104] Net _010059_ only has one pin. Check if it is intended to be dangling.
[WARNING RSZ-0104] Net _010058_ only has one pin. Check if it is intended to be dangling.
[WARNING RSZ-0104] Net _010057_ only has one pin. Check if it is intended to be dangling.
[WARNING RSZ-0104] Net _010056_ only has one pin. Check if it is intended to be dangling.
[WARNING RSZ-0104] Net _010046_ only has one pin. Check if it is intended to be dangling.
[WARNING RSZ-0104] Net _010045_ only has one pin. Check if it is intended to be dangling.
[WARNING RSZ-0104] Net _010022_ only has one pin. Check if it is intended to be dangling.
[WARNING RSZ-0104] Net _010021_ only has one pin. Check if it is intended to be dangling.
[WARNING RSZ-0104] Net _010020_ only has one pin. Check if it is intended to be dangling.
[WARNING RSZ-0104] Net _010019_ only has one pin. Check if it is intended to be dangling.
[WARNING RSZ-0104] Net _010018_ only has one pin. Check if it is intended to be dangling.
[WARNING RSZ-0104] Net _010017_ only has one pin. Check if it is intended to be dangling.
[WARNING RSZ-0104] Net _010016_ only has one pin. Check if it is intended to be dangling.
[WARNING RSZ-0104] Net _010044_ only has one pin. Check if it is intended to be dangling.
[WARNING RSZ-0104] Net _010043_ only has one pin. Check if it is intended to be dangling.
[WARNING RSZ-0104] Net _010015_ only has one pin. Check if it is intended to be dangling.
[WARNING RSZ-0104] Net _010042_ only has one pin. Check if it is intended to be dangling.
[WARNING RSZ-0104] Net _010041_ only has one pin. Check if it is intended to be dangling.
[WARNING RSZ-0104] Net _010040_ only has one pin. Check if it is intended to be dangling.
[WARNING RSZ-0104] Net _010039_ only has one pin. Check if it is intended to be dangling.
[WARNING RSZ-0104] Net _010038_ only has one pin. Check if it is intended to be dangling.
[WARNING RSZ-0104] Net _010037_ only has one pin. Check if it is intended to be dangling.
[WARNING RSZ-0104] Net _010036_ only has one pin. Check if it is intended to be dangling.
[WARNING RSZ-0104] Net _010035_ only has one pin. Check if it is intended to be dangling.
[WARNING RSZ-0104] Net _010034_ only has one pin. Check if it is intended to be dangling.
[WARNING RSZ-0104] Net _010033_ only has one pin. Check if it is intended to be dangling.
[WARNING RSZ-0104] Net _010014_ only has one pin. Check if it is intended to be dangling.
[WARNING RSZ-0104] Net _010032_ only has one pin. Check if it is intended to be dangling.
[WARNING RSZ-0104] Net _010031_ only has one pin. Check if it is intended to be dangling.
[WARNING RSZ-0104] Net _010030_ only has one pin. Check if it is intended to be dangling.
[WARNING RSZ-0104] Net _010029_ only has one pin. Check if it is intended to be dangling.
[WARNING RSZ-0104] Net _010028_ only has one pin. Check if it is intended to be dangling.
[WARNING RSZ-0104] Net _010027_ only has one pin. Check if it is intended to be dangling.
[WARNING RSZ-0104] Net _010026_ only has one pin. Check if it is intended to be dangling.
[WARNING RSZ-0104] Net _010025_ only has one pin. Check if it is intended to be dangling.
[WARNING RSZ-0104] Net _010024_ only has one pin. Check if it is intended to be dangling.
[WARNING RSZ-0104] Net _010023_ only has one pin. Check if it is intended to be dangling.
[WARNING RSZ-0104] Net _010013_ only has one pin. Check if it is intended to be dangling.
[WARNING RSZ-0104] Net _010012_ only has one pin. Check if it is intended to be dangling.
[WARNING RSZ-0104] Net _000102_ only has one pin. Check if it is intended to be dangling.
[WARNING RSZ-0104] Net _000100_ only has one pin. Check if it is intended to be dangling.
[WARNING RSZ-0104] Net _000097_ only has one pin. Check if it is intended to be dangling.
[WARNING RSZ-0104] Net _000101_ only has one pin. Check if it is intended to be dangling.
[WARNING RSZ-0104] Net _010005_ only has one pin. Check if it is intended to be dangling.
[WARNING RSZ-0104] Net _010004_ only has one pin. Check if it is intended to be dangling.
[WARNING RSZ-0104] Net _010003_ only has one pin. Check if it is intended to be dangling.
[WARNING RSZ-0104] Net _010002_ only has one pin. Check if it is intended to be dangling.
[WARNING RSZ-0104] Net _010001_ only has one pin. Check if it is intended to be dangling.
[WARNING RSZ-0104] Net _010000_ only has one pin. Check if it is intended to be dangling.
[WARNING RSZ-0104] Net _009999_ only has one pin. Check if it is intended to be dangling.
[WARNING RSZ-0104] Net _009998_ only has one pin. Check if it is intended to be dangling.
[WARNING RSZ-0104] Net _009997_ only has one pin. Check if it is intended to be dangling.
[WARNING RSZ-0104] Net _010011_ only has one pin. Check if it is intended to be dangling.
[WARNING RSZ-0104] Net _010010_ only has one pin. Check if it is intended to be dangling.
[WARNING RSZ-0104] Net _010009_ only has one pin. Check if it is intended to be dangling.
[WARNING RSZ-0104] Net _010008_ only has one pin. Check if it is intended to be dangling.
[WARNING RSZ-0104] Net _010007_ only has one pin. Check if it is intended to be dangling.
[WARNING RSZ-0104] Net _010006_ only has one pin. Check if it is intended to be dangling.
[WARNING RSZ-0104] Net _009996_ only has one pin. Check if it is intended to be dangling.
[WARNING RSZ-0104] Net _009995_ only has one pin. Check if it is intended to be dangling.
[WARNING RSZ-0104] Net _009972_ only has one pin. Check if it is intended to be dangling.
[WARNING RSZ-0104] Net _009971_ only has one pin. Check if it is intended to be dangling.
[WARNING RSZ-0104] Net _009970_ only has one pin. Check if it is intended to be dangling.
[WARNING RSZ-0104] Net _009969_ only has one pin. Check if it is intended to be dangling.
[WARNING RSZ-0104] Net _009968_ only has one pin. Check if it is intended to be dangling.
[WARNING RSZ-0104] Net _009967_ only has one pin. Check if it is intended to be dangling.
[WARNING RSZ-0104] Net _009966_ only has one pin. Check if it is intended to be dangling.
[WARNING RSZ-0104] Net _009994_ only has one pin. Check if it is intended to be dangling.
[WARNING RSZ-0104] Net _009993_ only has one pin. Check if it is intended to be dangling.
[WARNING RSZ-0104] Net _009965_ only has one pin. Check if it is intended to be dangling.
[WARNING RSZ-0104] Net _009992_ only has one pin. Check if it is intended to be dangling.
[WARNING RSZ-0104] Net _009991_ only has one pin. Check if it is intended to be dangling.
[WARNING RSZ-0104] Net _009990_ only has one pin. Check if it is intended to be dangling.
[WARNING RSZ-0104] Net _009989_ only has one pin. Check if it is intended to be dangling.
[WARNING RSZ-0104] Net _009988_ only has one pin. Check if it is intended to be dangling.
[WARNING RSZ-0104] Net _009987_ only has one pin. Check if it is intended to be dangling.
[WARNING RSZ-0104] Net _009986_ only has one pin. Check if it is intended to be dangling.
[WARNING RSZ-0104] Net _009985_ only has one pin. Check if it is intended to be dangling.
[WARNING RSZ-0104] Net _009984_ only has one pin. Check if it is intended to be dangling.
[WARNING RSZ-0104] Net _009983_ only has one pin. Check if it is intended to be dangling.
[WARNING RSZ-0104] Net _009964_ only has one pin. Check if it is intended to be dangling.
[WARNING RSZ-0104] Net _009982_ only has one pin. Check if it is intended to be dangling.
[WARNING RSZ-0104] Net _009981_ only has one pin. Check if it is intended to be dangling.
[WARNING RSZ-0104] Net _009980_ only has one pin. Check if it is intended to be dangling.
[WARNING RSZ-0104] Net _009979_ only has one pin. Check if it is intended to be dangling.
[WARNING RSZ-0104] Net _009978_ only has one pin. Check if it is intended to be dangling.
[WARNING RSZ-0104] Net _009977_ only has one pin. Check if it is intended to be dangling.
[WARNING RSZ-0104] Net _009976_ only has one pin. Check if it is intended to be dangling.
[WARNING RSZ-0104] Net _009975_ only has one pin. Check if it is intended to be dangling.
[WARNING RSZ-0104] Net _009974_ only has one pin. Check if it is intended to be dangling.
[WARNING RSZ-0104] Net _009973_ only has one pin. Check if it is intended to be dangling.
[WARNING RSZ-0104] Net _009963_ only has one pin. Check if it is intended to be dangling.
[WARNING RSZ-0104] Net _009962_ only has one pin. Check if it is intended to be dangling.
[WARNING RSZ-0104] Net _000239_ only has one pin. Check if it is intended to be dangling.
[WARNING RSZ-0104] Net _000237_ only has one pin. Check if it is intended to be dangling.
[WARNING RSZ-0104] Net _000236_ only has one pin. Check if it is intended to be dangling.
[WARNING RSZ-0104] Net _000238_ only has one pin. Check if it is intended to be dangling.
[WARNING RSZ-0104] Net _009955_ only has one pin. Check if it is intended to be dangling.
    75000 |     +0.3% |      92 |     234 |           292 |     26553
[WARNING RSZ-0104] Net _009954_ only has one pin. Check if it is intended to be dangling.
[WARNING RSZ-0104] Net _009953_ only has one pin. Check if it is intended to be dangling.
[WARNING RSZ-0104] Net _009952_ only has one pin. Check if it is intended to be dangling.
[WARNING RSZ-0104] Net _009951_ only has one pin. Check if it is intended to be dangling.
[WARNING RSZ-0104] Net _009950_ only has one pin. Check if it is intended to be dangling.
[WARNING RSZ-0104] Net _009949_ only has one pin. Check if it is intended to be dangling.
[WARNING RSZ-0104] Net _009948_ only has one pin. Check if it is intended to be dangling.
[WARNING RSZ-0104] Net _009947_ only has one pin. Check if it is intended to be dangling.
[WARNING RSZ-0104] Net _009961_ only has one pin. Check if it is intended to be dangling.
[WARNING RSZ-0104] Net _009960_ only has one pin. Check if it is intended to be dangling.
[WARNING RSZ-0104] Net _009959_ only has one pin. Check if it is intended to be dangling.
[WARNING RSZ-0104] Net _009958_ only has one pin. Check if it is intended to be dangling.
[WARNING RSZ-0104] Net _009957_ only has one pin. Check if it is intended to be dangling.
[WARNING RSZ-0104] Net _009956_ only has one pin. Check if it is intended to be dangling.
[WARNING RSZ-0104] Net _009946_ only has one pin. Check if it is intended to be dangling.
[WARNING RSZ-0104] Net _009945_ only has one pin. Check if it is intended to be dangling.
[WARNING RSZ-0104] Net _009922_ only has one pin. Check if it is intended to be dangling.
[WARNING RSZ-0104] Net _009921_ only has one pin. Check if it is intended to be dangling.
[WARNING RSZ-0104] Net _009920_ only has one pin. Check if it is intended to be dangling.
[WARNING RSZ-0104] Net _009919_ only has one pin. Check if it is intended to be dangling.
[WARNING RSZ-0104] Net _009918_ only has one pin. Check if it is intended to be dangling.
[WARNING RSZ-0104] Net _009917_ only has one pin. Check if it is intended to be dangling.
[WARNING RSZ-0104] Net _009916_ only has one pin. Check if it is intended to be dangling.
[WARNING RSZ-0104] Net _009944_ only has one pin. Check if it is intended to be dangling.
[WARNING RSZ-0104] Net _009943_ only has one pin. Check if it is intended to be dangling.
[WARNING RSZ-0104] Net _009915_ only has one pin. Check if it is intended to be dangling.
[WARNING RSZ-0104] Net _009942_ only has one pin. Check if it is intended to be dangling.
[WARNING RSZ-0104] Net _009941_ only has one pin. Check if it is intended to be dangling.
[WARNING RSZ-0104] Net _009940_ only has one pin. Check if it is intended to be dangling.
[WARNING RSZ-0104] Net _009939_ only has one pin. Check if it is intended to be dangling.
[WARNING RSZ-0104] Net _009938_ only has one pin. Check if it is intended to be dangling.
[WARNING RSZ-0104] Net _009937_ only has one pin. Check if it is intended to be dangling.
[WARNING RSZ-0104] Net _009936_ only has one pin. Check if it is intended to be dangling.
[WARNING RSZ-0104] Net _009935_ only has one pin. Check if it is intended to be dangling.
[WARNING RSZ-0104] Net _009934_ only has one pin. Check if it is intended to be dangling.
[WARNING RSZ-0104] Net _009933_ only has one pin. Check if it is intended to be dangling.
[WARNING RSZ-0104] Net _009914_ only has one pin. Check if it is intended to be dangling.
[WARNING RSZ-0104] Net _009932_ only has one pin. Check if it is intended to be dangling.
[WARNING RSZ-0104] Net _009931_ only has one pin. Check if it is intended to be dangling.
[WARNING RSZ-0104] Net _009930_ only has one pin. Check if it is intended to be dangling.
[WARNING RSZ-0104] Net _009929_ only has one pin. Check if it is intended to be dangling.
[WARNING RSZ-0104] Net _009928_ only has one pin. Check if it is intended to be dangling.
[WARNING RSZ-0104] Net _009927_ only has one pin. Check if it is intended to be dangling.
[WARNING RSZ-0104] Net _009926_ only has one pin. Check if it is intended to be dangling.
[WARNING RSZ-0104] Net _009925_ only has one pin. Check if it is intended to be dangling.
[WARNING RSZ-0104] Net _009924_ only has one pin. Check if it is intended to be dangling.
[WARNING RSZ-0104] Net _009923_ only has one pin. Check if it is intended to be dangling.
[WARNING RSZ-0104] Net _009913_ only has one pin. Check if it is intended to be dangling.
[WARNING RSZ-0104] Net _009912_ only has one pin. Check if it is intended to be dangling.
[WARNING RSZ-0104] Net _000243_ only has one pin. Check if it is intended to be dangling.
[WARNING RSZ-0104] Net _000241_ only has one pin. Check if it is intended to be dangling.
[WARNING RSZ-0104] Net _000240_ only has one pin. Check if it is intended to be dangling.
[WARNING RSZ-0104] Net _000242_ only has one pin. Check if it is intended to be dangling.
[WARNING RSZ-0104] Net _009905_ only has one pin. Check if it is intended to be dangling.
[WARNING RSZ-0104] Net _009904_ only has one pin. Check if it is intended to be dangling.
[WARNING RSZ-0104] Net _009903_ only has one pin. Check if it is intended to be dangling.
[WARNING RSZ-0104] Net _009902_ only has one pin. Check if it is intended to be dangling.
[WARNING RSZ-0104] Net _009901_ only has one pin. Check if it is intended to be dangling.
[WARNING RSZ-0104] Net _009900_ only has one pin. Check if it is intended to be dangling.
[WARNING RSZ-0104] Net _009899_ only has one pin. Check if it is intended to be dangling.
[WARNING RSZ-0104] Net _009898_ only has one pin. Check if it is intended to be dangling.
[WARNING RSZ-0104] Net _009897_ only has one pin. Check if it is intended to be dangling.
[WARNING RSZ-0104] Net _009911_ only has one pin. Check if it is intended to be dangling.
[WARNING RSZ-0104] Net _009910_ only has one pin. Check if it is intended to be dangling.
[WARNING RSZ-0104] Net _009909_ only has one pin. Check if it is intended to be dangling.
[WARNING RSZ-0104] Net _009908_ only has one pin. Check if it is intended to be dangling.
[WARNING RSZ-0104] Net _009907_ only has one pin. Check if it is intended to be dangling.
[WARNING RSZ-0104] Net _009906_ only has one pin. Check if it is intended to be dangling.
[WARNING RSZ-0104] Net _009896_ only has one pin. Check if it is intended to be dangling.
[WARNING RSZ-0104] Net _009895_ only has one pin. Check if it is intended to be dangling.
[WARNING RSZ-0104] Net _009872_ only has one pin. Check if it is intended to be dangling.
[WARNING RSZ-0104] Net _009871_ only has one pin. Check if it is intended to be dangling.
[WARNING RSZ-0104] Net _009870_ only has one pin. Check if it is intended to be dangling.
[WARNING RSZ-0104] Net _009869_ only has one pin. Check if it is intended to be dangling.
[WARNING RSZ-0104] Net _009868_ only has one pin. Check if it is intended to be dangling.
[WARNING RSZ-0104] Net _009867_ only has one pin. Check if it is intended to be dangling.
[WARNING RSZ-0104] Net _009866_ only has one pin. Check if it is intended to be dangling.
[WARNING RSZ-0104] Net _009894_ only has one pin. Check if it is intended to be dangling.
[WARNING RSZ-0104] Net _009893_ only has one pin. Check if it is intended to be dangling.
[WARNING RSZ-0104] Net _009865_ only has one pin. Check if it is intended to be dangling.
[WARNING RSZ-0104] Net _009892_ only has one pin. Check if it is intended to be dangling.
[WARNING RSZ-0104] Net _009891_ only has one pin. Check if it is intended to be dangling.
[WARNING RSZ-0104] Net _009890_ only has one pin. Check if it is intended to be dangling.
[WARNING RSZ-0104] Net _009889_ only has one pin. Check if it is intended to be dangling.
[WARNING RSZ-0104] Net _009888_ only has one pin. Check if it is intended to be dangling.
[WARNING RSZ-0104] Net _009887_ only has one pin. Check if it is intended to be dangling.
[WARNING RSZ-0104] Net _009886_ only has one pin. Check if it is intended to be dangling.
[WARNING RSZ-0104] Net _009885_ only has one pin. Check if it is intended to be dangling.
[WARNING RSZ-0104] Net _009884_ only has one pin. Check if it is intended to be dangling.
[WARNING RSZ-0104] Net _009883_ only has one pin. Check if it is intended to be dangling.
[WARNING RSZ-0104] Net _009864_ only has one pin. Check if it is intended to be dangling.
[WARNING RSZ-0104] Net _009882_ only has one pin. Check if it is intended to be dangling.
[WARNING RSZ-0104] Net _009881_ only has one pin. Check if it is intended to be dangling.
[WARNING RSZ-0104] Net _009880_ only has one pin. Check if it is intended to be dangling.
[WARNING RSZ-0104] Net _009879_ only has one pin. Check if it is intended to be dangling.
[WARNING RSZ-0104] Net _009878_ only has one pin. Check if it is intended to be dangling.
[WARNING RSZ-0104] Net _009877_ only has one pin. Check if it is intended to be dangling.
[WARNING RSZ-0104] Net _009876_ only has one pin. Check if it is intended to be dangling.
[WARNING RSZ-0104] Net _009875_ only has one pin. Check if it is intended to be dangling.
[WARNING RSZ-0104] Net _009874_ only has one pin. Check if it is intended to be dangling.
[WARNING RSZ-0104] Net _009873_ only has one pin. Check if it is intended to be dangling.
[WARNING RSZ-0104] Net _009863_ only has one pin. Check if it is intended to be dangling.
[WARNING RSZ-0104] Net _009862_ only has one pin. Check if it is intended to be dangling.
[WARNING RSZ-0104] Net _000259_ only has one pin. Check if it is intended to be dangling.
[WARNING RSZ-0104] Net _000257_ only has one pin. Check if it is intended to be dangling.
[WARNING RSZ-0104] Net _000256_ only has one pin. Check if it is intended to be dangling.
[WARNING RSZ-0104] Net _000258_ only has one pin. Check if it is intended to be dangling.
[WARNING RSZ-0104] Net _009855_ only has one pin. Check if it is intended to be dangling.
[WARNING RSZ-0104] Net _009854_ only has one pin. Check if it is intended to be dangling.
[WARNING RSZ-0104] Net _009853_ only has one pin. Check if it is intended to be dangling.
[WARNING RSZ-0104] Net _009852_ only has one pin. Check if it is intended to be dangling.
[WARNING RSZ-0104] Net _009851_ only has one pin. Check if it is intended to be dangling.
[WARNING RSZ-0104] Net _009850_ only has one pin. Check if it is intended to be dangling.
[WARNING RSZ-0104] Net _009849_ only has one pin. Check if it is intended to be dangling.
[WARNING RSZ-0104] Net _009848_ only has one pin. Check if it is intended to be dangling.
[WARNING RSZ-0104] Net _009847_ only has one pin. Check if it is intended to be dangling.
[WARNING RSZ-0104] Net _009861_ only has one pin. Check if it is intended to be dangling.
[WARNING RSZ-0104] Net _009860_ only has one pin. Check if it is intended to be dangling.
[WARNING RSZ-0104] Net _009859_ only has one pin. Check if it is intended to be dangling.
[WARNING RSZ-0104] Net _009858_ only has one pin. Check if it is intended to be dangling.
[WARNING RSZ-0104] Net _009857_ only has one pin. Check if it is intended to be dangling.
[WARNING RSZ-0104] Net _009856_ only has one pin. Check if it is intended to be dangling.
[WARNING RSZ-0104] Net _009846_ only has one pin. Check if it is intended to be dangling.
[WARNING RSZ-0104] Net _009845_ only has one pin. Check if it is intended to be dangling.
[WARNING RSZ-0104] Net _009822_ only has one pin. Check if it is intended to be dangling.
[WARNING RSZ-0104] Net _009821_ only has one pin. Check if it is intended to be dangling.
[WARNING RSZ-0104] Net _009820_ only has one pin. Check if it is intended to be dangling.
[WARNING RSZ-0104] Net _009819_ only has one pin. Check if it is intended to be dangling.
[WARNING RSZ-0104] Net _009818_ only has one pin. Check if it is intended to be dangling.
[WARNING RSZ-0104] Net _009817_ only has one pin. Check if it is intended to be dangling.
[WARNING RSZ-0104] Net _009816_ only has one pin. Check if it is intended to be dangling.
[WARNING RSZ-0104] Net _009844_ only has one pin. Check if it is intended to be dangling.
[WARNING RSZ-0104] Net _009843_ only has one pin. Check if it is intended to be dangling.
[WARNING RSZ-0104] Net _009815_ only has one pin. Check if it is intended to be dangling.
[WARNING RSZ-0104] Net _009842_ only has one pin. Check if it is intended to be dangling.
[WARNING RSZ-0104] Net _009841_ only has one pin. Check if it is intended to be dangling.
[WARNING RSZ-0104] Net _009840_ only has one pin. Check if it is intended to be dangling.
[WARNING RSZ-0104] Net _009839_ only has one pin. Check if it is intended to be dangling.
[WARNING RSZ-0104] Net _009838_ only has one pin. Check if it is intended to be dangling.
[WARNING RSZ-0104] Net _009837_ only has one pin. Check if it is intended to be dangling.
[WARNING RSZ-0104] Net _009836_ only has one pin. Check if it is intended to be dangling.
[WARNING RSZ-0104] Net _009835_ only has one pin. Check if it is intended to be dangling.
[WARNING RSZ-0104] Net _009834_ only has one pin. Check if it is intended to be dangling.
[WARNING RSZ-0104] Net _009833_ only has one pin. Check if it is intended to be dangling.
[WARNING RSZ-0104] Net _009814_ only has one pin. Check if it is intended to be dangling.
[WARNING RSZ-0104] Net _009832_ only has one pin. Check if it is intended to be dangling.
[WARNING RSZ-0104] Net _009831_ only has one pin. Check if it is intended to be dangling.
[WARNING RSZ-0104] Net _009830_ only has one pin. Check if it is intended to be dangling.
[WARNING RSZ-0104] Net _009829_ only has one pin. Check if it is intended to be dangling.
[WARNING RSZ-0104] Net _009828_ only has one pin. Check if it is intended to be dangling.
[WARNING RSZ-0104] Net _009827_ only has one pin. Check if it is intended to be dangling.
[WARNING RSZ-0104] Net _009826_ only has one pin. Check if it is intended to be dangling.
[WARNING RSZ-0104] Net _009825_ only has one pin. Check if it is intended to be dangling.
[WARNING RSZ-0104] Net _009824_ only has one pin. Check if it is intended to be dangling.
[WARNING RSZ-0104] Net _009823_ only has one pin. Check if it is intended to be dangling.
[WARNING RSZ-0104] Net _009813_ only has one pin. Check if it is intended to be dangling.
[WARNING RSZ-0104] Net _009812_ only has one pin. Check if it is intended to be dangling.
[WARNING RSZ-0104] Net _000263_ only has one pin. Check if it is intended to be dangling.
[WARNING RSZ-0104] Net _000261_ only has one pin. Check if it is intended to be dangling.
[WARNING RSZ-0104] Net _000260_ only has one pin. Check if it is intended to be dangling.
[WARNING RSZ-0104] Net _000262_ only has one pin. Check if it is intended to be dangling.
[WARNING RSZ-0104] Net _009805_ only has one pin. Check if it is intended to be dangling.
[WARNING RSZ-0104] Net _009804_ only has one pin. Check if it is intended to be dangling.
[WARNING RSZ-0104] Net _009803_ only has one pin. Check if it is intended to be dangling.
[WARNING RSZ-0104] Net _009802_ only has one pin. Check if it is intended to be dangling.
[WARNING RSZ-0104] Net _009801_ only has one pin. Check if it is intended to be dangling.
[WARNING RSZ-0104] Net _009800_ only has one pin. Check if it is intended to be dangling.
[WARNING RSZ-0104] Net _009799_ only has one pin. Check if it is intended to be dangling.
[WARNING RSZ-0104] Net _009798_ only has one pin. Check if it is intended to be dangling.
[WARNING RSZ-0104] Net _009797_ only has one pin. Check if it is intended to be dangling.
[WARNING RSZ-0104] Net _009811_ only has one pin. Check if it is intended to be dangling.
[WARNING RSZ-0104] Net _009810_ only has one pin. Check if it is intended to be dangling.
[WARNING RSZ-0104] Net _009809_ only has one pin. Check if it is intended to be dangling.
[WARNING RSZ-0104] Net _009808_ only has one pin. Check if it is intended to be dangling.
[WARNING RSZ-0104] Net _009807_ only has one pin. Check if it is intended to be dangling.
[WARNING RSZ-0104] Net _009806_ only has one pin. Check if it is intended to be dangling.
[WARNING RSZ-0104] Net _009796_ only has one pin. Check if it is intended to be dangling.
[WARNING RSZ-0104] Net _009795_ only has one pin. Check if it is intended to be dangling.
[WARNING RSZ-0104] Net _009794_ only has one pin. Check if it is intended to be dangling.
[WARNING RSZ-0104] Net _009771_ only has one pin. Check if it is intended to be dangling.
[WARNING RSZ-0104] Net _009770_ only has one pin. Check if it is intended to be dangling.
[WARNING RSZ-0104] Net _009769_ only has one pin. Check if it is intended to be dangling.
[WARNING RSZ-0104] Net _009768_ only has one pin. Check if it is intended to be dangling.
[WARNING RSZ-0104] Net _009767_ only has one pin. Check if it is intended to be dangling.
[WARNING RSZ-0104] Net _009766_ only has one pin. Check if it is intended to be dangling.
[WARNING RSZ-0104] Net _009765_ only has one pin. Check if it is intended to be dangling.
[WARNING RSZ-0104] Net _009793_ only has one pin. Check if it is intended to be dangling.
[WARNING RSZ-0104] Net _009792_ only has one pin. Check if it is intended to be dangling.
[WARNING RSZ-0104] Net _009764_ only has one pin. Check if it is intended to be dangling.
[WARNING RSZ-0104] Net _009791_ only has one pin. Check if it is intended to be dangling.
[WARNING RSZ-0104] Net _009790_ only has one pin. Check if it is intended to be dangling.
[WARNING RSZ-0104] Net _009789_ only has one pin. Check if it is intended to be dangling.
[WARNING RSZ-0104] Net _009788_ only has one pin. Check if it is intended to be dangling.
[WARNING RSZ-0104] Net _009787_ only has one pin. Check if it is intended to be dangling.
[WARNING RSZ-0104] Net _009786_ only has one pin. Check if it is intended to be dangling.
[WARNING RSZ-0104] Net _009785_ only has one pin. Check if it is intended to be dangling.
[WARNING RSZ-0104] Net _009784_ only has one pin. Check if it is intended to be dangling.
[WARNING RSZ-0104] Net _009783_ only has one pin. Check if it is intended to be dangling.
[WARNING RSZ-0104] Net _009782_ only has one pin. Check if it is intended to be dangling.
[WARNING RSZ-0104] Net _009763_ only has one pin. Check if it is intended to be dangling.
[WARNING RSZ-0104] Net _009781_ only has one pin. Check if it is intended to be dangling.
[WARNING RSZ-0104] Net _009780_ only has one pin. Check if it is intended to be dangling.
[WARNING RSZ-0104] Net _009779_ only has one pin. Check if it is intended to be dangling.
[WARNING RSZ-0104] Net _009778_ only has one pin. Check if it is intended to be dangling.
[WARNING RSZ-0104] Net _009777_ only has one pin. Check if it is intended to be dangling.
[WARNING RSZ-0104] Net _009776_ only has one pin. Check if it is intended to be dangling.
[WARNING RSZ-0104] Net _009775_ only has one pin. Check if it is intended to be dangling.
[WARNING RSZ-0104] Net _009774_ only has one pin. Check if it is intended to be dangling.
[WARNING RSZ-0104] Net _009773_ only has one pin. Check if it is intended to be dangling.
[WARNING RSZ-0104] Net _009772_ only has one pin. Check if it is intended to be dangling.
[WARNING RSZ-0104] Net _009762_ only has one pin. Check if it is intended to be dangling.
[WARNING RSZ-0104] Net _009739_ only has one pin. Check if it is intended to be dangling.
[WARNING RSZ-0104] Net _009738_ only has one pin. Check if it is intended to be dangling.
[WARNING RSZ-0104] Net _009737_ only has one pin. Check if it is intended to be dangling.
[WARNING RSZ-0104] Net _009736_ only has one pin. Check if it is intended to be dangling.
[WARNING RSZ-0104] Net _009735_ only has one pin. Check if it is intended to be dangling.
[WARNING RSZ-0104] Net _009734_ only has one pin. Check if it is intended to be dangling.
[WARNING RSZ-0104] Net _009733_ only has one pin. Check if it is intended to be dangling.
[WARNING RSZ-0104] Net _009761_ only has one pin. Check if it is intended to be dangling.
[WARNING RSZ-0104] Net _009760_ only has one pin. Check if it is intended to be dangling.
[WARNING RSZ-0104] Net _009732_ only has one pin. Check if it is intended to be dangling.
[WARNING RSZ-0104] Net _009759_ only has one pin. Check if it is intended to be dangling.
[WARNING RSZ-0104] Net _009758_ only has one pin. Check if it is intended to be dangling.
[WARNING RSZ-0104] Net _009757_ only has one pin. Check if it is intended to be dangling.
[WARNING RSZ-0104] Net _009756_ only has one pin. Check if it is intended to be dangling.
[WARNING RSZ-0104] Net _009755_ only has one pin. Check if it is intended to be dangling.
[WARNING RSZ-0104] Net _009754_ only has one pin. Check if it is intended to be dangling.
[WARNING RSZ-0104] Net _009753_ only has one pin. Check if it is intended to be dangling.
[WARNING RSZ-0104] Net _009752_ only has one pin. Check if it is intended to be dangling.
[WARNING RSZ-0104] Net _009751_ only has one pin. Check if it is intended to be dangling.
[WARNING RSZ-0104] Net _009750_ only has one pin. Check if it is intended to be dangling.
[WARNING RSZ-0104] Net _009731_ only has one pin. Check if it is intended to be dangling.
[WARNING RSZ-0104] Net _009749_ only has one pin. Check if it is intended to be dangling.
[WARNING RSZ-0104] Net _009748_ only has one pin. Check if it is intended to be dangling.
[WARNING RSZ-0104] Net _009747_ only has one pin. Check if it is intended to be dangling.
[WARNING RSZ-0104] Net _009746_ only has one pin. Check if it is intended to be dangling.
[WARNING RSZ-0104] Net _009745_ only has one pin. Check if it is intended to be dangling.
[WARNING RSZ-0104] Net _009744_ only has one pin. Check if it is intended to be dangling.
[WARNING RSZ-0104] Net _009743_ only has one pin. Check if it is intended to be dangling.
[WARNING RSZ-0104] Net _009742_ only has one pin. Check if it is intended to be dangling.
[WARNING RSZ-0104] Net _009741_ only has one pin. Check if it is intended to be dangling.
[WARNING RSZ-0104] Net _009740_ only has one pin. Check if it is intended to be dangling.
[WARNING RSZ-0104] Net _009730_ only has one pin. Check if it is intended to be dangling.
[WARNING RSZ-0104] Net _000847_ only has one pin. Check if it is intended to be dangling.
[WARNING RSZ-0104] Net _000845_ only has one pin. Check if it is intended to be dangling.
[WARNING RSZ-0104] Net _000843_ only has one pin. Check if it is intended to be dangling.
[WARNING RSZ-0104] Net _000841_ only has one pin. Check if it is intended to be dangling.
[WARNING RSZ-0104] Net _000827_ only has one pin. Check if it is intended to be dangling.
[WARNING RSZ-0104] Net _000860_ only has one pin. Check if it is intended to be dangling.
[WARNING RSZ-0104] Net _000876_ only has one pin. Check if it is intended to be dangling.
[WARNING RSZ-0104] Net _000844_ only has one pin. Check if it is intended to be dangling.
[WARNING RSZ-0104] Net _000839_ only has one pin. Check if it is intended to be dangling.
[WARNING RSZ-0104] Net _000884_ only has one pin. Check if it is intended to be dangling.
[WARNING RSZ-0104] Net _000868_ only has one pin. Check if it is intended to be dangling.
[WARNING RSZ-0104] Net _000852_ only has one pin. Check if it is intended to be dangling.
[WARNING RSZ-0104] Net _000836_ only has one pin. Check if it is intended to be dangling.
[WARNING RSZ-0104] Net _000888_ only has one pin. Check if it is intended to be dangling.
[WARNING RSZ-0104] Net _000880_ only has one pin. Check if it is intended to be dangling.
[WARNING RSZ-0104] Net _000872_ only has one pin. Check if it is intended to be dangling.
[WARNING RSZ-0104] Net _000864_ only has one pin. Check if it is intended to be dangling.
[WARNING RSZ-0104] Net _000856_ only has one pin. Check if it is intended to be dangling.
[WARNING RSZ-0104] Net _000848_ only has one pin. Check if it is intended to be dangling.
[WARNING RSZ-0104] Net _000837_ only has one pin. Check if it is intended to be dangling.
[WARNING RSZ-0104] Net _000840_ only has one pin. Check if it is intended to be dangling.
[WARNING RSZ-0104] Net _000831_ only has one pin. Check if it is intended to be dangling.
[WARNING RSZ-0104] Net _000890_ only has one pin. Check if it is intended to be dangling.
[WARNING RSZ-0104] message limit (1000) reached. This message will no longer print.
    76000 |     +0.3% |      92 |     234 |           292 |     25553
    77000 |     +0.3% |      94 |     236 |           295 |     24553
    78000 |     +0.3% |      94 |     236 |           295 |     23553
    79000 |     +0.3% |      94 |     236 |           295 |     22553
    80000 |     +0.3% |      94 |     236 |           295 |     21553
    81000 |     +0.3% |      94 |     236 |           295 |     20553
    82000 |     +0.3% |      94 |     236 |           295 |     19553
    83000 |     +0.3% |      94 |     236 |           295 |     18553
    84000 |     +0.3% |      94 |     236 |           295 |     17553
    85000 |     +0.3% |      94 |     236 |           295 |     16553
    86000 |     +0.3% |      94 |     237 |           296 |     15553
    87000 |     +0.3% |      96 |     244 |           305 |     14553
    88000 |     +0.3% |      97 |     247 |           308 |     13553
    89000 |     +0.3% |      97 |     247 |           308 |     12553
    90000 |     +0.3% |      99 |     252 |           314 |     11553
    91000 |     +0.3% |      99 |     252 |           314 |     10553
    92000 |     +0.3% |     102 |     253 |           318 |      9553
    93000 |     +0.3% |     102 |     254 |           319 |      8553
    94000 |     +0.3% |     102 |     255 |           320 |      7553
    95000 |     +0.3% |     102 |     255 |           320 |      6553
    96000 |     +0.3% |     102 |     255 |           320 |      5553
    97000 |     +0.4% |     114 |     272 |           342 |      4553
    98000 |     +0.4% |     114 |     272 |           342 |      3553
    99000 |     +0.4% |     114 |     272 |           342 |      2553
   100000 |     +0.4% |     115 |     273 |           344 |      1553
   101000 |     +0.4% |     115 |     273 |           344 |       553
    final |     +0.4% |     115 |     273 |           344 |         0
---------------------------------------------------------------------
[INFO RSZ-0034] Found 129 slew violations.
[INFO RSZ-0036] Found 276 capacitance violations.
[INFO RSZ-0039] Resized 115 instances.
[INFO RSZ-0038] Inserted 273 buffers in 344 nets.
Took 37 seconds: repair_design -verbose
global_route -start_incremental
detailed_placement
[INFO DPL-0006] Core area: 180297.73 um^2, Instances area: 157681.61 um^2, Utilization: 87.5%
[INFO DPL-0005] Diamond search max displacement: +/- 500 sites horizontally, +/- 100 rows vertically.
[INFO DPL-1101] Legalizing using diamond search.
Movements Summary
---------------------------------------
Total cells:                   86731
Diamond Move Success:          86731 (100.00%)
Diamond Move Failure:              0
Rip-up and replace Success:        0 (  0.00% of diamond failures)
Rip-up and replace Failure:        0
Total Placement Failures:          0
---------------------------------------
Placement Analysis
---------------------------------
total displacement       8732.1 u
average displacement        0.1 u
max displacement           34.7 u
original HPWL         1598281.4 u
legalized HPWL        1607251.7 u
delta HPWL                    1 %

global_route -end_incremental -congestion_report_file /work/reports/nangate45/swerv/base/congestion_post_repair_design.rpt
[WARNING GRT-0273] Disabled NDR (to reduce congestion) for net: clknet_2_2_0_clk
[WARNING GRT-0273] Disabled NDR (to reduce congestion) for net: clknet_0_clk
Took 725 seconds: global_route -end_incremental -congestion_report_file /work/reports/nangate45/swerv/base/congestion_post_repair_design.rpt
Repair setup and hold violations...
estimate_parasitics -global_routing
repair_timing -setup_margin 0 -hold_margin 0 -repair_tns 100 -verbose
[INFO RSZ-0100] Repair move sequence: UnbufferMove SizeUpMove SwapPinsMove BufferMove CloneMove SplitLoadMove 
[INFO RSZ-0094] Found 2016 endpoints with setup violations.
[INFO RSZ-0099] Repairing 2016 out of 2016 (100.00%) violating endpoints...
   Iter   | Removed | Resized | Inserted | Cloned |  Pin  |   Area   |    WNS   |   StTNS    |   EnTNS    |  Viol  |  Worst  
          | Buffers |  Gates  | Buffers  |  Gates | Swaps |          |          |            |            | Endpts | St/EnPt 
------------------------------------------------------------------------------------------------------------------------------
       0* |       0 |       0 |        0 |      0 |     0 |    +0.0% |   -1.032 |     -316.3 |     -477.6 |   2016 | ic_tag_valid[0]
[WARNING GRT-0273] Disabled NDR (to reduce congestion) for net: clknet_2_3_0_clk
[INFO DPL-0006] Core area: 180297.73 um^2, Instances area: 157685.33 um^2, Utilization: 87.5%
[INFO DPL-0005] Diamond search max displacement: +/- 500 sites horizontally, +/- 100 rows vertically.
[INFO DPL-1101] Legalizing using diamond search.
Movements Summary
---------------------------------------
Total cells:                   86731
Diamond Move Success:          86731 (100.00%)
Diamond Move Failure:              0
Rip-up and replace Success:        0 (  0.00% of diamond failures)
Rip-up and replace Failure:        0
Total Placement Failures:          0
---------------------------------------
[ERROR ODB-0269] Unable to open  to write markers
Error: global_route.tcl, 125 ODB-0269
Elapsed time: 58:26.09[h:]min:sec. CPU time: user 4949.19 sys 54.48 (142%). Peak memory: 2187060KB.
make[1]: *** [Makefile:550: do-5_1_grt] Error 1
make: *** [Makefile:550: /work/results/nangate45/swerv/pipeline_80/5_1_grt.odb] Error 2
