+ DEFAULT_IMAGE=openroad/orfs:latest
+ FLOW_DIR=/OpenROAD-flow-scripts/flow
+ USE_USER=false
+ DRY_RUN=false
+ PORTS=()
+ IMAGE=
+ CMD_ARGS=()
+ [[ 9 -gt 0 ]]
+ case "$1" in
+ CMD_ARGS=("$@")
+ break
+ IMAGE=openroad/orfs:latest
+ get_container_engine
++ docker --version
+ local 'DOCKER_VERSION_STRING=Docker version 29.7.2, build a7dcaa6'
+ [[ Docker version 29.7.2, build a7dcaa6 == *Docker* ]]
+ container_engine=docker
++ pwd
+ WORKSPACE=/home/mispronounced/Code/JayRaj21/OpenROAD-flow-scripts/flow
+ YOSYS_EXE=/OpenROAD-flow-scripts/tools/install/yosys/bin/yosys
+ OPENROAD_EXE=/OpenROAD-flow-scripts/tools/install/OpenROAD/bin/openroad
+ KLAYOUT_CMD=/usr/bin/klayout
+ XSOCK=/tmp/.X11-unix
+ XAUTH=/tmp/.docker.xauth
+ false
+ xauth nlist :0
+ sed -e 's/^..../ffff/'
+ xauth -f /tmp/.docker.xauth nmerge -
+ test -t 0
+ DOCKER_INTERACTIVE=
+ false
+ [[ docker == podman ]]
++ id -u mispronounced
++ id -g mispronounced
+ user_args='-u 1000:1000'
+ user_env=
+ PORT_ARGS=()
+ CMD_STR=
+ [[ 9 -gt 0 ]]
+ CMD_STR='make grt DESIGN_CONFIG=./designs/nangate45/swerv/config.mk CORE_UTILIZATION=80 RESULTS_DIR=/work/results/nangate45/swerv/pipeline_80 OBJECTS_DIR=/work/objects/nangate45/swerv/pipeline_80 REPORTS_DIR=/work/reports/nangate45/swerv/pipeline_80 -j16 PLACE_DENSITY_LB_ADDON=0.0'
+ ENV_SH_CMD='if [ -f ../env.sh ]; then . ../env.sh; fi;'
+ DOCKER_CMD=("$container_engine" run --rm -i $DOCKER_INTERACTIVE $user_env $user_args -e LIBGL_ALWAYS_SOFTWARE=1 -e QT_X11_NO_MITSHM=1 -e XDG_RUNTIME_DIR=/tmp/xdg-run -e "DISPLAY=${DISPLAY:-:0}" -e QT_XKB_CONFIG_ROOT=/usr/share/X11/xkb -v "$XSOCK:$XSOCK" -v "$XAUTH:$XAUTH" -e "XAUTHORITY=$XAUTH" -e FLOW_HOME=/OpenROAD-flow-scripts/flow/ -e WORK_HOME=/work -e "YOSYS_EXE=$YOSYS_EXE" -e "OPENROAD_EXE=$OPENROAD_EXE" -e "KLAYOUT_CMD=$KLAYOUT_CMD" -v "$WORKSPACE:/work:Z" --network host "${PORT_ARGS[@]}" "$IMAGE" bash -c "set -ex; mkdir /tmp/xdg-run; cd ${FLOW_DIR}; ${ENV_SH_CMD}$CMD_STR")
+ false
+ exec docker run --rm -i -u 1000:1000 -e LIBGL_ALWAYS_SOFTWARE=1 -e QT_X11_NO_MITSHM=1 -e XDG_RUNTIME_DIR=/tmp/xdg-run -e DISPLAY=:0 -e QT_XKB_CONFIG_ROOT=/usr/share/X11/xkb -v /tmp/.X11-unix:/tmp/.X11-unix -v /tmp/.docker.xauth:/tmp/.docker.xauth -e XAUTHORITY=/tmp/.docker.xauth -e FLOW_HOME=/OpenROAD-flow-scripts/flow/ -e WORK_HOME=/work -e YOSYS_EXE=/OpenROAD-flow-scripts/tools/install/yosys/bin/yosys -e OPENROAD_EXE=/OpenROAD-flow-scripts/tools/install/OpenROAD/bin/openroad -e KLAYOUT_CMD=/usr/bin/klayout -v /home/mispronounced/Code/JayRaj21/OpenROAD-flow-scripts/flow:/work:Z --network host openroad/orfs:latest bash -c 'set -ex; mkdir /tmp/xdg-run; cd /OpenROAD-flow-scripts/flow; if [ -f ../env.sh ]; then . ../env.sh; fi;make grt DESIGN_CONFIG=./designs/nangate45/swerv/config.mk CORE_UTILIZATION=80 RESULTS_DIR=/work/results/nangate45/swerv/pipeline_80 OBJECTS_DIR=/work/objects/nangate45/swerv/pipeline_80 REPORTS_DIR=/work/reports/nangate45/swerv/pipeline_80 -j16 PLACE_DENSITY_LB_ADDON=0.0'
+ mkdir /tmp/xdg-run
+ cd /OpenROAD-flow-scripts/flow
+ '[' -f ../env.sh ']'
+ . ../env.sh
++ __setpaths
++ [[ linux-gnu == \d\a\r\w\i\n* ]]
++++ readlink -f ../env.sh
+++ dirname /OpenROAD-flow-scripts/env.sh
++ DIR=/OpenROAD-flow-scripts
++ export OPENROAD=/OpenROAD-flow-scripts/tools/OpenROAD
++ OPENROAD=/OpenROAD-flow-scripts/tools/OpenROAD
++ echo 'OPENROAD: /OpenROAD-flow-scripts/tools/OpenROAD'
OPENROAD: /OpenROAD-flow-scripts/tools/OpenROAD
++ export PATH=/OpenROAD-flow-scripts/tools/install/OpenROAD/bin:/usr/local/bin/wrapped-cc:/usr/local/sbin:/usr/local/bin:/usr/sbin:/usr/bin:/sbin:/bin
++ PATH=/OpenROAD-flow-scripts/tools/install/OpenROAD/bin:/usr/local/bin/wrapped-cc:/usr/local/sbin:/usr/local/bin:/usr/sbin:/usr/bin:/sbin:/bin
++ export PATH=/OpenROAD-flow-scripts/tools/install/yosys/bin:/OpenROAD-flow-scripts/tools/install/OpenROAD/bin:/usr/local/bin/wrapped-cc:/usr/local/sbin:/usr/local/bin:/usr/sbin:/usr/bin:/sbin:/bin
++ PATH=/OpenROAD-flow-scripts/tools/install/yosys/bin:/OpenROAD-flow-scripts/tools/install/OpenROAD/bin:/usr/local/bin/wrapped-cc:/usr/local/sbin:/usr/local/bin:/usr/sbin:/usr/bin:/sbin:/bin
++ export PATH=/OpenROAD-flow-scripts/tools/install/kepler-formal/bin:/OpenROAD-flow-scripts/tools/install/yosys/bin:/OpenROAD-flow-scripts/tools/install/OpenROAD/bin:/usr/local/bin/wrapped-cc:/usr/local/sbin:/usr/local/bin:/usr/sbin:/usr/bin:/sbin:/bin
++ PATH=/OpenROAD-flow-scripts/tools/install/kepler-formal/bin:/OpenROAD-flow-scripts/tools/install/yosys/bin:/OpenROAD-flow-scripts/tools/install/OpenROAD/bin:/usr/local/bin/wrapped-cc:/usr/local/sbin:/usr/local/bin:/usr/sbin:/usr/bin:/sbin:/bin
++ [[ linux-gnu == \d\a\r\w\i\n* ]]
++ export FLOW_HOME=/OpenROAD-flow-scripts/flow
++ FLOW_HOME=/OpenROAD-flow-scripts/flow
++ unset -f __setpaths
+ make grt DESIGN_CONFIG=./designs/nangate45/swerv/config.mk CORE_UTILIZATION=80 RESULTS_DIR=/work/results/nangate45/swerv/pipeline_80 OBJECTS_DIR=/work/objects/nangate45/swerv/pipeline_80 REPORTS_DIR=/work/reports/nangate45/swerv/pipeline_80 -j16 PLACE_DENSITY_LB_ADDON=0.0
/OpenROAD-flow-scripts/flow/scripts/flow.sh 5_1_grt global_route
Running global_route.tcl, stage 5_1_grt
read_liberty /OpenROAD-flow-scripts/flow/platforms/nangate45/lib/NangateOpenCellLibrary_typical.lib
read_db -hier /work/results/nangate45/swerv/pipeline_80/4_cts.odb
[WARNING ORD-0012] Hierarchical flow (-hier) is currently in development and may cause multiple issues. Do not use in production environments.
read_sdc /work/results/nangate45/swerv/pipeline_80/4_cts.sdc
source /OpenROAD-flow-scripts/flow/platforms/nangate45/setRC.tcl
pin_access
[INFO DRT-0149] Reading tech and libs.

Units:                2000
Number of layers:     21
Number of macros:     135
Number of vias:       33
Number of viarulegen: 19

[INFO DRT-0150] Reading design.

Design:                   swerv
Die area:                 ( 0 0 ) ( 870610 870610 )
Number of track patterns: 20
Number of DEF vias:       0
Number of components:     87521
Number of terminals:      2041
Number of snets:          2
Number of nets:           100372

[INFO DRT-0167] List of default vias:
  Layer via2
    default via: via2_5
  Layer via3
    default via: via3_2
  Layer via4
    default via: via4_0
  Layer via5
    default via: via5_0
  Layer via6
    default via: via6_0
  Layer via7
    default via: via7_0
  Layer via8
    default via: via8_0
  Layer via9
    default via: via9_0
[INFO DRT-0162] Library cell analysis.
[INFO DRT-0163] Instance analysis.
[INFO DRT-0164] Number of unique instances = 153.
[INFO DRT-0168] Init region query.
[INFO DRT-0024]   Complete active.
[INFO DRT-0024]   Complete Fr_VIA.
[INFO DRT-0024]   Complete metal1.
[INFO DRT-0024]   Complete via1.
[INFO DRT-0024]   Complete metal2.
[INFO DRT-0024]   Complete via2.
[INFO DRT-0024]   Complete metal3.
[INFO DRT-0024]   Complete via3.
[INFO DRT-0024]   Complete metal4.
[INFO DRT-0024]   Complete via4.
[INFO DRT-0024]   Complete metal5.
[INFO DRT-0024]   Complete via5.
[INFO DRT-0024]   Complete metal6.
[INFO DRT-0024]   Complete via6.
[INFO DRT-0024]   Complete metal7.
[INFO DRT-0024]   Complete via7.
[INFO DRT-0024]   Complete metal8.
[INFO DRT-0024]   Complete via8.
[INFO DRT-0024]   Complete metal9.
[INFO DRT-0024]   Complete via9.
[INFO DRT-0024]   Complete metal10.
[INFO DRT-0033] active shape region query size = 0.
[INFO DRT-0033] FR_VIA shape region query size = 0.
[INFO DRT-0033] metal1 shape region query size = 1814799.
[INFO DRT-0033] via1 shape region query size = 7296.
[INFO DRT-0033] metal2 shape region query size = 4864.
[INFO DRT-0033] via2 shape region query size = 7296.
[INFO DRT-0033] metal3 shape region query size = 4864.
[INFO DRT-0033] via3 shape region query size = 7296.
[INFO DRT-0033] metal4 shape region query size = 2680.
[INFO DRT-0033] via4 shape region query size = 2320.
[INFO DRT-0033] metal5 shape region query size = 1580.
[INFO DRT-0033] via5 shape region query size = 2320.
[INFO DRT-0033] metal6 shape region query size = 1387.
[INFO DRT-0033] via6 shape region query size = 928.
[INFO DRT-0033] metal7 shape region query size = 290.
[INFO DRT-0033] via7 shape region query size = 0.
[INFO DRT-0033] metal8 shape region query size = 0.
[INFO DRT-0033] via8 shape region query size = 0.
[INFO DRT-0033] metal9 shape region query size = 0.
[INFO DRT-0033] via9 shape region query size = 0.
[INFO DRT-0033] metal10 shape region query size = 0.
[INFO DRT-0165] Start pin access.
[INFO DRT-0078]   Complete 899 pins.
[INFO DRT-0079]   Complete 100 unique inst patterns.
[INFO DRT-0081]   Complete 153 unique inst patterns.
[INFO DRT-0082]   Complete 10000 groups.
[INFO DRT-0082]   Complete 20000 groups.
[INFO DRT-0082]   Complete 30000 groups.
[INFO DRT-0084]   Complete 30957 groups.
#scanned instances     = 87521
#unique  instances     = 153
#stdCellGenAp          = 5534
#stdCellValidPlanarAp  = 0
#stdCellValidViaAp     = 3782
#stdCellPinNoAp        = 0
#stdCellPinCnt         = 328154
#instTermValidViaApCnt = 0
#macroGenAp            = 0
#macroValidPlanarAp    = 0
#macroValidViaAp       = 0
#macroNoAp             = 0
[INFO DRT-0166] Complete pin access.
[INFO DRT-0267] cpu time = 00:16:01, elapsed time = 00:01:05, memory = 459.62 (MB), peak = 507.08 (MB)
Took 66 seconds: pin_access
global_route -congestion_report_file /work/reports/nangate45/swerv/pipeline_80/congestion.rpt -congestion_iterations 30 -congestion_report_iter_step 5 -verbose
[INFO GRT-0020] Min routing layer: metal2
[INFO GRT-0021] Max routing layer: metal10
[INFO GRT-0022] Global adjustment: 0%
[INFO GRT-0023] Grid origin: (0, 0)
[INFO GRT-0088] Layer metal1  Track-Pitch = 0.1400  line-2-Via Pitch: 0.1350
[INFO GRT-0088] Layer metal2  Track-Pitch = 0.1900  line-2-Via Pitch: 0.1400
[INFO GRT-0088] Layer metal3  Track-Pitch = 0.1400  line-2-Via Pitch: 0.1400
[INFO GRT-0088] Layer metal4  Track-Pitch = 0.2800  line-2-Via Pitch: 0.2800
[INFO GRT-0088] Layer metal5  Track-Pitch = 0.2800  line-2-Via Pitch: 0.2800
[INFO GRT-0088] Layer metal6  Track-Pitch = 0.2800  line-2-Via Pitch: 0.2800
[INFO GRT-0088] Layer metal7  Track-Pitch = 0.8000  line-2-Via Pitch: 0.8000
[INFO GRT-0088] Layer metal8  Track-Pitch = 0.8000  line-2-Via Pitch: 0.8000
[INFO GRT-0088] Layer metal9  Track-Pitch = 1.6000  line-2-Via Pitch: 1.6000
[INFO GRT-0088] Layer metal10 Track-Pitch = 1.6000  line-2-Via Pitch: 1.6000
[INFO GRT-0003] Macros: 0
[INFO GRT-0004] Blockages: 0
[INFO GRT-0019] Found 1706 clock nets.
[INFO GRT-0001] Minimum degree: 2
[INFO GRT-0002] Maximum degree: 97

[INFO GRT-0053] Routing resources analysis:
          Routing      Original      Derated      Resource
Layer     Direction    Resources     Resources    Reduction (%)
---------------------------------------------------------------
metal1     Horizontal          0             0          0.00%
metal2     Vertical       338616        159178          52.99%
metal3     Horizontal     466907        228961          50.96%
metal4     Vertical       229573        162508          29.21%
metal5     Horizontal     233541        164679          29.49%
metal6     Vertical       234296        165341          29.43%
metal7     Horizontal      71861         50397          29.87%
metal8     Vertical        81993         58890          28.18%
metal9     Horizontal      40921         23103          43.54%
metal10    Vertical        40921         23103          43.54%
---------------------------------------------------------------

[INFO GRT-0101] Running extra iterations to remove congestion.
[INFO GRT-0102] Start extra iteration 1/30
[INFO GRT-0102] Start extra iteration 2/30
[INFO GRT-0102] Start extra iteration 3/30
[INFO GRT-0102] Start extra iteration 4/30
[INFO GRT-0102] Start extra iteration 5/30
[INFO GRT-0102] Start extra iteration 6/30
[INFO GRT-0102] Start extra iteration 7/30
[INFO GRT-0102] Start extra iteration 8/30
[INFO GRT-0102] Start extra iteration 9/30
[INFO GRT-0102] Start extra iteration 10/30
[INFO GRT-0102] Start extra iteration 11/30
[INFO GRT-0102] Start extra iteration 12/30
[INFO GRT-0102] Start extra iteration 13/30
[INFO GRT-0102] Start extra iteration 14/30
[INFO GRT-0102] Start extra iteration 15/30
[INFO GRT-0102] Start extra iteration 16/30
[INFO GRT-0102] Start extra iteration 17/30
[INFO GRT-0102] Start extra iteration 18/30
[INFO GRT-0102] Start extra iteration 19/30
[INFO GRT-0102] Start extra iteration 20/30
[INFO GRT-0102] Start extra iteration 21/30
[INFO GRT-0102] Start extra iteration 22/30
[INFO GRT-0102] Start extra iteration 23/30
[INFO GRT-0102] Start extra iteration 24/30
[INFO GRT-0102] Start extra iteration 25/30
[INFO GRT-0102] Start extra iteration 26/30
[INFO GRT-0102] Start extra iteration 27/30
[INFO GRT-0102] Start extra iteration 28/30
[INFO GRT-0102] Start extra iteration 29/30
[WARNING GRT-0273] Disabled NDR (to reduce congestion) for net: clknet_2_1_0_clk
[INFO GRT-0102] Start extra iteration 1/30
[INFO GRT-0102] Start extra iteration 2/30
[INFO GRT-0102] Start extra iteration 3/30
[INFO GRT-0102] Start extra iteration 4/30
[INFO GRT-0102] Start extra iteration 5/30
[INFO GRT-0102] Start extra iteration 6/30
[INFO GRT-0102] Start extra iteration 7/30
[INFO GRT-0102] Start extra iteration 8/30
[INFO GRT-0102] Start extra iteration 9/30
[INFO GRT-0102] Start extra iteration 10/30
[INFO GRT-0102] Start extra iteration 11/30
[INFO GRT-0102] Start extra iteration 12/30
[INFO GRT-0102] Start extra iteration 13/30
[INFO GRT-0102] Start extra iteration 14/30
[INFO GRT-0102] Start extra iteration 15/30
[INFO GRT-0102] Start extra iteration 16/30
[INFO GRT-0102] Start extra iteration 17/30
[INFO GRT-0102] Start extra iteration 18/30
[INFO GRT-0102] Start extra iteration 19/30
[INFO GRT-0102] Start extra iteration 20/30
[INFO GRT-0102] Start extra iteration 21/30
[INFO GRT-0102] Start extra iteration 22/30
[INFO GRT-0102] Start extra iteration 23/30
[INFO GRT-0102] Start extra iteration 24/30
[INFO GRT-0102] Start extra iteration 25/30
[INFO GRT-0102] Start extra iteration 26/30
[INFO GRT-0102] Start extra iteration 27/30
[INFO GRT-0197] Via related to pin nodes: 636175
[INFO GRT-0198] Via related Steiner nodes: 16879
[INFO GRT-0199] Via filling finished.
[INFO GRT-0111] Final number of vias: 888078
[INFO GRT-0112] Final usage 3D: 3372334

[INFO GRT-0096] Final congestion report:
Layer         Resource        Demand        Usage (%)    Max H / Max V / Total Congestion
---------------------------------------------------------------------------------------
metal1               0             0            0.00%             0 /  0 /  0
metal2          159178        132124           83.00%             0 /  0 /  0
metal3          228961        186185           81.32%             0 /  0 /  0
metal4          162508        115625           71.15%             0 /  0 /  0
metal5          164679        111577           67.75%             0 /  0 /  0
metal6          165341         96658           58.46%             0 /  0 /  0
metal7           50397         27209           53.99%             0 /  0 /  0
metal8           58890         24115           40.95%             0 /  0 /  0
metal9           23103          9024           39.06%             0 /  0 /  0
metal10          23103          5583           24.17%             0 /  0 /  0
---------------------------------------------------------------------------------------
Total          1036160        708100           68.34%             0 /  0 /  0

[INFO GRT-0018] Total wirelength: 2836764 um
[INFO GRT-0014] Routed nets: 89699
[INFO GRT-0303] Global routing runtime = 00:05:05
Took 306 seconds: global_route -congestion_report_file /work/reports/nangate45/swerv/pipeline_80/congestion.rpt -congestion_iterations 30 -congestion_report_iter_step 5 -verbose
estimate_parasitics -global_routing
Perform buffer insertion and gate resizing...
repair_design -verbose
Iteration |   Area    | Resized | Buffers | Nets repaired | Remaining
---------------------------------------------------------------------
        0 |     +0.0% |       0 |       0 |             0 |    101553
     1000 |     +0.0% |       0 |       0 |             0 |    100553
     2000 |     +0.0% |       0 |       1 |             1 |     99553
     3000 |     +0.0% |       1 |       9 |             9 |     98553
[WARNING RSZ-0104] Net _013538_ only has one pin. Check if it is intended to be dangling.
     4000 |     +0.0% |       4 |      17 |            20 |     97553
     5000 |     +0.0% |       9 |      26 |            34 |     96553
     6000 |     +0.1% |      14 |      45 |            56 |     95553
[WARNING RSZ-0104] Net ifu.bp.rs_addr.N150 only has one pin. Check if it is intended to be dangling.
     7000 |     +0.1% |      20 |      50 |            66 |     94553
     8000 |     +0.1% |      20 |      50 |            66 |     93553
     9000 |     +0.1% |      20 |      54 |            70 |     92553
    10000 |     +0.1% |      25 |      61 |            78 |     91553
[WARNING RSZ-0104] Net _012942_ only has one pin. Check if it is intended to be dangling.
    11000 |     +0.1% |      30 |      69 |            89 |     90553
[WARNING RSZ-0104] Net _013544_ only has one pin. Check if it is intended to be dangling.
    12000 |     +0.1% |      35 |      72 |            95 |     89553
[WARNING RSZ-0104] Net _024351_ only has one pin. Check if it is intended to be dangling.
    13000 |     +0.1% |      38 |      78 |           102 |     88553
    14000 |     +0.1% |      41 |      82 |           107 |     87553
    15000 |     +0.1% |      41 |      85 |           110 |     86553
    16000 |     +0.1% |      41 |      85 |           110 |     85553
    17000 |     +0.1% |      43 |      89 |           115 |     84553
    18000 |     +0.1% |      44 |      92 |           121 |     83553
[WARNING RSZ-0104] Net exu.i1_alu_e4.N945 only has one pin. Check if it is intended to be dangling.
    19000 |     +0.1% |      46 |      94 |           125 |     82553
    20000 |     +0.1% |      46 |      95 |           126 |     81553
[WARNING RSZ-0104] Net _012944_ only has one pin. Check if it is intended to be dangling.
    21000 |     +0.1% |      47 |      98 |           131 |     80553
    22000 |     +0.1% |      47 |      99 |           132 |     79553
[WARNING RSZ-0104] Net exu.i1_alu_e1.N945 only has one pin. Check if it is intended to be dangling.
[WARNING RSZ-0104] Net exu.i0_alu_e4.N945 only has one pin. Check if it is intended to be dangling.
[WARNING RSZ-0104] Net exu.i0_alu_e1.N945 only has one pin. Check if it is intended to be dangling.
[WARNING RSZ-0104] Net _013058_ only has one pin. Check if it is intended to be dangling.
    23000 |     +0.1% |      48 |     102 |           137 |     78553
[WARNING RSZ-0104] Net _085219_/_063_ only has one pin. Check if it is intended to be dangling.
[WARNING RSZ-0104] Net _024448_ only has one pin. Check if it is intended to be dangling.
    24000 |     +0.1% |      50 |     106 |           143 |     77553
    25000 |     +0.1% |      50 |     111 |           148 |     76553
[WARNING RSZ-0104] Net _013781_ only has one pin. Check if it is intended to be dangling.
[WARNING RSZ-0104] Net _024270_ only has one pin. Check if it is intended to be dangling.
[WARNING RSZ-0104] Net _024427_ only has one pin. Check if it is intended to be dangling.
    26000 |     +0.2% |      51 |     118 |           157 |     75553
    27000 |     +0.2% |      52 |     120 |           159 |     74553
[WARNING RSZ-0104] Net _013524_ only has one pin. Check if it is intended to be dangling.
[WARNING RSZ-0104] Net _013518_ only has one pin. Check if it is intended to be dangling.
    28000 |     +0.2% |      54 |     126 |           167 |     73553
    29000 |     +0.2% |      54 |     127 |           168 |     72553
[WARNING RSZ-0104] Net _013528_ only has one pin. Check if it is intended to be dangling.
[WARNING RSZ-0104] Net _013526_ only has one pin. Check if it is intended to be dangling.
[WARNING RSZ-0104] Net _013522_ only has one pin. Check if it is intended to be dangling.
    30000 |     +0.2% |      59 |     134 |           176 |     71553
    31000 |     +0.2% |      59 |     134 |           176 |     70553
    32000 |     +0.2% |      59 |     137 |           179 |     69553
    33000 |     +0.2% |      60 |     138 |           181 |     68553
[WARNING RSZ-0104] Net _013836_ only has one pin. Check if it is intended to be dangling.
[WARNING RSZ-0104] Net _013610_ only has one pin. Check if it is intended to be dangling.
[WARNING RSZ-0104] Net _013535_ only has one pin. Check if it is intended to be dangling.
[WARNING RSZ-0104] Net _013534_ only has one pin. Check if it is intended to be dangling.
[WARNING RSZ-0104] Net _013533_ only has one pin. Check if it is intended to be dangling.
[WARNING RSZ-0104] Net _013532_ only has one pin. Check if it is intended to be dangling.
    34000 |     +0.2% |      60 |     141 |           184 |     67553
    35000 |     +0.2% |      60 |     141 |           184 |     66553
    36000 |     +0.2% |      61 |     141 |           185 |     65553
[WARNING RSZ-0104] Net _013537_ only has one pin. Check if it is intended to be dangling.
[WARNING RSZ-0104] Net _013536_ only has one pin. Check if it is intended to be dangling.
[WARNING RSZ-0104] Net _013529_ only has one pin. Check if it is intended to be dangling.
    37000 |     +0.2% |      61 |     144 |           189 |     64553
    38000 |     +0.2% |      61 |     145 |           190 |     63553
[WARNING RSZ-0104] Net _013531_ only has one pin. Check if it is intended to be dangling.
[WARNING RSZ-0104] Net _013530_ only has one pin. Check if it is intended to be dangling.
    39000 |     +0.2% |      61 |     146 |           191 |     62553
    40000 |     +0.2% |      61 |     146 |           191 |     61553
    41000 |     +0.2% |      61 |     146 |           192 |     60553
    42000 |     +0.2% |      61 |     147 |           193 |     59553
    43000 |     +0.2% |      64 |     154 |           200 |     58553
    44000 |     +0.2% |      64 |     155 |           201 |     57553
    45000 |     +0.2% |      64 |     156 |           202 |     56553
    46000 |     +0.2% |      65 |     158 |           205 |     55553
    47000 |     +0.2% |      65 |     160 |           207 |     54553
    48000 |     +0.2% |      65 |     161 |           208 |     53553
    49000 |     +0.2% |      66 |     163 |           210 |     52553
    50000 |     +0.2% |      67 |     165 |           212 |     51553
    51000 |     +0.2% |      67 |     165 |           212 |     50553
[WARNING RSZ-0104] Net _013494_ only has one pin. Check if it is intended to be dangling.
[WARNING RSZ-0104] Net _013082_ only has one pin. Check if it is intended to be dangling.
    52000 |     +0.2% |      68 |     169 |           217 |     49553
    53000 |     +0.2% |      68 |     171 |           219 |     48553
    54000 |     +0.2% |      68 |     172 |           220 |     47553
    55000 |     +0.2% |      76 |     183 |           234 |     46553
    56000 |     +0.2% |      77 |     186 |           238 |     45553
    57000 |     +0.2% |      78 |     187 |           239 |     44553
    58000 |     +0.3% |      79 |     196 |           248 |     43553
    59000 |     +0.3% |      79 |     197 |           249 |     42553
[WARNING RSZ-0104] Net _014070_ only has one pin. Check if it is intended to be dangling.
[WARNING RSZ-0104] Net _012937_ only has one pin. Check if it is intended to be dangling.
    60000 |     +0.3% |      79 |     198 |           250 |     41553
    61000 |     +0.3% |      79 |     200 |           252 |     40553
    62000 |     +0.3% |      79 |     203 |           256 |     39553
[WARNING RSZ-0104] Net _014197_ only has one pin. Check if it is intended to be dangling.
[WARNING RSZ-0104] Net _014139_ only has one pin. Check if it is intended to be dangling.
[WARNING RSZ-0104] Net _013380_ only has one pin. Check if it is intended to be dangling.
    63000 |     +0.3% |      79 |     203 |           256 |     38553
    64000 |     +0.3% |      80 |     206 |           259 |     37553
    65000 |     +0.3% |      81 |     207 |           261 |     36553
    66000 |     +0.3% |      81 |     207 |           261 |     35553
    67000 |     +0.3% |      86 |     212 |           268 |     34553
    68000 |     +0.3% |      86 |     212 |           268 |     33553
[WARNING RSZ-0104] Net _014138_ only has one pin. Check if it is intended to be dangling.
[WARNING RSZ-0104] Net _013643_ only has one pin. Check if it is intended to be dangling.
[WARNING RSZ-0104] Net dec.decode.i1_dec.N91 only has one pin. Check if it is intended to be dangling.
[WARNING RSZ-0104] Net dec.decode.i0_dec.N91 only has one pin. Check if it is intended to be dangling.
[WARNING RSZ-0104] Net _013484_ only has one pin. Check if it is intended to be dangling.
[WARNING RSZ-0104] Net _013483_ only has one pin. Check if it is intended to be dangling.
[WARNING RSZ-0104] Net _013481_ only has one pin. Check if it is intended to be dangling.
[WARNING RSZ-0104] Net _013480_ only has one pin. Check if it is intended to be dangling.
[WARNING RSZ-0104] Net _013478_ only has one pin. Check if it is intended to be dangling.
[WARNING RSZ-0104] Net _013477_ only has one pin. Check if it is intended to be dangling.
[WARNING RSZ-0104] Net _013475_ only has one pin. Check if it is intended to be dangling.
[WARNING RSZ-0104] Net _013474_ only has one pin. Check if it is intended to be dangling.
[WARNING RSZ-0104] Net _013472_ only has one pin. Check if it is intended to be dangling.
[WARNING RSZ-0104] Net _013471_ only has one pin. Check if it is intended to be dangling.
[WARNING RSZ-0104] Net _013469_ only has one pin. Check if it is intended to be dangling.
[WARNING RSZ-0104] Net _013468_ only has one pin. Check if it is intended to be dangling.
[WARNING RSZ-0104] Net _013466_ only has one pin. Check if it is intended to be dangling.
[WARNING RSZ-0104] Net _013465_ only has one pin. Check if it is intended to be dangling.
[WARNING RSZ-0104] Net _013463_ only has one pin. Check if it is intended to be dangling.
[WARNING RSZ-0104] Net _013462_ only has one pin. Check if it is intended to be dangling.
[WARNING RSZ-0104] Net _013460_ only has one pin. Check if it is intended to be dangling.
[WARNING RSZ-0104] Net _013459_ only has one pin. Check if it is intended to be dangling.
[WARNING RSZ-0104] Net _013457_ only has one pin. Check if it is intended to be dangling.
[WARNING RSZ-0104] Net _013456_ only has one pin. Check if it is intended to be dangling.
[WARNING RSZ-0104] Net _013454_ only has one pin. Check if it is intended to be dangling.
[WARNING RSZ-0104] Net _013453_ only has one pin. Check if it is intended to be dangling.
[WARNING RSZ-0104] Net _013451_ only has one pin. Check if it is intended to be dangling.
[WARNING RSZ-0104] Net _013450_ only has one pin. Check if it is intended to be dangling.
[WARNING RSZ-0104] Net _013448_ only has one pin. Check if it is intended to be dangling.
[WARNING RSZ-0104] Net _013447_ only has one pin. Check if it is intended to be dangling.
[WARNING RSZ-0104] Net _013445_ only has one pin. Check if it is intended to be dangling.
[WARNING RSZ-0104] Net _013444_ only has one pin. Check if it is intended to be dangling.
[WARNING RSZ-0104] Net _013442_ only has one pin. Check if it is intended to be dangling.
[WARNING RSZ-0104] Net _013441_ only has one pin. Check if it is intended to be dangling.
[WARNING RSZ-0104] Net _013439_ only has one pin. Check if it is intended to be dangling.
[WARNING RSZ-0104] Net _013438_ only has one pin. Check if it is intended to be dangling.
[WARNING RSZ-0104] Net _013436_ only has one pin. Check if it is intended to be dangling.
[WARNING RSZ-0104] Net _013435_ only has one pin. Check if it is intended to be dangling.
[WARNING RSZ-0104] Net _013433_ only has one pin. Check if it is intended to be dangling.
[WARNING RSZ-0104] Net _013432_ only has one pin. Check if it is intended to be dangling.
[WARNING RSZ-0104] Net _013430_ only has one pin. Check if it is intended to be dangling.
[WARNING RSZ-0104] Net _013429_ only has one pin. Check if it is intended to be dangling.
[WARNING RSZ-0104] Net _013427_ only has one pin. Check if it is intended to be dangling.
[WARNING RSZ-0104] Net _013426_ only has one pin. Check if it is intended to be dangling.
[WARNING RSZ-0104] Net _013424_ only has one pin. Check if it is intended to be dangling.
[WARNING RSZ-0104] Net _013423_ only has one pin. Check if it is intended to be dangling.
[WARNING RSZ-0104] Net _013421_ only has one pin. Check if it is intended to be dangling.
[WARNING RSZ-0104] Net _013420_ only has one pin. Check if it is intended to be dangling.
[WARNING RSZ-0104] Net _013418_ only has one pin. Check if it is intended to be dangling.
[WARNING RSZ-0104] Net _013417_ only has one pin. Check if it is intended to be dangling.
[WARNING RSZ-0104] Net _013415_ only has one pin. Check if it is intended to be dangling.
[WARNING RSZ-0104] Net _013414_ only has one pin. Check if it is intended to be dangling.
[WARNING RSZ-0104] Net _013412_ only has one pin. Check if it is intended to be dangling.
[WARNING RSZ-0104] Net _013411_ only has one pin. Check if it is intended to be dangling.
[WARNING RSZ-0104] Net _013409_ only has one pin. Check if it is intended to be dangling.
[WARNING RSZ-0104] Net _013408_ only has one pin. Check if it is intended to be dangling.
[WARNING RSZ-0104] Net _013406_ only has one pin. Check if it is intended to be dangling.
[WARNING RSZ-0104] Net _013405_ only has one pin. Check if it is intended to be dangling.
[WARNING RSZ-0104] Net _013403_ only has one pin. Check if it is intended to be dangling.
[WARNING RSZ-0104] Net _013402_ only has one pin. Check if it is intended to be dangling.
[WARNING RSZ-0104] Net _013400_ only has one pin. Check if it is intended to be dangling.
[WARNING RSZ-0104] Net _013399_ only has one pin. Check if it is intended to be dangling.
[WARNING RSZ-0104] Net _013397_ only has one pin. Check if it is intended to be dangling.
[WARNING RSZ-0104] Net _013396_ only has one pin. Check if it is intended to be dangling.
[WARNING RSZ-0104] Net _013394_ only has one pin. Check if it is intended to be dangling.
[WARNING RSZ-0104] Net _013393_ only has one pin. Check if it is intended to be dangling.
[WARNING RSZ-0104] Net _013391_ only has one pin. Check if it is intended to be dangling.
[WARNING RSZ-0104] Net _013390_ only has one pin. Check if it is intended to be dangling.
[WARNING RSZ-0104] Net _013386_ only has one pin. Check if it is intended to be dangling.
[WARNING RSZ-0104] Net _013385_ only has one pin. Check if it is intended to be dangling.
[WARNING RSZ-0104] Net _013383_ only has one pin. Check if it is intended to be dangling.
[WARNING RSZ-0104] Net _013382_ only has one pin. Check if it is intended to be dangling.
[WARNING RSZ-0104] Net _013379_ only has one pin. Check if it is intended to be dangling.
[WARNING RSZ-0104] Net _013377_ only has one pin. Check if it is intended to be dangling.
[WARNING RSZ-0104] Net _013376_ only has one pin. Check if it is intended to be dangling.
[WARNING RSZ-0104] Net _013374_ only has one pin. Check if it is intended to be dangling.
[WARNING RSZ-0104] Net _013373_ only has one pin. Check if it is intended to be dangling.
[WARNING RSZ-0104] Net _013371_ only has one pin. Check if it is intended to be dangling.
[WARNING RSZ-0104] Net _013370_ only has one pin. Check if it is intended to be dangling.
[WARNING RSZ-0104] Net _013368_ only has one pin. Check if it is intended to be dangling.
[WARNING RSZ-0104] Net _013367_ only has one pin. Check if it is intended to be dangling.
[WARNING RSZ-0104] Net _013365_ only has one pin. Check if it is intended to be dangling.
[WARNING RSZ-0104] Net _013364_ only has one pin. Check if it is intended to be dangling.
[WARNING RSZ-0104] Net _013362_ only has one pin. Check if it is intended to be dangling.
[WARNING RSZ-0104] Net _013361_ only has one pin. Check if it is intended to be dangling.
[WARNING RSZ-0104] Net _013359_ only has one pin. Check if it is intended to be dangling.
[WARNING RSZ-0104] Net _013358_ only has one pin. Check if it is intended to be dangling.
[WARNING RSZ-0104] Net _013356_ only has one pin. Check if it is intended to be dangling.
[WARNING RSZ-0104] Net _013355_ only has one pin. Check if it is intended to be dangling.
[WARNING RSZ-0104] Net _013353_ only has one pin. Check if it is intended to be dangling.
[WARNING RSZ-0104] Net _013352_ only has one pin. Check if it is intended to be dangling.
[WARNING RSZ-0104] Net _013350_ only has one pin. Check if it is intended to be dangling.
[WARNING RSZ-0104] Net _013349_ only has one pin. Check if it is intended to be dangling.
[WARNING RSZ-0104] Net _013347_ only has one pin. Check if it is intended to be dangling.
[WARNING RSZ-0104] Net _013346_ only has one pin. Check if it is intended to be dangling.
[WARNING RSZ-0104] Net _013344_ only has one pin. Check if it is intended to be dangling.
[WARNING RSZ-0104] Net _013343_ only has one pin. Check if it is intended to be dangling.
[WARNING RSZ-0104] Net _013341_ only has one pin. Check if it is intended to be dangling.
[WARNING RSZ-0104] Net _013340_ only has one pin. Check if it is intended to be dangling.
[WARNING RSZ-0104] Net _013338_ only has one pin. Check if it is intended to be dangling.
[WARNING RSZ-0104] Net _013337_ only has one pin. Check if it is intended to be dangling.
[WARNING RSZ-0104] Net _013335_ only has one pin. Check if it is intended to be dangling.
[WARNING RSZ-0104] Net _013334_ only has one pin. Check if it is intended to be dangling.
[WARNING RSZ-0104] Net _013332_ only has one pin. Check if it is intended to be dangling.
[WARNING RSZ-0104] Net _013331_ only has one pin. Check if it is intended to be dangling.
[WARNING RSZ-0104] Net _013329_ only has one pin. Check if it is intended to be dangling.
[WARNING RSZ-0104] Net _013328_ only has one pin. Check if it is intended to be dangling.
[WARNING RSZ-0104] Net _013326_ only has one pin. Check if it is intended to be dangling.
[WARNING RSZ-0104] Net _013325_ only has one pin. Check if it is intended to be dangling.
[WARNING RSZ-0104] Net _013323_ only has one pin. Check if it is intended to be dangling.
[WARNING RSZ-0104] Net _013322_ only has one pin. Check if it is intended to be dangling.
[WARNING RSZ-0104] Net _013320_ only has one pin. Check if it is intended to be dangling.
[WARNING RSZ-0104] Net _013319_ only has one pin. Check if it is intended to be dangling.
[WARNING RSZ-0104] Net _013317_ only has one pin. Check if it is intended to be dangling.
[WARNING RSZ-0104] Net _013316_ only has one pin. Check if it is intended to be dangling.
[WARNING RSZ-0104] Net _013314_ only has one pin. Check if it is intended to be dangling.
[WARNING RSZ-0104] Net _013313_ only has one pin. Check if it is intended to be dangling.
[WARNING RSZ-0104] Net _013311_ only has one pin. Check if it is intended to be dangling.
[WARNING RSZ-0104] Net _013310_ only has one pin. Check if it is intended to be dangling.
[WARNING RSZ-0104] Net _013308_ only has one pin. Check if it is intended to be dangling.
[WARNING RSZ-0104] Net _013307_ only has one pin. Check if it is intended to be dangling.
[WARNING RSZ-0104] Net _013305_ only has one pin. Check if it is intended to be dangling.
[WARNING RSZ-0104] Net _013304_ only has one pin. Check if it is intended to be dangling.
[WARNING RSZ-0104] Net _013302_ only has one pin. Check if it is intended to be dangling.
[WARNING RSZ-0104] Net _013301_ only has one pin. Check if it is intended to be dangling.
[WARNING RSZ-0104] Net _013299_ only has one pin. Check if it is intended to be dangling.
[WARNING RSZ-0104] Net _013298_ only has one pin. Check if it is intended to be dangling.
[WARNING RSZ-0104] Net _013296_ only has one pin. Check if it is intended to be dangling.
[WARNING RSZ-0104] Net _013295_ only has one pin. Check if it is intended to be dangling.
[WARNING RSZ-0104] Net _013293_ only has one pin. Check if it is intended to be dangling.
[WARNING RSZ-0104] Net _013292_ only has one pin. Check if it is intended to be dangling.
[WARNING RSZ-0104] Net _013280_ only has one pin. Check if it is intended to be dangling.
[WARNING RSZ-0104] Net _013279_ only has one pin. Check if it is intended to be dangling.
[WARNING RSZ-0104] Net _013174_ only has one pin. Check if it is intended to be dangling.
[WARNING RSZ-0104] Net _013171_ only has one pin. Check if it is intended to be dangling.
    69000 |     +0.3% |      88 |     221 |           278 |     32553
    70000 |     +0.3% |      92 |     226 |           285 |     31553
    71000 |     +0.3% |      92 |     230 |           289 |     30553
    72000 |     +0.3% |      92 |     231 |           290 |     29553
    73000 |     +0.3% |      92 |     231 |           290 |     28553
[WARNING RSZ-0104] Net _014210_ only has one pin. Check if it is intended to be dangling.
[WARNING RSZ-0104] Net _014209_ only has one pin. Check if it is intended to be dangling.
[WARNING RSZ-0104] Net _014208_ only has one pin. Check if it is intended to be dangling.
[WARNING RSZ-0104] Net _014206_ only has one pin. Check if it is intended to be dangling.
[WARNING RSZ-0104] Net _014205_ only has one pin. Check if it is intended to be dangling.
[WARNING RSZ-0104] Net _014204_ only has one pin. Check if it is intended to be dangling.
[WARNING RSZ-0104] Net _014203_ only has one pin. Check if it is intended to be dangling.
[WARNING RSZ-0104] Net _014202_ only has one pin. Check if it is intended to be dangling.
[WARNING RSZ-0104] Net _014201_ only has one pin. Check if it is intended to be dangling.
[WARNING RSZ-0104] Net _014174_ only has one pin. Check if it is intended to be dangling.
[WARNING RSZ-0104] Net _014173_ only has one pin. Check if it is intended to be dangling.
[WARNING RSZ-0104] Net _014171_ only has one pin. Check if it is intended to be dangling.
[WARNING RSZ-0104] Net _014169_ only has one pin. Check if it is intended to be dangling.
[WARNING RSZ-0104] Net _014156_ only has one pin. Check if it is intended to be dangling.
[WARNING RSZ-0104] Net _014155_ only has one pin. Check if it is intended to be dangling.
[WARNING RSZ-0104] Net _014153_ only has one pin. Check if it is intended to be dangling.
[WARNING RSZ-0104] Net _014152_ only has one pin. Check if it is intended to be dangling.
[WARNING RSZ-0104] Net _014150_ only has one pin. Check if it is intended to be dangling.
[WARNING RSZ-0104] Net _014149_ only has one pin. Check if it is intended to be dangling.
[WARNING RSZ-0104] Net _014147_ only has one pin. Check if it is intended to be dangling.
[WARNING RSZ-0104] Net _014035_ only has one pin. Check if it is intended to be dangling.
[WARNING RSZ-0104] Net _013984_ only has one pin. Check if it is intended to be dangling.
[WARNING RSZ-0104] Net _013670_ only has one pin. Check if it is intended to be dangling.
[WARNING RSZ-0104] Net _013668_ only has one pin. Check if it is intended to be dangling.
[WARNING RSZ-0104] Net _013666_ only has one pin. Check if it is intended to be dangling.
[WARNING RSZ-0104] Net _013664_ only has one pin. Check if it is intended to be dangling.
[WARNING RSZ-0104] Net _024344_ only has one pin. Check if it is intended to be dangling.
[WARNING RSZ-0104] Net _013646_ only has one pin. Check if it is intended to be dangling.
[WARNING RSZ-0104] Net _013645_ only has one pin. Check if it is intended to be dangling.
[WARNING RSZ-0104] Net _013644_ only has one pin. Check if it is intended to be dangling.
[WARNING RSZ-0104] Net _013554_ only has one pin. Check if it is intended to be dangling.
[WARNING RSZ-0104] Net _013553_ only has one pin. Check if it is intended to be dangling.
[WARNING RSZ-0104] Net _013552_ only has one pin. Check if it is intended to be dangling.
[WARNING RSZ-0104] Net _013551_ only has one pin. Check if it is intended to be dangling.
[WARNING RSZ-0104] Net _013550_ only has one pin. Check if it is intended to be dangling.
[WARNING RSZ-0104] Net _013549_ only has one pin. Check if it is intended to be dangling.
[WARNING RSZ-0104] Net _013543_ only has one pin. Check if it is intended to be dangling.
[WARNING RSZ-0104] Net _013542_ only has one pin. Check if it is intended to be dangling.
[WARNING RSZ-0104] Net _013511_ only has one pin. Check if it is intended to be dangling.
[WARNING RSZ-0104] Net _013510_ only has one pin. Check if it is intended to be dangling.
[WARNING RSZ-0104] Net _013289_ only has one pin. Check if it is intended to be dangling.
[WARNING RSZ-0104] Net _013288_ only has one pin. Check if it is intended to be dangling.
[WARNING RSZ-0104] Net _013286_ only has one pin. Check if it is intended to be dangling.
[WARNING RSZ-0104] Net _013285_ only has one pin. Check if it is intended to be dangling.
[WARNING RSZ-0104] Net _013283_ only has one pin. Check if it is intended to be dangling.
[WARNING RSZ-0104] Net _013282_ only has one pin. Check if it is intended to be dangling.
[WARNING RSZ-0104] Net _013277_ only has one pin. Check if it is intended to be dangling.
[WARNING RSZ-0104] Net _013276_ only has one pin. Check if it is intended to be dangling.
[WARNING RSZ-0104] Net _013274_ only has one pin. Check if it is intended to be dangling.
[WARNING RSZ-0104] Net _013273_ only has one pin. Check if it is intended to be dangling.
[WARNING RSZ-0104] Net _013271_ only has one pin. Check if it is intended to be dangling.
[WARNING RSZ-0104] Net _013270_ only has one pin. Check if it is intended to be dangling.
[WARNING RSZ-0104] Net _013268_ only has one pin. Check if it is intended to be dangling.
[WARNING RSZ-0104] Net _013267_ only has one pin. Check if it is intended to be dangling.
[WARNING RSZ-0104] Net _013265_ only has one pin. Check if it is intended to be dangling.
[WARNING RSZ-0104] Net _013264_ only has one pin. Check if it is intended to be dangling.
[WARNING RSZ-0104] Net _013262_ only has one pin. Check if it is intended to be dangling.
[WARNING RSZ-0104] Net _013261_ only has one pin. Check if it is intended to be dangling.
[WARNING RSZ-0104] Net _013259_ only has one pin. Check if it is intended to be dangling.
[WARNING RSZ-0104] Net _013258_ only has one pin. Check if it is intended to be dangling.
[WARNING RSZ-0104] Net _013256_ only has one pin. Check if it is intended to be dangling.
[WARNING RSZ-0104] Net _013255_ only has one pin. Check if it is intended to be dangling.
[WARNING RSZ-0104] Net _013253_ only has one pin. Check if it is intended to be dangling.
[WARNING RSZ-0104] Net _013252_ only has one pin. Check if it is intended to be dangling.
[WARNING RSZ-0104] Net _013250_ only has one pin. Check if it is intended to be dangling.
[WARNING RSZ-0104] Net _013249_ only has one pin. Check if it is intended to be dangling.
[WARNING RSZ-0104] Net _013247_ only has one pin. Check if it is intended to be dangling.
[WARNING RSZ-0104] Net _013246_ only has one pin. Check if it is intended to be dangling.
[WARNING RSZ-0104] Net _013244_ only has one pin. Check if it is intended to be dangling.
[WARNING RSZ-0104] Net _013243_ only has one pin. Check if it is intended to be dangling.
[WARNING RSZ-0104] Net _013241_ only has one pin. Check if it is intended to be dangling.
[WARNING RSZ-0104] Net _013240_ only has one pin. Check if it is intended to be dangling.
[WARNING RSZ-0104] Net _013238_ only has one pin. Check if it is intended to be dangling.
[WARNING RSZ-0104] Net _013237_ only has one pin. Check if it is intended to be dangling.
[WARNING RSZ-0104] Net _013235_ only has one pin. Check if it is intended to be dangling.
[WARNING RSZ-0104] Net _013234_ only has one pin. Check if it is intended to be dangling.
[WARNING RSZ-0104] Net _013232_ only has one pin. Check if it is intended to be dangling.
[WARNING RSZ-0104] Net _013231_ only has one pin. Check if it is intended to be dangling.
[WARNING RSZ-0104] Net _013229_ only has one pin. Check if it is intended to be dangling.
[WARNING RSZ-0104] Net _013228_ only has one pin. Check if it is intended to be dangling.
[WARNING RSZ-0104] Net _013226_ only has one pin. Check if it is intended to be dangling.
[WARNING RSZ-0104] Net _013225_ only has one pin. Check if it is intended to be dangling.
[WARNING RSZ-0104] Net _013223_ only has one pin. Check if it is intended to be dangling.
[WARNING RSZ-0104] Net _013222_ only has one pin. Check if it is intended to be dangling.
[WARNING RSZ-0104] Net _013220_ only has one pin. Check if it is intended to be dangling.
[WARNING RSZ-0104] Net _013219_ only has one pin. Check if it is intended to be dangling.
[WARNING RSZ-0104] Net _013217_ only has one pin. Check if it is intended to be dangling.
[WARNING RSZ-0104] Net _013216_ only has one pin. Check if it is intended to be dangling.
[WARNING RSZ-0104] Net _013214_ only has one pin. Check if it is intended to be dangling.
[WARNING RSZ-0104] Net _013213_ only has one pin. Check if it is intended to be dangling.
[WARNING RSZ-0104] Net _013211_ only has one pin. Check if it is intended to be dangling.
[WARNING RSZ-0104] Net _013210_ only has one pin. Check if it is intended to be dangling.
[WARNING RSZ-0104] Net _013208_ only has one pin. Check if it is intended to be dangling.
[WARNING RSZ-0104] Net _013207_ only has one pin. Check if it is intended to be dangling.
[WARNING RSZ-0104] Net _013205_ only has one pin. Check if it is intended to be dangling.
[WARNING RSZ-0104] Net _013204_ only has one pin. Check if it is intended to be dangling.
[WARNING RSZ-0104] Net _013202_ only has one pin. Check if it is intended to be dangling.
[WARNING RSZ-0104] Net _013201_ only has one pin. Check if it is intended to be dangling.
[WARNING RSZ-0104] Net _013199_ only has one pin. Check if it is intended to be dangling.
[WARNING RSZ-0104] Net _013198_ only has one pin. Check if it is intended to be dangling.
[WARNING RSZ-0104] Net _013196_ only has one pin. Check if it is intended to be dangling.
[WARNING RSZ-0104] Net _013195_ only has one pin. Check if it is intended to be dangling.
[WARNING RSZ-0104] Net _013183_ only has one pin. Check if it is intended to be dangling.
[WARNING RSZ-0104] Net _013182_ only has one pin. Check if it is intended to be dangling.
[WARNING RSZ-0104] Net _013180_ only has one pin. Check if it is intended to be dangling.
[WARNING RSZ-0104] Net _013179_ only has one pin. Check if it is intended to be dangling.
[WARNING RSZ-0104] Net _013177_ only has one pin. Check if it is intended to be dangling.
[WARNING RSZ-0104] Net _013176_ only has one pin. Check if it is intended to be dangling.
[WARNING RSZ-0104] Net _013173_ only has one pin. Check if it is intended to be dangling.
[WARNING RSZ-0104] Net _013170_ only has one pin. Check if it is intended to be dangling.
[WARNING RSZ-0104] Net _013168_ only has one pin. Check if it is intended to be dangling.
[WARNING RSZ-0104] Net _013167_ only has one pin. Check if it is intended to be dangling.
[WARNING RSZ-0104] Net _013165_ only has one pin. Check if it is intended to be dangling.
[WARNING RSZ-0104] Net _013164_ only has one pin. Check if it is intended to be dangling.
[WARNING RSZ-0104] Net _013162_ only has one pin. Check if it is intended to be dangling.
[WARNING RSZ-0104] Net _013161_ only has one pin. Check if it is intended to be dangling.
[WARNING RSZ-0104] Net _013159_ only has one pin. Check if it is intended to be dangling.
[WARNING RSZ-0104] Net _013158_ only has one pin. Check if it is intended to be dangling.
[WARNING RSZ-0104] Net _013156_ only has one pin. Check if it is intended to be dangling.
[WARNING RSZ-0104] Net _013155_ only has one pin. Check if it is intended to be dangling.
[WARNING RSZ-0104] Net _013153_ only has one pin. Check if it is intended to be dangling.
[WARNING RSZ-0104] Net _013152_ only has one pin. Check if it is intended to be dangling.
[WARNING RSZ-0104] Net _013150_ only has one pin. Check if it is intended to be dangling.
[WARNING RSZ-0104] Net _013149_ only has one pin. Check if it is intended to be dangling.
[WARNING RSZ-0104] Net _013147_ only has one pin. Check if it is intended to be dangling.
[WARNING RSZ-0104] Net _013146_ only has one pin. Check if it is intended to be dangling.
[WARNING RSZ-0104] Net _013144_ only has one pin. Check if it is intended to be dangling.
[WARNING RSZ-0104] Net _013143_ only has one pin. Check if it is intended to be dangling.
[WARNING RSZ-0104] Net _013141_ only has one pin. Check if it is intended to be dangling.
[WARNING RSZ-0104] Net _013140_ only has one pin. Check if it is intended to be dangling.
[WARNING RSZ-0104] Net _013138_ only has one pin. Check if it is intended to be dangling.
[WARNING RSZ-0104] Net _013137_ only has one pin. Check if it is intended to be dangling.
[WARNING RSZ-0104] Net _013135_ only has one pin. Check if it is intended to be dangling.
[WARNING RSZ-0104] Net _013134_ only has one pin. Check if it is intended to be dangling.
[WARNING RSZ-0104] Net _013132_ only has one pin. Check if it is intended to be dangling.
[WARNING RSZ-0104] Net _013131_ only has one pin. Check if it is intended to be dangling.
[WARNING RSZ-0104] Net _013129_ only has one pin. Check if it is intended to be dangling.
[WARNING RSZ-0104] Net _013128_ only has one pin. Check if it is intended to be dangling.
[WARNING RSZ-0104] Net _013126_ only has one pin. Check if it is intended to be dangling.
[WARNING RSZ-0104] Net _013125_ only has one pin. Check if it is intended to be dangling.
[WARNING RSZ-0104] Net _013123_ only has one pin. Check if it is intended to be dangling.
[WARNING RSZ-0104] Net _013122_ only has one pin. Check if it is intended to be dangling.
[WARNING RSZ-0104] Net _013120_ only has one pin. Check if it is intended to be dangling.
[WARNING RSZ-0104] Net _013119_ only has one pin. Check if it is intended to be dangling.
[WARNING RSZ-0104] Net _013117_ only has one pin. Check if it is intended to be dangling.
[WARNING RSZ-0104] Net _013116_ only has one pin. Check if it is intended to be dangling.
[WARNING RSZ-0104] Net _013114_ only has one pin. Check if it is intended to be dangling.
[WARNING RSZ-0104] Net _013113_ only has one pin. Check if it is intended to be dangling.
[WARNING RSZ-0104] Net _013111_ only has one pin. Check if it is intended to be dangling.
[WARNING RSZ-0104] Net _013110_ only has one pin. Check if it is intended to be dangling.
[WARNING RSZ-0104] Net _013108_ only has one pin. Check if it is intended to be dangling.
[WARNING RSZ-0104] Net _013107_ only has one pin. Check if it is intended to be dangling.
[WARNING RSZ-0104] Net _013105_ only has one pin. Check if it is intended to be dangling.
[WARNING RSZ-0104] Net _013104_ only has one pin. Check if it is intended to be dangling.
    74000 |     +0.3% |      92 |     234 |           292 |     27553
[WARNING RSZ-0104] Net _013102_ only has one pin. Check if it is intended to be dangling.
[WARNING RSZ-0104] Net _013101_ only has one pin. Check if it is intended to be dangling.
[WARNING RSZ-0104] Net _013099_ only has one pin. Check if it is intended to be dangling.
[WARNING RSZ-0104] Net _013098_ only has one pin. Check if it is intended to be dangling.
[WARNING RSZ-0104] Net _013096_ only has one pin. Check if it is intended to be dangling.
[WARNING RSZ-0104] Net _013095_ only has one pin. Check if it is intended to be dangling.
[WARNING RSZ-0104] Net _013093_ only has one pin. Check if it is intended to be dangling.
[WARNING RSZ-0104] Net _013092_ only has one pin. Check if it is intended to be dangling.
[WARNING RSZ-0104] Net _013090_ only has one pin. Check if it is intended to be dangling.
[WARNING RSZ-0104] Net _013089_ only has one pin. Check if it is intended to be dangling.
[WARNING RSZ-0104] Net _000000_ only has one pin. Check if it is intended to be dangling.
[WARNING RSZ-0104] Net _010307_ only has one pin. Check if it is intended to be dangling.
[WARNING RSZ-0104] Net _010306_ only has one pin. Check if it is intended to be dangling.
[WARNING RSZ-0104] Net _010305_ only has one pin. Check if it is intended to be dangling.
[WARNING RSZ-0104] Net _010304_ only has one pin. Check if it is intended to be dangling.
[WARNING RSZ-0104] Net _010303_ only has one pin. Check if it is intended to be dangling.
[WARNING RSZ-0104] Net _010302_ only has one pin. Check if it is intended to be dangling.
[WARNING RSZ-0104] Net _010301_ only has one pin. Check if it is intended to be dangling.
[WARNING RSZ-0104] Net _010300_ only has one pin. Check if it is intended to be dangling.
[WARNING RSZ-0104] Net _010299_ only has one pin. Check if it is intended to be dangling.
[WARNING RSZ-0104] Net _010298_ only has one pin. Check if it is intended to be dangling.
[WARNING RSZ-0104] Net _010297_ only has one pin. Check if it is intended to be dangling.
[WARNING RSZ-0104] Net _010296_ only has one pin. Check if it is intended to be dangling.
[WARNING RSZ-0104] Net _010295_ only has one pin. Check if it is intended to be dangling.
[WARNING RSZ-0104] Net _010294_ only has one pin. Check if it is intended to be dangling.
[WARNING RSZ-0104] Net _010293_ only has one pin. Check if it is intended to be dangling.
[WARNING RSZ-0104] Net _010292_ only has one pin. Check if it is intended to be dangling.
[WARNING RSZ-0104] Net _010291_ only has one pin. Check if it is intended to be dangling.
[WARNING RSZ-0104] Net _010290_ only has one pin. Check if it is intended to be dangling.
[WARNING RSZ-0104] Net _010289_ only has one pin. Check if it is intended to be dangling.
[WARNING RSZ-0104] Net _010288_ only has one pin. Check if it is intended to be dangling.
[WARNING RSZ-0104] Net _010287_ only has one pin. Check if it is intended to be dangling.
[WARNING RSZ-0104] Net _010286_ only has one pin. Check if it is intended to be dangling.
[WARNING RSZ-0104] Net _010285_ only has one pin. Check if it is intended to be dangling.
[WARNING RSZ-0104] Net _010284_ only has one pin. Check if it is intended to be dangling.
[WARNING RSZ-0104] Net _010283_ only has one pin. Check if it is intended to be dangling.
[WARNING RSZ-0104] Net _010282_ only has one pin. Check if it is intended to be dangling.
[WARNING RSZ-0104] Net _010281_ only has one pin. Check if it is intended to be dangling.
[WARNING RSZ-0104] Net _010280_ only has one pin. Check if it is intended to be dangling.
[WARNING RSZ-0104] Net _010279_ only has one pin. Check if it is intended to be dangling.
[WARNING RSZ-0104] Net _010278_ only has one pin. Check if it is intended to be dangling.
[WARNING RSZ-0104] Net _010277_ only has one pin. Check if it is intended to be dangling.
[WARNING RSZ-0104] Net _010276_ only has one pin. Check if it is intended to be dangling.
[WARNING RSZ-0104] Net _000957_ only has one pin. Check if it is intended to be dangling.
[WARNING RSZ-0104] Net _000954_ only has one pin. Check if it is intended to be dangling.
[WARNING RSZ-0104] Net _000945_ only has one pin. Check if it is intended to be dangling.
[WARNING RSZ-0104] Net _010275_ only has one pin. Check if it is intended to be dangling.
[WARNING RSZ-0104] Net _000574_ only has one pin. Check if it is intended to be dangling.
[WARNING RSZ-0104] Net _000576_ only has one pin. Check if it is intended to be dangling.
[WARNING RSZ-0104] Net _000571_ only has one pin. Check if it is intended to be dangling.
[WARNING RSZ-0104] Net _010274_ only has one pin. Check if it is intended to be dangling.
[WARNING RSZ-0104] Net _000183_ only has one pin. Check if it is intended to be dangling.
[WARNING RSZ-0104] Net _000037_ only has one pin. Check if it is intended to be dangling.
[WARNING RSZ-0104] Net _000036_ only has one pin. Check if it is intended to be dangling.
[WARNING RSZ-0104] Net _010273_ only has one pin. Check if it is intended to be dangling.
[WARNING RSZ-0104] Net _000591_ only has one pin. Check if it is intended to be dangling.
[WARNING RSZ-0104] Net _000582_ only has one pin. Check if it is intended to be dangling.
[WARNING RSZ-0104] Net _000580_ only has one pin. Check if it is intended to be dangling.
[WARNING RSZ-0104] Net _010272_ only has one pin. Check if it is intended to be dangling.
[WARNING RSZ-0104] Net _000893_ only has one pin. Check if it is intended to be dangling.
[WARNING RSZ-0104] Net _000633_ only has one pin. Check if it is intended to be dangling.
[WARNING RSZ-0104] Net _000631_ only has one pin. Check if it is intended to be dangling.
[WARNING RSZ-0104] Net _010271_ only has one pin. Check if it is intended to be dangling.
[WARNING RSZ-0104] Net _000926_ only has one pin. Check if it is intended to be dangling.
[WARNING RSZ-0104] Net _000920_ only has one pin. Check if it is intended to be dangling.
[WARNING RSZ-0104] Net _000919_ only has one pin. Check if it is intended to be dangling.
[WARNING RSZ-0104] Net _010270_ only has one pin. Check if it is intended to be dangling.
[WARNING RSZ-0104] Net _001059_ only has one pin. Check if it is intended to be dangling.
[WARNING RSZ-0104] Net _001037_ only has one pin. Check if it is intended to be dangling.
[WARNING RSZ-0104] Net _001031_ only has one pin. Check if it is intended to be dangling.
[WARNING RSZ-0104] Net _010269_ only has one pin. Check if it is intended to be dangling.
[WARNING RSZ-0104] Net _000182_ only has one pin. Check if it is intended to be dangling.
[WARNING RSZ-0104] Net _000275_ only has one pin. Check if it is intended to be dangling.
[WARNING RSZ-0104] Net _000272_ only has one pin. Check if it is intended to be dangling.
[WARNING RSZ-0104] Net _010268_ only has one pin. Check if it is intended to be dangling.
[WARNING RSZ-0104] Net _010245_ only has one pin. Check if it is intended to be dangling.
[WARNING RSZ-0104] Net _010244_ only has one pin. Check if it is intended to be dangling.
[WARNING RSZ-0104] Net _010243_ only has one pin. Check if it is intended to be dangling.
[WARNING RSZ-0104] Net _010242_ only has one pin. Check if it is intended to be dangling.
[WARNING RSZ-0104] Net _010241_ only has one pin. Check if it is intended to be dangling.
[WARNING RSZ-0104] Net _010240_ only has one pin. Check if it is intended to be dangling.
[WARNING RSZ-0104] Net _010239_ only has one pin. Check if it is intended to be dangling.
[WARNING RSZ-0104] Net _010267_ only has one pin. Check if it is intended to be dangling.
[WARNING RSZ-0104] Net _010266_ only has one pin. Check if it is intended to be dangling.
[WARNING RSZ-0104] Net _010238_ only has one pin. Check if it is intended to be dangling.
[WARNING RSZ-0104] Net _010265_ only has one pin. Check if it is intended to be dangling.
[WARNING RSZ-0104] Net _010264_ only has one pin. Check if it is intended to be dangling.
[WARNING RSZ-0104] Net _010263_ only has one pin. Check if it is intended to be dangling.
[WARNING RSZ-0104] Net _010262_ only has one pin. Check if it is intended to be dangling.
[WARNING RSZ-0104] Net _010261_ only has one pin. Check if it is intended to be dangling.
[WARNING RSZ-0104] Net _010260_ only has one pin. Check if it is intended to be dangling.
[WARNING RSZ-0104] Net _010259_ only has one pin. Check if it is intended to be dangling.
[WARNING RSZ-0104] Net _010258_ only has one pin. Check if it is intended to be dangling.
[WARNING RSZ-0104] Net _010257_ only has one pin. Check if it is intended to be dangling.
[WARNING RSZ-0104] Net _010256_ only has one pin. Check if it is intended to be dangling.
[WARNING RSZ-0104] Net _010237_ only has one pin. Check if it is intended to be dangling.
[WARNING RSZ-0104] Net _010255_ only has one pin. Check if it is intended to be dangling.
[WARNING RSZ-0104] Net _010254_ only has one pin. Check if it is intended to be dangling.
[WARNING RSZ-0104] Net _010253_ only has one pin. Check if it is intended to be dangling.
[WARNING RSZ-0104] Net _010252_ only has one pin. Check if it is intended to be dangling.
[WARNING RSZ-0104] Net _010251_ only has one pin. Check if it is intended to be dangling.
[WARNING RSZ-0104] Net _010250_ only has one pin. Check if it is intended to be dangling.
[WARNING RSZ-0104] Net _010249_ only has one pin. Check if it is intended to be dangling.
[WARNING RSZ-0104] Net _010248_ only has one pin. Check if it is intended to be dangling.
[WARNING RSZ-0104] Net _010247_ only has one pin. Check if it is intended to be dangling.
[WARNING RSZ-0104] Net _010246_ only has one pin. Check if it is intended to be dangling.
[WARNING RSZ-0104] Net _010236_ only has one pin. Check if it is intended to be dangling.
[WARNING RSZ-0104] Net _010213_ only has one pin. Check if it is intended to be dangling.
[WARNING RSZ-0104] Net _010212_ only has one pin. Check if it is intended to be dangling.
[WARNING RSZ-0104] Net _010211_ only has one pin. Check if it is intended to be dangling.
[WARNING RSZ-0104] Net _010210_ only has one pin. Check if it is intended to be dangling.
[WARNING RSZ-0104] Net _010209_ only has one pin. Check if it is intended to be dangling.
[WARNING RSZ-0104] Net _010208_ only has one pin. Check if it is intended to be dangling.
[WARNING RSZ-0104] Net _010207_ only has one pin. Check if it is intended to be dangling.
[WARNING RSZ-0104] Net _010235_ only has one pin. Check if it is intended to be dangling.
[WARNING RSZ-0104] Net _010234_ only has one pin. Check if it is intended to be dangling.
[WARNING RSZ-0104] Net _010206_ only has one pin. Check if it is intended to be dangling.
[WARNING RSZ-0104] Net _010233_ only has one pin. Check if it is intended to be dangling.
[WARNING RSZ-0104] Net _010232_ only has one pin. Check if it is intended to be dangling.
[WARNING RSZ-0104] Net _010231_ only has one pin. Check if it is intended to be dangling.
[WARNING RSZ-0104] Net _010230_ only has one pin. Check if it is intended to be dangling.
[WARNING RSZ-0104] Net _010229_ only has one pin. Check if it is intended to be dangling.
[WARNING RSZ-0104] Net _010228_ only has one pin. Check if it is intended to be dangling.
[WARNING RSZ-0104] Net _010227_ only has one pin. Check if it is intended to be dangling.
[WARNING RSZ-0104] Net _010226_ only has one pin. Check if it is intended to be dangling.
[WARNING RSZ-0104] Net _010225_ only has one pin. Check if it is intended to be dangling.
[WARNING RSZ-0104] Net _010224_ only has one pin. Check if it is intended to be dangling.
[WARNING RSZ-0104] Net _010205_ only has one pin. Check if it is intended to be dangling.
[WARNING RSZ-0104] Net _010223_ only has one pin. Check if it is intended to be dangling.
[WARNING RSZ-0104] Net _010222_ only has one pin. Check if it is intended to be dangling.
[WARNING RSZ-0104] Net _010221_ only has one pin. Check if it is intended to be dangling.
[WARNING RSZ-0104] Net _010220_ only has one pin. Check if it is intended to be dangling.
[WARNING RSZ-0104] Net _010219_ only has one pin. Check if it is intended to be dangling.
[WARNING RSZ-0104] Net _010218_ only has one pin. Check if it is intended to be dangling.
[WARNING RSZ-0104] Net _010217_ only has one pin. Check if it is intended to be dangling.
[WARNING RSZ-0104] Net _010216_ only has one pin. Check if it is intended to be dangling.
[WARNING RSZ-0104] Net _010215_ only has one pin. Check if it is intended to be dangling.
[WARNING RSZ-0104] Net _010214_ only has one pin. Check if it is intended to be dangling.
[WARNING RSZ-0104] Net _010204_ only has one pin. Check if it is intended to be dangling.
[WARNING RSZ-0104] Net lsu.dccm_ctl.N23 only has one pin. Check if it is intended to be dangling.
[WARNING RSZ-0104] Net lsu.dccm_ctl.N19 only has one pin. Check if it is intended to be dangling.
[WARNING RSZ-0104] Net lsu.dccm_ctl.N39 only has one pin. Check if it is intended to be dangling.
[WARNING RSZ-0104] Net lsu.dccm_ctl.N35 only has one pin. Check if it is intended to be dangling.
[WARNING RSZ-0104] Net _010203_ only has one pin. Check if it is intended to be dangling.
[WARNING RSZ-0104] Net _010202_ only has one pin. Check if it is intended to be dangling.
[WARNING RSZ-0104] Net _010201_ only has one pin. Check if it is intended to be dangling.
[WARNING RSZ-0104] Net _010200_ only has one pin. Check if it is intended to be dangling.
[WARNING RSZ-0104] Net _010199_ only has one pin. Check if it is intended to be dangling.
[WARNING RSZ-0104] Net _010198_ only has one pin. Check if it is intended to be dangling.
[WARNING RSZ-0104] Net _010197_ only has one pin. Check if it is intended to be dangling.
[WARNING RSZ-0104] Net _010196_ only has one pin. Check if it is intended to be dangling.
[WARNING RSZ-0104] Net _010195_ only has one pin. Check if it is intended to be dangling.
[WARNING RSZ-0104] Net _010172_ only has one pin. Check if it is intended to be dangling.
[WARNING RSZ-0104] Net _010171_ only has one pin. Check if it is intended to be dangling.
[WARNING RSZ-0104] Net _010170_ only has one pin. Check if it is intended to be dangling.
[WARNING RSZ-0104] Net _010169_ only has one pin. Check if it is intended to be dangling.
[WARNING RSZ-0104] Net _010168_ only has one pin. Check if it is intended to be dangling.
[WARNING RSZ-0104] Net _010167_ only has one pin. Check if it is intended to be dangling.
[WARNING RSZ-0104] Net _010166_ only has one pin. Check if it is intended to be dangling.
[WARNING RSZ-0104] Net _010194_ only has one pin. Check if it is intended to be dangling.
[WARNING RSZ-0104] Net _010193_ only has one pin. Check if it is intended to be dangling.
[WARNING RSZ-0104] Net _010165_ only has one pin. Check if it is intended to be dangling.
[WARNING RSZ-0104] Net _010192_ only has one pin. Check if it is intended to be dangling.
[WARNING RSZ-0104] Net _010191_ only has one pin. Check if it is intended to be dangling.
[WARNING RSZ-0104] Net _010190_ only has one pin. Check if it is intended to be dangling.
[WARNING RSZ-0104] Net _010189_ only has one pin. Check if it is intended to be dangling.
[WARNING RSZ-0104] Net _010188_ only has one pin. Check if it is intended to be dangling.
[WARNING RSZ-0104] Net _010187_ only has one pin. Check if it is intended to be dangling.
[WARNING RSZ-0104] Net _010186_ only has one pin. Check if it is intended to be dangling.
[WARNING RSZ-0104] Net _010185_ only has one pin. Check if it is intended to be dangling.
[WARNING RSZ-0104] Net _010184_ only has one pin. Check if it is intended to be dangling.
[WARNING RSZ-0104] Net _010183_ only has one pin. Check if it is intended to be dangling.
[WARNING RSZ-0104] Net _010164_ only has one pin. Check if it is intended to be dangling.
[WARNING RSZ-0104] Net _010182_ only has one pin. Check if it is intended to be dangling.
[WARNING RSZ-0104] Net _010181_ only has one pin. Check if it is intended to be dangling.
[WARNING RSZ-0104] Net _010180_ only has one pin. Check if it is intended to be dangling.
[WARNING RSZ-0104] Net _010179_ only has one pin. Check if it is intended to be dangling.
[WARNING RSZ-0104] Net _010178_ only has one pin. Check if it is intended to be dangling.
[WARNING RSZ-0104] Net _010177_ only has one pin. Check if it is intended to be dangling.
[WARNING RSZ-0104] Net _010176_ only has one pin. Check if it is intended to be dangling.
[WARNING RSZ-0104] Net _010175_ only has one pin. Check if it is intended to be dangling.
[WARNING RSZ-0104] Net _010174_ only has one pin. Check if it is intended to be dangling.
[WARNING RSZ-0104] Net _010173_ only has one pin. Check if it is intended to be dangling.
[WARNING RSZ-0104] Net _010163_ only has one pin. Check if it is intended to be dangling.
[WARNING RSZ-0104] Net _010162_ only has one pin. Check if it is intended to be dangling.
[WARNING RSZ-0104] Net _000835_ only has one pin. Check if it is intended to be dangling.
[WARNING RSZ-0104] Net _000634_ only has one pin. Check if it is intended to be dangling.
[WARNING RSZ-0104] Net _000632_ only has one pin. Check if it is intended to be dangling.
[WARNING RSZ-0104] Net _000772_ only has one pin. Check if it is intended to be dangling.
[WARNING RSZ-0104] Net _010155_ only has one pin. Check if it is intended to be dangling.
[WARNING RSZ-0104] Net _010154_ only has one pin. Check if it is intended to be dangling.
[WARNING RSZ-0104] Net _010153_ only has one pin. Check if it is intended to be dangling.
[WARNING RSZ-0104] Net _010152_ only has one pin. Check if it is intended to be dangling.
[WARNING RSZ-0104] Net _010151_ only has one pin. Check if it is intended to be dangling.
[WARNING RSZ-0104] Net _010150_ only has one pin. Check if it is intended to be dangling.
[WARNING RSZ-0104] Net _010149_ only has one pin. Check if it is intended to be dangling.
[WARNING RSZ-0104] Net _010148_ only has one pin. Check if it is intended to be dangling.
[WARNING RSZ-0104] Net _010147_ only has one pin. Check if it is intended to be dangling.
[WARNING RSZ-0104] Net _010161_ only has one pin. Check if it is intended to be dangling.
[WARNING RSZ-0104] Net _010160_ only has one pin. Check if it is intended to be dangling.
[WARNING RSZ-0104] Net _010159_ only has one pin. Check if it is intended to be dangling.
[WARNING RSZ-0104] Net _010158_ only has one pin. Check if it is intended to be dangling.
[WARNING RSZ-0104] Net _010157_ only has one pin. Check if it is intended to be dangling.
[WARNING RSZ-0104] Net _010156_ only has one pin. Check if it is intended to be dangling.
[WARNING RSZ-0104] Net _010146_ only has one pin. Check if it is intended to be dangling.
[WARNING RSZ-0104] Net _010145_ only has one pin. Check if it is intended to be dangling.
[WARNING RSZ-0104] Net _010122_ only has one pin. Check if it is intended to be dangling.
[WARNING RSZ-0104] Net _010121_ only has one pin. Check if it is intended to be dangling.
[WARNING RSZ-0104] Net _010120_ only has one pin. Check if it is intended to be dangling.
[WARNING RSZ-0104] Net _010119_ only has one pin. Check if it is intended to be dangling.
[WARNING RSZ-0104] Net _010118_ only has one pin. Check if it is intended to be dangling.
[WARNING RSZ-0104] Net _010117_ only has one pin. Check if it is intended to be dangling.
[WARNING RSZ-0104] Net _010116_ only has one pin. Check if it is intended to be dangling.
[WARNING RSZ-0104] Net _010144_ only has one pin. Check if it is intended to be dangling.
[WARNING RSZ-0104] Net _010143_ only has one pin. Check if it is intended to be dangling.
[WARNING RSZ-0104] Net _010115_ only has one pin. Check if it is intended to be dangling.
[WARNING RSZ-0104] Net _010142_ only has one pin. Check if it is intended to be dangling.
[WARNING RSZ-0104] Net _010141_ only has one pin. Check if it is intended to be dangling.
[WARNING RSZ-0104] Net _010140_ only has one pin. Check if it is intended to be dangling.
[WARNING RSZ-0104] Net _010139_ only has one pin. Check if it is intended to be dangling.
[WARNING RSZ-0104] Net _010138_ only has one pin. Check if it is intended to be dangling.
[WARNING RSZ-0104] Net _010137_ only has one pin. Check if it is intended to be dangling.
[WARNING RSZ-0104] Net _010136_ only has one pin. Check if it is intended to be dangling.
[WARNING RSZ-0104] Net _010135_ only has one pin. Check if it is intended to be dangling.
[WARNING RSZ-0104] Net _010134_ only has one pin. Check if it is intended to be dangling.
[WARNING RSZ-0104] Net _010133_ only has one pin. Check if it is intended to be dangling.
[WARNING RSZ-0104] Net _010114_ only has one pin. Check if it is intended to be dangling.
[WARNING RSZ-0104] Net _010132_ only has one pin. Check if it is intended to be dangling.
[WARNING RSZ-0104] Net _010131_ only has one pin. Check if it is intended to be dangling.
[WARNING RSZ-0104] Net _010130_ only has one pin. Check if it is intended to be dangling.
[WARNING RSZ-0104] Net _010129_ only has one pin. Check if it is intended to be dangling.
[WARNING RSZ-0104] Net _010128_ only has one pin. Check if it is intended to be dangling.
[WARNING RSZ-0104] Net _010127_ only has one pin. Check if it is intended to be dangling.
[WARNING RSZ-0104] Net _010126_ only has one pin. Check if it is intended to be dangling.
[WARNING RSZ-0104] Net _010125_ only has one pin. Check if it is intended to be dangling.
[WARNING RSZ-0104] Net _010124_ only has one pin. Check if it is intended to be dangling.
[WARNING RSZ-0104] Net _010123_ only has one pin. Check if it is intended to be dangling.
[WARNING RSZ-0104] Net _010113_ only has one pin. Check if it is intended to be dangling.
[WARNING RSZ-0104] Net _010112_ only has one pin. Check if it is intended to be dangling.
[WARNING RSZ-0104] Net _000555_ only has one pin. Check if it is intended to be dangling.
[WARNING RSZ-0104] Net _000553_ only has one pin. Check if it is intended to be dangling.
[WARNING RSZ-0104] Net _000552_ only has one pin. Check if it is intended to be dangling.
[WARNING RSZ-0104] Net _000554_ only has one pin. Check if it is intended to be dangling.
[WARNING RSZ-0104] Net _010105_ only has one pin. Check if it is intended to be dangling.
[WARNING RSZ-0104] Net _010104_ only has one pin. Check if it is intended to be dangling.
[WARNING RSZ-0104] Net _010103_ only has one pin. Check if it is intended to be dangling.
[WARNING RSZ-0104] Net _010102_ only has one pin. Check if it is intended to be dangling.
[WARNING RSZ-0104] Net _010101_ only has one pin. Check if it is intended to be dangling.
[WARNING RSZ-0104] Net _010100_ only has one pin. Check if it is intended to be dangling.
[WARNING RSZ-0104] Net _010099_ only has one pin. Check if it is intended to be dangling.
[WARNING RSZ-0104] Net _010098_ only has one pin. Check if it is intended to be dangling.
[WARNING RSZ-0104] Net _010097_ only has one pin. Check if it is intended to be dangling.
[WARNING RSZ-0104] Net _010111_ only has one pin. Check if it is intended to be dangling.
[WARNING RSZ-0104] Net _010110_ only has one pin. Check if it is intended to be dangling.
[WARNING RSZ-0104] Net _010109_ only has one pin. Check if it is intended to be dangling.
[WARNING RSZ-0104] Net _010108_ only has one pin. Check if it is intended to be dangling.
[WARNING RSZ-0104] Net _010107_ only has one pin. Check if it is intended to be dangling.
[WARNING RSZ-0104] Net _010106_ only has one pin. Check if it is intended to be dangling.
[WARNING RSZ-0104] Net _010096_ only has one pin. Check if it is intended to be dangling.
[WARNING RSZ-0104] Net _010095_ only has one pin. Check if it is intended to be dangling.
[WARNING RSZ-0104] Net _010072_ only has one pin. Check if it is intended to be dangling.
[WARNING RSZ-0104] Net _010071_ only has one pin. Check if it is intended to be dangling.
[WARNING RSZ-0104] Net _010070_ only has one pin. Check if it is intended to be dangling.
[WARNING RSZ-0104] Net _010069_ only has one pin. Check if it is intended to be dangling.
[WARNING RSZ-0104] Net _010068_ only has one pin. Check if it is intended to be dangling.
[WARNING RSZ-0104] Net _010067_ only has one pin. Check if it is intended to be dangling.
[WARNING RSZ-0104] Net _010066_ only has one pin. Check if it is intended to be dangling.
[WARNING RSZ-0104] Net _010094_ only has one pin. Check if it is intended to be dangling.
[WARNING RSZ-0104] Net _010093_ only has one pin. Check if it is intended to be dangling.
[WARNING RSZ-0104] Net _010065_ only has one pin. Check if it is intended to be dangling.
[WARNING RSZ-0104] Net _010092_ only has one pin. Check if it is intended to be dangling.
[WARNING RSZ-0104] Net _010091_ only has one pin. Check if it is intended to be dangling.
[WARNING RSZ-0104] Net _010090_ only has one pin. Check if it is intended to be dangling.
[WARNING RSZ-0104] Net _010089_ only has one pin. Check if it is intended to be dangling.
[WARNING RSZ-0104] Net _010088_ only has one pin. Check if it is intended to be dangling.
[WARNING RSZ-0104] Net _010087_ only has one pin. Check if it is intended to be dangling.
[WARNING RSZ-0104] Net _010086_ only has one pin. Check if it is intended to be dangling.
[WARNING RSZ-0104] Net _010085_ only has one pin. Check if it is intended to be dangling.
[WARNING RSZ-0104] Net _010084_ only has one pin. Check if it is intended to be dangling.
[WARNING RSZ-0104] Net _010083_ only has one pin. Check if it is intended to be dangling.
[WARNING RSZ-0104] Net _010064_ only has one pin. Check if it is intended to be dangling.
[WARNING RSZ-0104] Net _010082_ only has one pin. Check if it is intended to be dangling.
[WARNING RSZ-0104] Net _010081_ only has one pin. Check if it is intended to be dangling.
[WARNING RSZ-0104] Net _010080_ only has one pin. Check if it is intended to be dangling.
[WARNING RSZ-0104] Net _010079_ only has one pin. Check if it is intended to be dangling.
[WARNING RSZ-0104] Net _010078_ only has one pin. Check if it is intended to be dangling.
[WARNING RSZ-0104] Net _010077_ only has one pin. Check if it is intended to be dangling.
[WARNING RSZ-0104] Net _010076_ only has one pin. Check if it is intended to be dangling.
[WARNING RSZ-0104] Net _010075_ only has one pin. Check if it is intended to be dangling.
[WARNING RSZ-0104] Net _010074_ only has one pin. Check if it is intended to be dangling.
[WARNING RSZ-0104] Net _010073_ only has one pin. Check if it is intended to be dangling.
[WARNING RSZ-0104] Net _010063_ only has one pin. Check if it is intended to be dangling.
[WARNING RSZ-0104] Net _010062_ only has one pin. Check if it is intended to be dangling.
[WARNING RSZ-0104] Net _000270_ only has one pin. Check if it is intended to be dangling.
[WARNING RSZ-0104] Net _000568_ only has one pin. Check if it is intended to be dangling.
[WARNING RSZ-0104] Net _000285_ only has one pin. Check if it is intended to be dangling.
[WARNING RSZ-0104] Net _000581_ only has one pin. Check if it is intended to be dangling.
[WARNING RSZ-0104] Net _010055_ only has one pin. Check if it is intended to be dangling.
[WARNING RSZ-0104] Net _010054_ only has one pin. Check if it is intended to be dangling.
[WARNING RSZ-0104] Net _010053_ only has one pin. Check if it is intended to be dangling.
[WARNING RSZ-0104] Net _010052_ only has one pin. Check if it is intended to be dangling.
[WARNING RSZ-0104] Net _010051_ only has one pin. Check if it is intended to be dangling.
[WARNING RSZ-0104] Net _010050_ only has one pin. Check if it is intended to be dangling.
[WARNING RSZ-0104] Net _010049_ only has one pin. Check if it is intended to be dangling.
[WARNING RSZ-0104] Net _010048_ only has one pin. Check if it is intended to be dangling.
[WARNING RSZ-0104] Net _010047_ only has one pin. Check if it is intended to be dangling.
[WARNING RSZ-0104] Net _010061_ only has one pin. Check if it is intended to be dangling.
[WARNING RSZ-0104] Net _010060_ only has one pin. Check if it is intended to be dangling.
[WARNING RSZ-0104] Net _010059_ only has one pin. Check if it is intended to be dangling.
[WARNING RSZ-0104] Net _010058_ only has one pin. Check if it is intended to be dangling.
[WARNING RSZ-0104] Net _010057_ only has one pin. Check if it is intended to be dangling.
[WARNING RSZ-0104] Net _010056_ only has one pin. Check if it is intended to be dangling.
[WARNING RSZ-0104] Net _010046_ only has one pin. Check if it is intended to be dangling.
[WARNING RSZ-0104] Net _010045_ only has one pin. Check if it is intended to be dangling.
[WARNING RSZ-0104] Net _010022_ only has one pin. Check if it is intended to be dangling.
[WARNING RSZ-0104] Net _010021_ only has one pin. Check if it is intended to be dangling.
[WARNING RSZ-0104] Net _010020_ only has one pin. Check if it is intended to be dangling.
[WARNING RSZ-0104] Net _010019_ only has one pin. Check if it is intended to be dangling.
[WARNING RSZ-0104] Net _010018_ only has one pin. Check if it is intended to be dangling.
[WARNING RSZ-0104] Net _010017_ only has one pin. Check if it is intended to be dangling.
[WARNING RSZ-0104] Net _010016_ only has one pin. Check if it is intended to be dangling.
[WARNING RSZ-0104] Net _010044_ only has one pin. Check if it is intended to be dangling.
[WARNING RSZ-0104] Net _010043_ only has one pin. Check if it is intended to be dangling.
[WARNING RSZ-0104] Net _010015_ only has one pin. Check if it is intended to be dangling.
[WARNING RSZ-0104] Net _010042_ only has one pin. Check if it is intended to be dangling.
[WARNING RSZ-0104] Net _010041_ only has one pin. Check if it is intended to be dangling.
[WARNING RSZ-0104] Net _010040_ only has one pin. Check if it is intended to be dangling.
[WARNING RSZ-0104] Net _010039_ only has one pin. Check if it is intended to be dangling.
[WARNING RSZ-0104] Net _010038_ only has one pin. Check if it is intended to be dangling.
[WARNING RSZ-0104] Net _010037_ only has one pin. Check if it is intended to be dangling.
[WARNING RSZ-0104] Net _010036_ only has one pin. Check if it is intended to be dangling.
[WARNING RSZ-0104] Net _010035_ only has one pin. Check if it is intended to be dangling.
[WARNING RSZ-0104] Net _010034_ only has one pin. Check if it is intended to be dangling.
[WARNING RSZ-0104] Net _010033_ only has one pin. Check if it is intended to be dangling.
[WARNING RSZ-0104] Net _010014_ only has one pin. Check if it is intended to be dangling.
[WARNING RSZ-0104] Net _010032_ only has one pin. Check if it is intended to be dangling.
[WARNING RSZ-0104] Net _010031_ only has one pin. Check if it is intended to be dangling.
[WARNING RSZ-0104] Net _010030_ only has one pin. Check if it is intended to be dangling.
[WARNING RSZ-0104] Net _010029_ only has one pin. Check if it is intended to be dangling.
[WARNING RSZ-0104] Net _010028_ only has one pin. Check if it is intended to be dangling.
[WARNING RSZ-0104] Net _010027_ only has one pin. Check if it is intended to be dangling.
[WARNING RSZ-0104] Net _010026_ only has one pin. Check if it is intended to be dangling.
[WARNING RSZ-0104] Net _010025_ only has one pin. Check if it is intended to be dangling.
[WARNING RSZ-0104] Net _010024_ only has one pin. Check if it is intended to be dangling.
[WARNING RSZ-0104] Net _010023_ only has one pin. Check if it is intended to be dangling.
[WARNING RSZ-0104] Net _010013_ only has one pin. Check if it is intended to be dangling.
[WARNING RSZ-0104] Net _010012_ only has one pin. Check if it is intended to be dangling.
[WARNING RSZ-0104] Net _000102_ only has one pin. Check if it is intended to be dangling.
[WARNING RSZ-0104] Net _000100_ only has one pin. Check if it is intended to be dangling.
[WARNING RSZ-0104] Net _000097_ only has one pin. Check if it is intended to be dangling.
[WARNING RSZ-0104] Net _000101_ only has one pin. Check if it is intended to be dangling.
[WARNING RSZ-0104] Net _010005_ only has one pin. Check if it is intended to be dangling.
[WARNING RSZ-0104] Net _010004_ only has one pin. Check if it is intended to be dangling.
[WARNING RSZ-0104] Net _010003_ only has one pin. Check if it is intended to be dangling.
[WARNING RSZ-0104] Net _010002_ only has one pin. Check if it is intended to be dangling.
[WARNING RSZ-0104] Net _010001_ only has one pin. Check if it is intended to be dangling.
[WARNING RSZ-0104] Net _010000_ only has one pin. Check if it is intended to be dangling.
[WARNING RSZ-0104] Net _009999_ only has one pin. Check if it is intended to be dangling.
[WARNING RSZ-0104] Net _009998_ only has one pin. Check if it is intended to be dangling.
[WARNING RSZ-0104] Net _009997_ only has one pin. Check if it is intended to be dangling.
[WARNING RSZ-0104] Net _010011_ only has one pin. Check if it is intended to be dangling.
[WARNING RSZ-0104] Net _010010_ only has one pin. Check if it is intended to be dangling.
[WARNING RSZ-0104] Net _010009_ only has one pin. Check if it is intended to be dangling.
[WARNING RSZ-0104] Net _010008_ only has one pin. Check if it is intended to be dangling.
[WARNING RSZ-0104] Net _010007_ only has one pin. Check if it is intended to be dangling.
[WARNING RSZ-0104] Net _010006_ only has one pin. Check if it is intended to be dangling.
[WARNING RSZ-0104] Net _009996_ only has one pin. Check if it is intended to be dangling.
[WARNING RSZ-0104] Net _009995_ only has one pin. Check if it is intended to be dangling.
[WARNING RSZ-0104] Net _009972_ only has one pin. Check if it is intended to be dangling.
[WARNING RSZ-0104] Net _009971_ only has one pin. Check if it is intended to be dangling.
[WARNING RSZ-0104] Net _009970_ only has one pin. Check if it is intended to be dangling.
[WARNING RSZ-0104] Net _009969_ only has one pin. Check if it is intended to be dangling.
[WARNING RSZ-0104] Net _009968_ only has one pin. Check if it is intended to be dangling.
[WARNING RSZ-0104] Net _009967_ only has one pin. Check if it is intended to be dangling.
[WARNING RSZ-0104] Net _009966_ only has one pin. Check if it is intended to be dangling.
[WARNING RSZ-0104] Net _009994_ only has one pin. Check if it is intended to be dangling.
[WARNING RSZ-0104] Net _009993_ only has one pin. Check if it is intended to be dangling.
[WARNING RSZ-0104] Net _009965_ only has one pin. Check if it is intended to be dangling.
[WARNING RSZ-0104] Net _009992_ only has one pin. Check if it is intended to be dangling.
[WARNING RSZ-0104] Net _009991_ only has one pin. Check if it is intended to be dangling.
[WARNING RSZ-0104] Net _009990_ only has one pin. Check if it is intended to be dangling.
[WARNING RSZ-0104] Net _009989_ only has one pin. Check if it is intended to be dangling.
[WARNING RSZ-0104] Net _009988_ only has one pin. Check if it is intended to be dangling.
[WARNING RSZ-0104] Net _009987_ only has one pin. Check if it is intended to be dangling.
[WARNING RSZ-0104] Net _009986_ only has one pin. Check if it is intended to be dangling.
[WARNING RSZ-0104] Net _009985_ only has one pin. Check if it is intended to be dangling.
[WARNING RSZ-0104] Net _009984_ only has one pin. Check if it is intended to be dangling.
[WARNING RSZ-0104] Net _009983_ only has one pin. Check if it is intended to be dangling.
[WARNING RSZ-0104] Net _009964_ only has one pin. Check if it is intended to be dangling.
[WARNING RSZ-0104] Net _009982_ only has one pin. Check if it is intended to be dangling.
[WARNING RSZ-0104] Net _009981_ only has one pin. Check if it is intended to be dangling.
[WARNING RSZ-0104] Net _009980_ only has one pin. Check if it is intended to be dangling.
[WARNING RSZ-0104] Net _009979_ only has one pin. Check if it is intended to be dangling.
[WARNING RSZ-0104] Net _009978_ only has one pin. Check if it is intended to be dangling.
[WARNING RSZ-0104] Net _009977_ only has one pin. Check if it is intended to be dangling.
[WARNING RSZ-0104] Net _009976_ only has one pin. Check if it is intended to be dangling.
[WARNING RSZ-0104] Net _009975_ only has one pin. Check if it is intended to be dangling.
[WARNING RSZ-0104] Net _009974_ only has one pin. Check if it is intended to be dangling.
[WARNING RSZ-0104] Net _009973_ only has one pin. Check if it is intended to be dangling.
[WARNING RSZ-0104] Net _009963_ only has one pin. Check if it is intended to be dangling.
[WARNING RSZ-0104] Net _009962_ only has one pin. Check if it is intended to be dangling.
[WARNING RSZ-0104] Net _000239_ only has one pin. Check if it is intended to be dangling.
[WARNING RSZ-0104] Net _000237_ only has one pin. Check if it is intended to be dangling.
[WARNING RSZ-0104] Net _000236_ only has one pin. Check if it is intended to be dangling.
[WARNING RSZ-0104] Net _000238_ only has one pin. Check if it is intended to be dangling.
[WARNING RSZ-0104] Net _009955_ only has one pin. Check if it is intended to be dangling.
    75000 |     +0.3% |      92 |     234 |           292 |     26553
[WARNING RSZ-0104] Net _009954_ only has one pin. Check if it is intended to be dangling.
[WARNING RSZ-0104] Net _009953_ only has one pin. Check if it is intended to be dangling.
[WARNING RSZ-0104] Net _009952_ only has one pin. Check if it is intended to be dangling.
[WARNING RSZ-0104] Net _009951_ only has one pin. Check if it is intended to be dangling.
[WARNING RSZ-0104] Net _009950_ only has one pin. Check if it is intended to be dangling.
[WARNING RSZ-0104] Net _009949_ only has one pin. Check if it is intended to be dangling.
[WARNING RSZ-0104] Net _009948_ only has one pin. Check if it is intended to be dangling.
[WARNING RSZ-0104] Net _009947_ only has one pin. Check if it is intended to be dangling.
[WARNING RSZ-0104] Net _009961_ only has one pin. Check if it is intended to be dangling.
[WARNING RSZ-0104] Net _009960_ only has one pin. Check if it is intended to be dangling.
[WARNING RSZ-0104] Net _009959_ only has one pin. Check if it is intended to be dangling.
[WARNING RSZ-0104] Net _009958_ only has one pin. Check if it is intended to be dangling.
[WARNING RSZ-0104] Net _009957_ only has one pin. Check if it is intended to be dangling.
[WARNING RSZ-0104] Net _009956_ only has one pin. Check if it is intended to be dangling.
[WARNING RSZ-0104] Net _009946_ only has one pin. Check if it is intended to be dangling.
[WARNING RSZ-0104] Net _009945_ only has one pin. Check if it is intended to be dangling.
[WARNING RSZ-0104] Net _009922_ only has one pin. Check if it is intended to be dangling.
[WARNING RSZ-0104] Net _009921_ only has one pin. Check if it is intended to be dangling.
[WARNING RSZ-0104] Net _009920_ only has one pin. Check if it is intended to be dangling.
[WARNING RSZ-0104] Net _009919_ only has one pin. Check if it is intended to be dangling.
[WARNING RSZ-0104] Net _009918_ only has one pin. Check if it is intended to be dangling.
[WARNING RSZ-0104] Net _009917_ only has one pin. Check if it is intended to be dangling.
[WARNING RSZ-0104] Net _009916_ only has one pin. Check if it is intended to be dangling.
[WARNING RSZ-0104] Net _009944_ only has one pin. Check if it is intended to be dangling.
[WARNING RSZ-0104] Net _009943_ only has one pin. Check if it is intended to be dangling.
[WARNING RSZ-0104] Net _009915_ only has one pin. Check if it is intended to be dangling.
[WARNING RSZ-0104] Net _009942_ only has one pin. Check if it is intended to be dangling.
[WARNING RSZ-0104] Net _009941_ only has one pin. Check if it is intended to be dangling.
[WARNING RSZ-0104] Net _009940_ only has one pin. Check if it is intended to be dangling.
[WARNING RSZ-0104] Net _009939_ only has one pin. Check if it is intended to be dangling.
[WARNING RSZ-0104] Net _009938_ only has one pin. Check if it is intended to be dangling.
[WARNING RSZ-0104] Net _009937_ only has one pin. Check if it is intended to be dangling.
[WARNING RSZ-0104] Net _009936_ only has one pin. Check if it is intended to be dangling.
[WARNING RSZ-0104] Net _009935_ only has one pin. Check if it is intended to be dangling.
[WARNING RSZ-0104] Net _009934_ only has one pin. Check if it is intended to be dangling.
[WARNING RSZ-0104] Net _009933_ only has one pin. Check if it is intended to be dangling.
[WARNING RSZ-0104] Net _009914_ only has one pin. Check if it is intended to be dangling.
[WARNING RSZ-0104] Net _009932_ only has one pin. Check if it is intended to be dangling.
[WARNING RSZ-0104] Net _009931_ only has one pin. Check if it is intended to be dangling.
[WARNING RSZ-0104] Net _009930_ only has one pin. Check if it is intended to be dangling.
[WARNING RSZ-0104] Net _009929_ only has one pin. Check if it is intended to be dangling.
[WARNING RSZ-0104] Net _009928_ only has one pin. Check if it is intended to be dangling.
[WARNING RSZ-0104] Net _009927_ only has one pin. Check if it is intended to be dangling.
[WARNING RSZ-0104] Net _009926_ only has one pin. Check if it is intended to be dangling.
[WARNING RSZ-0104] Net _009925_ only has one pin. Check if it is intended to be dangling.
[WARNING RSZ-0104] Net _009924_ only has one pin. Check if it is intended to be dangling.
[WARNING RSZ-0104] Net _009923_ only has one pin. Check if it is intended to be dangling.
[WARNING RSZ-0104] Net _009913_ only has one pin. Check if it is intended to be dangling.
[WARNING RSZ-0104] Net _009912_ only has one pin. Check if it is intended to be dangling.
[WARNING RSZ-0104] Net _000243_ only has one pin. Check if it is intended to be dangling.
[WARNING RSZ-0104] Net _000241_ only has one pin. Check if it is intended to be dangling.
[WARNING RSZ-0104] Net _000240_ only has one pin. Check if it is intended to be dangling.
[WARNING RSZ-0104] Net _000242_ only has one pin. Check if it is intended to be dangling.
[WARNING RSZ-0104] Net _009905_ only has one pin. Check if it is intended to be dangling.
[WARNING RSZ-0104] Net _009904_ only has one pin. Check if it is intended to be dangling.
[WARNING RSZ-0104] Net _009903_ only has one pin. Check if it is intended to be dangling.
[WARNING RSZ-0104] Net _009902_ only has one pin. Check if it is intended to be dangling.
[WARNING RSZ-0104] Net _009901_ only has one pin. Check if it is intended to be dangling.
[WARNING RSZ-0104] Net _009900_ only has one pin. Check if it is intended to be dangling.
[WARNING RSZ-0104] Net _009899_ only has one pin. Check if it is intended to be dangling.
[WARNING RSZ-0104] Net _009898_ only has one pin. Check if it is intended to be dangling.
[WARNING RSZ-0104] Net _009897_ only has one pin. Check if it is intended to be dangling.
[WARNING RSZ-0104] Net _009911_ only has one pin. Check if it is intended to be dangling.
[WARNING RSZ-0104] Net _009910_ only has one pin. Check if it is intended to be dangling.
[WARNING RSZ-0104] Net _009909_ only has one pin. Check if it is intended to be dangling.
[WARNING RSZ-0104] Net _009908_ only has one pin. Check if it is intended to be dangling.
[WARNING RSZ-0104] Net _009907_ only has one pin. Check if it is intended to be dangling.
[WARNING RSZ-0104] Net _009906_ only has one pin. Check if it is intended to be dangling.
[WARNING RSZ-0104] Net _009896_ only has one pin. Check if it is intended to be dangling.
[WARNING RSZ-0104] Net _009895_ only has one pin. Check if it is intended to be dangling.
[WARNING RSZ-0104] Net _009872_ only has one pin. Check if it is intended to be dangling.
[WARNING RSZ-0104] Net _009871_ only has one pin. Check if it is intended to be dangling.
[WARNING RSZ-0104] Net _009870_ only has one pin. Check if it is intended to be dangling.
[WARNING RSZ-0104] Net _009869_ only has one pin. Check if it is intended to be dangling.
[WARNING RSZ-0104] Net _009868_ only has one pin. Check if it is intended to be dangling.
[WARNING RSZ-0104] Net _009867_ only has one pin. Check if it is intended to be dangling.
[WARNING RSZ-0104] Net _009866_ only has one pin. Check if it is intended to be dangling.
[WARNING RSZ-0104] Net _009894_ only has one pin. Check if it is intended to be dangling.
[WARNING RSZ-0104] Net _009893_ only has one pin. Check if it is intended to be dangling.
[WARNING RSZ-0104] Net _009865_ only has one pin. Check if it is intended to be dangling.
[WARNING RSZ-0104] Net _009892_ only has one pin. Check if it is intended to be dangling.
[WARNING RSZ-0104] Net _009891_ only has one pin. Check if it is intended to be dangling.
[WARNING RSZ-0104] Net _009890_ only has one pin. Check if it is intended to be dangling.
[WARNING RSZ-0104] Net _009889_ only has one pin. Check if it is intended to be dangling.
[WARNING RSZ-0104] Net _009888_ only has one pin. Check if it is intended to be dangling.
[WARNING RSZ-0104] Net _009887_ only has one pin. Check if it is intended to be dangling.
[WARNING RSZ-0104] Net _009886_ only has one pin. Check if it is intended to be dangling.
[WARNING RSZ-0104] Net _009885_ only has one pin. Check if it is intended to be dangling.
[WARNING RSZ-0104] Net _009884_ only has one pin. Check if it is intended to be dangling.
[WARNING RSZ-0104] Net _009883_ only has one pin. Check if it is intended to be dangling.
[WARNING RSZ-0104] Net _009864_ only has one pin. Check if it is intended to be dangling.
[WARNING RSZ-0104] Net _009882_ only has one pin. Check if it is intended to be dangling.
[WARNING RSZ-0104] Net _009881_ only has one pin. Check if it is intended to be dangling.
[WARNING RSZ-0104] Net _009880_ only has one pin. Check if it is intended to be dangling.
[WARNING RSZ-0104] Net _009879_ only has one pin. Check if it is intended to be dangling.
[WARNING RSZ-0104] Net _009878_ only has one pin. Check if it is intended to be dangling.
[WARNING RSZ-0104] Net _009877_ only has one pin. Check if it is intended to be dangling.
[WARNING RSZ-0104] Net _009876_ only has one pin. Check if it is intended to be dangling.
[WARNING RSZ-0104] Net _009875_ only has one pin. Check if it is intended to be dangling.
[WARNING RSZ-0104] Net _009874_ only has one pin. Check if it is intended to be dangling.
[WARNING RSZ-0104] Net _009873_ only has one pin. Check if it is intended to be dangling.
[WARNING RSZ-0104] Net _009863_ only has one pin. Check if it is intended to be dangling.
[WARNING RSZ-0104] Net _009862_ only has one pin. Check if it is intended to be dangling.
[WARNING RSZ-0104] Net _000259_ only has one pin. Check if it is intended to be dangling.
[WARNING RSZ-0104] Net _000257_ only has one pin. Check if it is intended to be dangling.
[WARNING RSZ-0104] Net _000256_ only has one pin. Check if it is intended to be dangling.
[WARNING RSZ-0104] Net _000258_ only has one pin. Check if it is intended to be dangling.
[WARNING RSZ-0104] Net _009855_ only has one pin. Check if it is intended to be dangling.
[WARNING RSZ-0104] Net _009854_ only has one pin. Check if it is intended to be dangling.
[WARNING RSZ-0104] Net _009853_ only has one pin. Check if it is intended to be dangling.
[WARNING RSZ-0104] Net _009852_ only has one pin. Check if it is intended to be dangling.
[WARNING RSZ-0104] Net _009851_ only has one pin. Check if it is intended to be dangling.
[WARNING RSZ-0104] Net _009850_ only has one pin. Check if it is intended to be dangling.
[WARNING RSZ-0104] Net _009849_ only has one pin. Check if it is intended to be dangling.
[WARNING RSZ-0104] Net _009848_ only has one pin. Check if it is intended to be dangling.
[WARNING RSZ-0104] Net _009847_ only has one pin. Check if it is intended to be dangling.
[WARNING RSZ-0104] Net _009861_ only has one pin. Check if it is intended to be dangling.
[WARNING RSZ-0104] Net _009860_ only has one pin. Check if it is intended to be dangling.
[WARNING RSZ-0104] Net _009859_ only has one pin. Check if it is intended to be dangling.
[WARNING RSZ-0104] Net _009858_ only has one pin. Check if it is intended to be dangling.
[WARNING RSZ-0104] Net _009857_ only has one pin. Check if it is intended to be dangling.
[WARNING RSZ-0104] Net _009856_ only has one pin. Check if it is intended to be dangling.
[WARNING RSZ-0104] Net _009846_ only has one pin. Check if it is intended to be dangling.
[WARNING RSZ-0104] Net _009845_ only has one pin. Check if it is intended to be dangling.
[WARNING RSZ-0104] Net _009822_ only has one pin. Check if it is intended to be dangling.
[WARNING RSZ-0104] Net _009821_ only has one pin. Check if it is intended to be dangling.
[WARNING RSZ-0104] Net _009820_ only has one pin. Check if it is intended to be dangling.
[WARNING RSZ-0104] Net _009819_ only has one pin. Check if it is intended to be dangling.
[WARNING RSZ-0104] Net _009818_ only has one pin. Check if it is intended to be dangling.
[WARNING RSZ-0104] Net _009817_ only has one pin. Check if it is intended to be dangling.
[WARNING RSZ-0104] Net _009816_ only has one pin. Check if it is intended to be dangling.
[WARNING RSZ-0104] Net _009844_ only has one pin. Check if it is intended to be dangling.
[WARNING RSZ-0104] Net _009843_ only has one pin. Check if it is intended to be dangling.
[WARNING RSZ-0104] Net _009815_ only has one pin. Check if it is intended to be dangling.
[WARNING RSZ-0104] Net _009842_ only has one pin. Check if it is intended to be dangling.
[WARNING RSZ-0104] Net _009841_ only has one pin. Check if it is intended to be dangling.
[WARNING RSZ-0104] Net _009840_ only has one pin. Check if it is intended to be dangling.
[WARNING RSZ-0104] Net _009839_ only has one pin. Check if it is intended to be dangling.
[WARNING RSZ-0104] Net _009838_ only has one pin. Check if it is intended to be dangling.
[WARNING RSZ-0104] Net _009837_ only has one pin. Check if it is intended to be dangling.
[WARNING RSZ-0104] Net _009836_ only has one pin. Check if it is intended to be dangling.
[WARNING RSZ-0104] Net _009835_ only has one pin. Check if it is intended to be dangling.
[WARNING RSZ-0104] Net _009834_ only has one pin. Check if it is intended to be dangling.
[WARNING RSZ-0104] Net _009833_ only has one pin. Check if it is intended to be dangling.
[WARNING RSZ-0104] Net _009814_ only has one pin. Check if it is intended to be dangling.
[WARNING RSZ-0104] Net _009832_ only has one pin. Check if it is intended to be dangling.
[WARNING RSZ-0104] Net _009831_ only has one pin. Check if it is intended to be dangling.
[WARNING RSZ-0104] Net _009830_ only has one pin. Check if it is intended to be dangling.
[WARNING RSZ-0104] Net _009829_ only has one pin. Check if it is intended to be dangling.
[WARNING RSZ-0104] Net _009828_ only has one pin. Check if it is intended to be dangling.
[WARNING RSZ-0104] Net _009827_ only has one pin. Check if it is intended to be dangling.
[WARNING RSZ-0104] Net _009826_ only has one pin. Check if it is intended to be dangling.
[WARNING RSZ-0104] Net _009825_ only has one pin. Check if it is intended to be dangling.
[WARNING RSZ-0104] Net _009824_ only has one pin. Check if it is intended to be dangling.
[WARNING RSZ-0104] Net _009823_ only has one pin. Check if it is intended to be dangling.
[WARNING RSZ-0104] Net _009813_ only has one pin. Check if it is intended to be dangling.
[WARNING RSZ-0104] Net _009812_ only has one pin. Check if it is intended to be dangling.
[WARNING RSZ-0104] Net _000263_ only has one pin. Check if it is intended to be dangling.
[WARNING RSZ-0104] Net _000261_ only has one pin. Check if it is intended to be dangling.
[WARNING RSZ-0104] Net _000260_ only has one pin. Check if it is intended to be dangling.
[WARNING RSZ-0104] Net _000262_ only has one pin. Check if it is intended to be dangling.
[WARNING RSZ-0104] Net _009805_ only has one pin. Check if it is intended to be dangling.
[WARNING RSZ-0104] Net _009804_ only has one pin. Check if it is intended to be dangling.
[WARNING RSZ-0104] Net _009803_ only has one pin. Check if it is intended to be dangling.
[WARNING RSZ-0104] Net _009802_ only has one pin. Check if it is intended to be dangling.
[WARNING RSZ-0104] Net _009801_ only has one pin. Check if it is intended to be dangling.
[WARNING RSZ-0104] Net _009800_ only has one pin. Check if it is intended to be dangling.
[WARNING RSZ-0104] Net _009799_ only has one pin. Check if it is intended to be dangling.
[WARNING RSZ-0104] Net _009798_ only has one pin. Check if it is intended to be dangling.
[WARNING RSZ-0104] Net _009797_ only has one pin. Check if it is intended to be dangling.
[WARNING RSZ-0104] Net _009811_ only has one pin. Check if it is intended to be dangling.
[WARNING RSZ-0104] Net _009810_ only has one pin. Check if it is intended to be dangling.
[WARNING RSZ-0104] Net _009809_ only has one pin. Check if it is intended to be dangling.
[WARNING RSZ-0104] Net _009808_ only has one pin. Check if it is intended to be dangling.
[WARNING RSZ-0104] Net _009807_ only has one pin. Check if it is intended to be dangling.
[WARNING RSZ-0104] Net _009806_ only has one pin. Check if it is intended to be dangling.
[WARNING RSZ-0104] Net _009796_ only has one pin. Check if it is intended to be dangling.
[WARNING RSZ-0104] Net _009795_ only has one pin. Check if it is intended to be dangling.
[WARNING RSZ-0104] Net _009794_ only has one pin. Check if it is intended to be dangling.
[WARNING RSZ-0104] Net _009771_ only has one pin. Check if it is intended to be dangling.
[WARNING RSZ-0104] Net _009770_ only has one pin. Check if it is intended to be dangling.
[WARNING RSZ-0104] Net _009769_ only has one pin. Check if it is intended to be dangling.
[WARNING RSZ-0104] Net _009768_ only has one pin. Check if it is intended to be dangling.
[WARNING RSZ-0104] Net _009767_ only has one pin. Check if it is intended to be dangling.
[WARNING RSZ-0104] Net _009766_ only has one pin. Check if it is intended to be dangling.
[WARNING RSZ-0104] Net _009765_ only has one pin. Check if it is intended to be dangling.
[WARNING RSZ-0104] Net _009793_ only has one pin. Check if it is intended to be dangling.
[WARNING RSZ-0104] Net _009792_ only has one pin. Check if it is intended to be dangling.
[WARNING RSZ-0104] Net _009764_ only has one pin. Check if it is intended to be dangling.
[WARNING RSZ-0104] Net _009791_ only has one pin. Check if it is intended to be dangling.
[WARNING RSZ-0104] Net _009790_ only has one pin. Check if it is intended to be dangling.
[WARNING RSZ-0104] Net _009789_ only has one pin. Check if it is intended to be dangling.
[WARNING RSZ-0104] Net _009788_ only has one pin. Check if it is intended to be dangling.
[WARNING RSZ-0104] Net _009787_ only has one pin. Check if it is intended to be dangling.
[WARNING RSZ-0104] Net _009786_ only has one pin. Check if it is intended to be dangling.
[WARNING RSZ-0104] Net _009785_ only has one pin. Check if it is intended to be dangling.
[WARNING RSZ-0104] Net _009784_ only has one pin. Check if it is intended to be dangling.
[WARNING RSZ-0104] Net _009783_ only has one pin. Check if it is intended to be dangling.
[WARNING RSZ-0104] Net _009782_ only has one pin. Check if it is intended to be dangling.
[WARNING RSZ-0104] Net _009763_ only has one pin. Check if it is intended to be dangling.
[WARNING RSZ-0104] Net _009781_ only has one pin. Check if it is intended to be dangling.
[WARNING RSZ-0104] Net _009780_ only has one pin. Check if it is intended to be dangling.
[WARNING RSZ-0104] Net _009779_ only has one pin. Check if it is intended to be dangling.
[WARNING RSZ-0104] Net _009778_ only has one pin. Check if it is intended to be dangling.
[WARNING RSZ-0104] Net _009777_ only has one pin. Check if it is intended to be dangling.
[WARNING RSZ-0104] Net _009776_ only has one pin. Check if it is intended to be dangling.
[WARNING RSZ-0104] Net _009775_ only has one pin. Check if it is intended to be dangling.
[WARNING RSZ-0104] Net _009774_ only has one pin. Check if it is intended to be dangling.
[WARNING RSZ-0104] Net _009773_ only has one pin. Check if it is intended to be dangling.
[WARNING RSZ-0104] Net _009772_ only has one pin. Check if it is intended to be dangling.
[WARNING RSZ-0104] Net _009762_ only has one pin. Check if it is intended to be dangling.
[WARNING RSZ-0104] Net _009739_ only has one pin. Check if it is intended to be dangling.
[WARNING RSZ-0104] Net _009738_ only has one pin. Check if it is intended to be dangling.
[WARNING RSZ-0104] Net _009737_ only has one pin. Check if it is intended to be dangling.
[WARNING RSZ-0104] Net _009736_ only has one pin. Check if it is intended to be dangling.
[WARNING RSZ-0104] Net _009735_ only has one pin. Check if it is intended to be dangling.
[WARNING RSZ-0104] Net _009734_ only has one pin. Check if it is intended to be dangling.
[WARNING RSZ-0104] Net _009733_ only has one pin. Check if it is intended to be dangling.
[WARNING RSZ-0104] Net _009761_ only has one pin. Check if it is intended to be dangling.
[WARNING RSZ-0104] Net _009760_ only has one pin. Check if it is intended to be dangling.
[WARNING RSZ-0104] Net _009732_ only has one pin. Check if it is intended to be dangling.
[WARNING RSZ-0104] Net _009759_ only has one pin. Check if it is intended to be dangling.
[WARNING RSZ-0104] Net _009758_ only has one pin. Check if it is intended to be dangling.
[WARNING RSZ-0104] Net _009757_ only has one pin. Check if it is intended to be dangling.
[WARNING RSZ-0104] Net _009756_ only has one pin. Check if it is intended to be dangling.
[WARNING RSZ-0104] Net _009755_ only has one pin. Check if it is intended to be dangling.
[WARNING RSZ-0104] Net _009754_ only has one pin. Check if it is intended to be dangling.
[WARNING RSZ-0104] Net _009753_ only has one pin. Check if it is intended to be dangling.
[WARNING RSZ-0104] Net _009752_ only has one pin. Check if it is intended to be dangling.
[WARNING RSZ-0104] Net _009751_ only has one pin. Check if it is intended to be dangling.
[WARNING RSZ-0104] Net _009750_ only has one pin. Check if it is intended to be dangling.
[WARNING RSZ-0104] Net _009731_ only has one pin. Check if it is intended to be dangling.
[WARNING RSZ-0104] Net _009749_ only has one pin. Check if it is intended to be dangling.
[WARNING RSZ-0104] Net _009748_ only has one pin. Check if it is intended to be dangling.
[WARNING RSZ-0104] Net _009747_ only has one pin. Check if it is intended to be dangling.
[WARNING RSZ-0104] Net _009746_ only has one pin. Check if it is intended to be dangling.
[WARNING RSZ-0104] Net _009745_ only has one pin. Check if it is intended to be dangling.
[WARNING RSZ-0104] Net _009744_ only has one pin. Check if it is intended to be dangling.
[WARNING RSZ-0104] Net _009743_ only has one pin. Check if it is intended to be dangling.
[WARNING RSZ-0104] Net _009742_ only has one pin. Check if it is intended to be dangling.
[WARNING RSZ-0104] Net _009741_ only has one pin. Check if it is intended to be dangling.
[WARNING RSZ-0104] Net _009740_ only has one pin. Check if it is intended to be dangling.
[WARNING RSZ-0104] Net _009730_ only has one pin. Check if it is intended to be dangling.
[WARNING RSZ-0104] Net _000847_ only has one pin. Check if it is intended to be dangling.
[WARNING RSZ-0104] Net _000845_ only has one pin. Check if it is intended to be dangling.
[WARNING RSZ-0104] Net _000843_ only has one pin. Check if it is intended to be dangling.
[WARNING RSZ-0104] Net _000841_ only has one pin. Check if it is intended to be dangling.
[WARNING RSZ-0104] Net _000827_ only has one pin. Check if it is intended to be dangling.
[WARNING RSZ-0104] Net _000860_ only has one pin. Check if it is intended to be dangling.
[WARNING RSZ-0104] Net _000876_ only has one pin. Check if it is intended to be dangling.
[WARNING RSZ-0104] Net _000844_ only has one pin. Check if it is intended to be dangling.
[WARNING RSZ-0104] Net _000839_ only has one pin. Check if it is intended to be dangling.
[WARNING RSZ-0104] Net _000884_ only has one pin. Check if it is intended to be dangling.
[WARNING RSZ-0104] Net _000868_ only has one pin. Check if it is intended to be dangling.
[WARNING RSZ-0104] Net _000852_ only has one pin. Check if it is intended to be dangling.
[WARNING RSZ-0104] Net _000836_ only has one pin. Check if it is intended to be dangling.
[WARNING RSZ-0104] Net _000888_ only has one pin. Check if it is intended to be dangling.
[WARNING RSZ-0104] Net _000880_ only has one pin. Check if it is intended to be dangling.
[WARNING RSZ-0104] Net _000872_ only has one pin. Check if it is intended to be dangling.
[WARNING RSZ-0104] Net _000864_ only has one pin. Check if it is intended to be dangling.
[WARNING RSZ-0104] Net _000856_ only has one pin. Check if it is intended to be dangling.
[WARNING RSZ-0104] Net _000848_ only has one pin. Check if it is intended to be dangling.
[WARNING RSZ-0104] Net _000837_ only has one pin. Check if it is intended to be dangling.
[WARNING RSZ-0104] Net _000840_ only has one pin. Check if it is intended to be dangling.
[WARNING RSZ-0104] Net _000831_ only has one pin. Check if it is intended to be dangling.
[WARNING RSZ-0104] Net _000890_ only has one pin. Check if it is intended to be dangling.
[WARNING RSZ-0104] message limit (1000) reached. This message will no longer print.
    76000 |     +0.3% |      92 |     234 |           292 |     25553
    77000 |     +0.3% |      94 |     236 |           295 |     24553
    78000 |     +0.3% |      94 |     236 |           295 |     23553
    79000 |     +0.3% |      94 |     236 |           295 |     22553
    80000 |     +0.3% |      94 |     236 |           295 |     21553
    81000 |     +0.3% |      94 |     236 |           295 |     20553
    82000 |     +0.3% |      94 |     236 |           295 |     19553
    83000 |     +0.3% |      94 |     236 |           295 |     18553
    84000 |     +0.3% |      94 |     236 |           295 |     17553
    85000 |     +0.3% |      94 |     236 |           295 |     16553
    86000 |     +0.3% |      94 |     237 |           296 |     15553
    87000 |     +0.3% |      96 |     244 |           305 |     14553
    88000 |     +0.3% |      97 |     247 |           308 |     13553
    89000 |     +0.3% |      97 |     247 |           308 |     12553
    90000 |     +0.3% |      99 |     252 |           314 |     11553
    91000 |     +0.3% |      99 |     252 |           314 |     10553
    92000 |     +0.3% |     102 |     253 |           318 |      9553
    93000 |     +0.3% |     102 |     254 |           319 |      8553
    94000 |     +0.3% |     102 |     255 |           320 |      7553
    95000 |     +0.3% |     102 |     255 |           320 |      6553
    96000 |     +0.3% |     102 |     255 |           320 |      5553
    97000 |     +0.4% |     114 |     272 |           342 |      4553
    98000 |     +0.4% |     114 |     272 |           342 |      3553
    99000 |     +0.4% |     114 |     272 |           342 |      2553
   100000 |     +0.4% |     115 |     273 |           344 |      1553
   101000 |     +0.4% |     115 |     273 |           344 |       553
    final |     +0.4% |     115 |     273 |           344 |         0
---------------------------------------------------------------------
[INFO RSZ-0034] Found 129 slew violations.
[INFO RSZ-0036] Found 276 capacitance violations.
[INFO RSZ-0039] Resized 115 instances.
[INFO RSZ-0038] Inserted 273 buffers in 344 nets.
Took 37 seconds: repair_design -verbose
global_route -start_incremental
detailed_placement
[INFO DPL-0006] Core area: 180297.73 um^2, Instances area: 157681.61 um^2, Utilization: 87.5%
[INFO DPL-0005] Diamond search max displacement: +/- 500 sites horizontally, +/- 100 rows vertically.
[INFO DPL-1101] Legalizing using diamond search.
Movements Summary
---------------------------------------
Total cells:                   86731
Diamond Move Success:          86731 (100.00%)
Diamond Move Failure:              0
Rip-up and replace Success:        0 (  0.00% of diamond failures)
Rip-up and replace Failure:        0
Total Placement Failures:          0
---------------------------------------
Placement Analysis
---------------------------------
total displacement       8732.1 u
average displacement        0.1 u
max displacement           34.7 u
original HPWL         1598281.4 u
legalized HPWL        1607251.7 u
delta HPWL                    1 %

global_route -end_incremental -congestion_report_file /work/reports/nangate45/swerv/pipeline_80/congestion_post_repair_design.rpt
[WARNING GRT-0273] Disabled NDR (to reduce congestion) for net: clknet_2_2_0_clk
[WARNING GRT-0273] Disabled NDR (to reduce congestion) for net: clknet_0_clk
Took 737 seconds: global_route -end_incremental -congestion_report_file /work/reports/nangate45/swerv/pipeline_80/congestion_post_repair_design.rpt
Repair setup and hold violations...
estimate_parasitics -global_routing
repair_timing -setup_margin 0 -hold_margin 0 -repair_tns 100 -verbose
[INFO RSZ-0100] Repair move sequence: UnbufferMove SizeUpMove SwapPinsMove BufferMove CloneMove SplitLoadMove 
[INFO RSZ-0094] Found 2016 endpoints with setup violations.
[INFO RSZ-0099] Repairing 2016 out of 2016 (100.00%) violating endpoints...
   Iter   | Removed | Resized | Inserted | Cloned |  Pin  |   Area   |    WNS   |   StTNS    |   EnTNS    |  Viol  |  Worst  
          | Buffers |  Gates  | Buffers  |  Gates | Swaps |          |          |            |            | Endpts | St/EnPt 
------------------------------------------------------------------------------------------------------------------------------
       0* |       0 |       0 |        0 |      0 |     0 |    +0.0% |   -1.032 |     -316.3 |     -477.6 |   2016 | ic_tag_valid[0]
[WARNING GRT-0273] Disabled NDR (to reduce congestion) for net: clknet_2_3_0_clk
[INFO DPL-0006] Core area: 180297.73 um^2, Instances area: 157685.33 um^2, Utilization: 87.5%
[INFO DPL-0005] Diamond search max displacement: +/- 500 sites horizontally, +/- 100 rows vertically.
[INFO DPL-1101] Legalizing using diamond search.
Movements Summary
---------------------------------------
Total cells:                   86731
Diamond Move Success:          86731 (100.00%)
Diamond Move Failure:              0
Rip-up and replace Success:        0 (  0.00% of diamond failures)
Rip-up and replace Failure:        0
Total Placement Failures:          0
---------------------------------------
[ERROR ODB-0269] Unable to open  to write markers
Error: global_route.tcl, 125 ODB-0269
Elapsed time: 58:05.81[h:]min:sec. CPU time: user 4916.40 sys 58.90 (142%). Peak memory: 2173672KB.
make[1]: *** [Makefile:550: do-5_1_grt] Error 1
make: *** [Makefile:550: /work/results/nangate45/swerv/pipeline_80/5_1_grt.odb] Error 2
