+ DEFAULT_IMAGE=openroad/orfs:latest
+ FLOW_DIR=/OpenROAD-flow-scripts/flow
+ USE_USER=false
+ DRY_RUN=false
+ PORTS=()
+ IMAGE=
+ CMD_ARGS=()
+ [[ 8 -gt 0 ]]
+ case "$1" in
+ CMD_ARGS=("$@")
+ break
+ IMAGE=openroad/orfs:latest
+ get_container_engine
++ docker --version
+ local 'DOCKER_VERSION_STRING=Docker version 29.7.1, build e9452d6'
+ [[ Docker version 29.7.1, build e9452d6 == *Docker* ]]
+ container_engine=docker
++ pwd
+ WORKSPACE=/home/mispronounced/Code/JayRaj21/OpenROAD-flow-scripts/flow
+ YOSYS_EXE=/OpenROAD-flow-scripts/tools/install/yosys/bin/yosys
+ OPENROAD_EXE=/OpenROAD-flow-scripts/tools/install/OpenROAD/bin/openroad
+ KLAYOUT_CMD=/usr/bin/klayout
+ XSOCK=/tmp/.X11-unix
+ XAUTH=/tmp/.docker.xauth
+ false
+ xauth nlist :0
+ sed -e 's/^..../ffff/'
+ xauth -f /tmp/.docker.xauth nmerge -
+ test -t 0
+ DOCKER_INTERACTIVE=
+ false
+ [[ docker == podman ]]
++ id -u mispronounced
++ id -g mispronounced
+ user_args='-u 1000:1000'
+ user_env=
+ PORT_ARGS=()
+ CMD_STR=
+ [[ 8 -gt 0 ]]
+ CMD_STR='make grt DESIGN_CONFIG=./designs/nangate45/jpeg/config.mk CORE_UTILIZATION=88 RESULTS_DIR=/work/results/nangate45/jpeg/pipeline_88 OBJECTS_DIR=/work/objects/nangate45/jpeg/pipeline_88 -j16 PLACE_DENSITY_LB_ADDON=0.0'
+ ENV_SH_CMD='if [ -f ../env.sh ]; then . ../env.sh; fi;'
+ DOCKER_CMD=("$container_engine" run --rm -i $DOCKER_INTERACTIVE $user_env $user_args -e LIBGL_ALWAYS_SOFTWARE=1 -e QT_X11_NO_MITSHM=1 -e XDG_RUNTIME_DIR=/tmp/xdg-run -e "DISPLAY=${DISPLAY:-:0}" -e QT_XKB_CONFIG_ROOT=/usr/share/X11/xkb -v "$XSOCK:$XSOCK" -v "$XAUTH:$XAUTH" -e "XAUTHORITY=$XAUTH" -e FLOW_HOME=/OpenROAD-flow-scripts/flow/ -e WORK_HOME=/work -e "YOSYS_EXE=$YOSYS_EXE" -e "OPENROAD_EXE=$OPENROAD_EXE" -e "KLAYOUT_CMD=$KLAYOUT_CMD" -v "$WORKSPACE:/work:Z" --network host "${PORT_ARGS[@]}" "$IMAGE" bash -c "set -ex; mkdir /tmp/xdg-run; cd ${FLOW_DIR}; ${ENV_SH_CMD}$CMD_STR")
+ false
+ exec docker run --rm -i -u 1000:1000 -e LIBGL_ALWAYS_SOFTWARE=1 -e QT_X11_NO_MITSHM=1 -e XDG_RUNTIME_DIR=/tmp/xdg-run -e DISPLAY=:0 -e QT_XKB_CONFIG_ROOT=/usr/share/X11/xkb -v /tmp/.X11-unix:/tmp/.X11-unix -v /tmp/.docker.xauth:/tmp/.docker.xauth -e XAUTHORITY=/tmp/.docker.xauth -e FLOW_HOME=/OpenROAD-flow-scripts/flow/ -e WORK_HOME=/work -e YOSYS_EXE=/OpenROAD-flow-scripts/tools/install/yosys/bin/yosys -e OPENROAD_EXE=/OpenROAD-flow-scripts/tools/install/OpenROAD/bin/openroad -e KLAYOUT_CMD=/usr/bin/klayout -v /home/mispronounced/Code/JayRaj21/OpenROAD-flow-scripts/flow:/work:Z --network host openroad/orfs:latest bash -c 'set -ex; mkdir /tmp/xdg-run; cd /OpenROAD-flow-scripts/flow; if [ -f ../env.sh ]; then . ../env.sh; fi;make grt DESIGN_CONFIG=./designs/nangate45/jpeg/config.mk CORE_UTILIZATION=88 RESULTS_DIR=/work/results/nangate45/jpeg/pipeline_88 OBJECTS_DIR=/work/objects/nangate45/jpeg/pipeline_88 -j16 PLACE_DENSITY_LB_ADDON=0.0'
+ mkdir /tmp/xdg-run
+ cd /OpenROAD-flow-scripts/flow
+ '[' -f ../env.sh ']'
+ . ../env.sh
++ __setpaths
++ [[ linux-gnu == \d\a\r\w\i\n* ]]
++++ readlink -f ../env.sh
+++ dirname /OpenROAD-flow-scripts/env.sh
++ DIR=/OpenROAD-flow-scripts
++ export OPENROAD=/OpenROAD-flow-scripts/tools/OpenROAD
++ OPENROAD=/OpenROAD-flow-scripts/tools/OpenROAD
++ echo 'OPENROAD: /OpenROAD-flow-scripts/tools/OpenROAD'
OPENROAD: /OpenROAD-flow-scripts/tools/OpenROAD
++ export PATH=/OpenROAD-flow-scripts/tools/install/OpenROAD/bin:/usr/local/bin/wrapped-cc:/usr/local/sbin:/usr/local/bin:/usr/sbin:/usr/bin:/sbin:/bin
++ PATH=/OpenROAD-flow-scripts/tools/install/OpenROAD/bin:/usr/local/bin/wrapped-cc:/usr/local/sbin:/usr/local/bin:/usr/sbin:/usr/bin:/sbin:/bin
++ export PATH=/OpenROAD-flow-scripts/tools/install/yosys/bin:/OpenROAD-flow-scripts/tools/install/OpenROAD/bin:/usr/local/bin/wrapped-cc:/usr/local/sbin:/usr/local/bin:/usr/sbin:/usr/bin:/sbin:/bin
++ PATH=/OpenROAD-flow-scripts/tools/install/yosys/bin:/OpenROAD-flow-scripts/tools/install/OpenROAD/bin:/usr/local/bin/wrapped-cc:/usr/local/sbin:/usr/local/bin:/usr/sbin:/usr/bin:/sbin:/bin
++ export PATH=/OpenROAD-flow-scripts/tools/install/kepler-formal/bin:/OpenROAD-flow-scripts/tools/install/yosys/bin:/OpenROAD-flow-scripts/tools/install/OpenROAD/bin:/usr/local/bin/wrapped-cc:/usr/local/sbin:/usr/local/bin:/usr/sbin:/usr/bin:/sbin:/bin
++ PATH=/OpenROAD-flow-scripts/tools/install/kepler-formal/bin:/OpenROAD-flow-scripts/tools/install/yosys/bin:/OpenROAD-flow-scripts/tools/install/OpenROAD/bin:/usr/local/bin/wrapped-cc:/usr/local/sbin:/usr/local/bin:/usr/sbin:/usr/bin:/sbin:/bin
++ [[ linux-gnu == \d\a\r\w\i\n* ]]
++ export FLOW_HOME=/OpenROAD-flow-scripts/flow
++ FLOW_HOME=/OpenROAD-flow-scripts/flow
++ unset -f __setpaths
+ make grt DESIGN_CONFIG=./designs/nangate45/jpeg/config.mk CORE_UTILIZATION=88 RESULTS_DIR=/work/results/nangate45/jpeg/pipeline_88 OBJECTS_DIR=/work/objects/nangate45/jpeg/pipeline_88 -j16 PLACE_DENSITY_LB_ADDON=0.0
/OpenROAD-flow-scripts/flow/scripts/flow.sh 3_1_place_gp_skip_io global_place_skip_io
Running global_place_skip_io.tcl, stage 3_1_place_gp_skip_io
cp /work/results/nangate45/jpeg/pipeline_88/2_floorplan.sdc /work/results/nangate45/jpeg/pipeline_88/3_place.sdc
read_liberty /OpenROAD-flow-scripts/flow/platforms/nangate45/lib/NangateOpenCellLibrary_typical.lib
read_db /work/results/nangate45/jpeg/pipeline_88/2_floorplan.odb
read_sdc /work/results/nangate45/jpeg/pipeline_88/2_floorplan.sdc
source /OpenROAD-flow-scripts/flow/platforms/nangate45/setRC.tcl
[INFO GPL-0022] Initialize gpl and calculate uniform density.
Placement density is 0.959999988079071, computed from PLACE_DENSITY_LB_ADDON  0.0 and lower bound 0.949999988079071
global_placement -skip_io -density 0.959999988079071 -pad_left 0 -pad_right 0
[INFO GPL-0001] ---- Initialize GPL Main Data Structures
[INFO GPL-0002] DBU: 2000
[INFO GPL-0003] SiteSize: (  0.190  1.400 ) um
[INFO GPL-0004] CoreBBox: (  1.140  1.400 ) ( 314.830 313.600 ) um
[INFO GPL-0036] Movable instances area:      86926.672 um^2
[INFO GPL-0037] Total instances area:        87105.158 um^2
[INFO GPL-0035] Pin density area adjust:      5936.831 um^2
[INFO GPL-0032] ---- Initialize Region: Top-level
[INFO GPL-0006] Number of instances:             56901
[INFO GPL-0007] Movable instances:               56230
[INFO GPL-0008] Fixed instances:                   671
[INFO GPL-0009] Dummy instances:                     0
[INFO GPL-0010] Number of nets:                  68513
[INFO GPL-0011] Number of pins:                 187363
[INFO GPL-0012] Die BBox:  (  0.000  0.000 ) ( 315.970 315.970 ) um
[INFO GPL-0013] Core BBox: (  1.140  1.400 ) ( 314.830 313.600 ) um
[INFO GPL-0016] Core area:                   97934.018 um^2
[INFO GPL-0014] Region name: top-level.
[INFO GPL-0015] Region area:                 97934.018 um^2
[INFO GPL-0017] Fixed instances area:          178.486 um^2
[INFO GPL-0018] Movable instances area:      92863.503 um^2
[INFO GPL-0019] Utilization:                    94.996 %
[INFO GPL-0020] Standard cells area:         92863.503 um^2
[INFO GPL-0021] Large instances area:            0.000 um^2
[INFO GPL-0005] ---- Execute Conjugate Gradient Initial Placement.
[INFO GPL-0051] Source of initial instance position counters:
	Odb location = 0	Core center = 56230	Region center = 0
[INFO GPL-0033] ---- Initialize Nesterov Region: Top-level
[INFO GPL-0023] Placement target density:       0.9600
[INFO GPL-0024] Movable insts average area:      1.651 um^2
[INFO GPL-0025] Ideal bin area:                  1.720 um^2
[INFO GPL-0026] Ideal bin count:                 56928
[INFO GPL-0027] Total bin area:              97934.018 um^2
[INFO GPL-0028] Bin count (X, Y):         128 ,    128
[INFO GPL-0029] Bin size (W * H):       2.451 *  2.439 um
[INFO GPL-0030] Number of bins:                  16384
[INFO GPL-0084] ---- Execute Nesterov Global Placement.
[INFO GPL-0031] HPWL: Half-Perimeter Wirelength
Iteration | Overflow |     HPWL (um) |  HPWL(%) |   Penalty | Group
---------------------------------------------------------------
        0 |   0.9989 |  7.195576e+04 |   +0.00% |  5.05e-16 |      
       10 |   0.9992 |  3.969596e+04 |  -44.83% |  8.23e-16 |      
       20 |   0.9992 |  3.944760e+04 |   -0.63% |  1.34e-15 |      
       30 |   0.9991 |  3.937596e+04 |   -0.18% |  2.18e-15 |      
       40 |   0.9991 |  3.930796e+04 |   -0.17% |  3.56e-15 |      
       50 |   0.9991 |  3.930251e+04 |   -0.01% |  5.80e-15 |      
       60 |   0.9990 |  3.934536e+04 |   +0.11% |  9.44e-15 |      
       70 |   0.9990 |  3.939887e+04 |   +0.14% |  1.54e-14 |      
       80 |   0.9990 |  3.949130e+04 |   +0.23% |  2.50e-14 |      
       90 |   0.9990 |  3.971057e+04 |   +0.56% |  4.08e-14 |      
      100 |   0.9988 |  4.026337e+04 |   +1.39% |  6.64e-14 |      
      110 |   0.9985 |  4.168744e+04 |   +3.54% |  1.08e-13 |      
      120 |   0.9981 |  4.510623e+04 |   +8.20% |  1.76e-13 |      
      130 |   0.9977 |  5.158660e+04 |  +14.37% |  2.87e-13 |      
      140 |   0.9966 |  6.273617e+04 |  +21.61% |  4.66e-13 |      
      150 |   0.9942 |  8.023690e+04 |  +27.90% |  7.56e-13 |      
      160 |   0.9892 |  1.009307e+05 |  +25.79% |  1.23e-12 |      
      170 |   0.9824 |  1.207586e+05 |  +19.65% |  1.99e-12 |      
      180 |   0.9742 |  1.444462e+05 |  +19.62% |  3.22e-12 |      
      190 |   0.9641 |  1.747924e+05 |  +21.01% |  5.21e-12 |      
      200 |   0.9504 |  2.097937e+05 |  +20.02% |  8.43e-12 |      
      210 |   0.9291 |  2.509105e+05 |  +19.60% |  1.36e-11 |      
      220 |   0.9005 |  2.973986e+05 |  +18.53% |  2.19e-11 |      
      230 |   0.8677 |  3.446669e+05 |  +15.89% |  3.54e-11 |      
      240 |   0.8352 |  3.896658e+05 |  +13.06% |  5.70e-11 |      
      250 |   0.7969 |  4.358837e+05 |  +11.86% |  9.20e-11 |      
      260 |   0.7510 |  4.807053e+05 |  +10.28% |  1.48e-10 |      
      270 |   0.7026 |  5.197196e+05 |   +8.12% |  2.40e-10 |      
      280 |   0.6555 |  5.561390e+05 |   +7.01% |  3.87e-10 |      
      290 |   0.6056 |  5.947310e+05 |   +6.94% |  6.25e-10 |      
      300 |   0.5525 |  6.326693e+05 |   +6.38% |  1.01e-09 |      
      310 |   0.5004 |  6.661926e+05 |   +5.30% |  1.63e-09 |      
      320 |   0.4703 |  6.900825e+05 |   +3.59% |  2.65e-09 |      
      330 |   0.4406 |  6.973374e+05 |   +1.05% |  4.30e-09 |      
      340 |   0.4098 |  6.901489e+05 |   -1.03% |  7.01e-09 |      
      350 |   0.3717 |  6.844968e+05 |   -0.82% |  1.14e-08 |      
      360 |   0.3374 |  6.958403e+05 |   +1.66% |  1.80e-08 |      
      370 |   0.3103 |  6.927330e+05 |   -0.45% |  2.65e-08 |      
      380 |   0.2775 |  6.866826e+05 |   -0.87% |  3.90e-08 |      
      390 |   0.2451 |  6.889122e+05 |   +0.32% |  5.75e-08 |      
      400 |   0.2144 |  6.859520e+05 |   -0.43% |  8.47e-08 |      
      410 |   0.1840 |  6.866924e+05 |   +0.11% |  1.25e-07 |      
      420 |   0.1580 |  6.864444e+05 |   -0.04% |  1.84e-07 |      
      430 |   0.1352 |  6.863626e+05 |   -0.01% |  2.71e-07 |      
      440 |   0.1150 |  6.865273e+05 |   +0.02% |  3.99e-07 |      
      449 |   0.0988 |  6.866817e+05 |          |  5.87e-07 |      
---------------------------------------------------------------
[INFO GPL-1001] Global placement finished at iteration 449
[INFO GPL-1002] Placed Cell Area            92863.5027
[INFO GPL-1003] Available Free Area         97755.5320
[INFO GPL-1004] Minimum Feasible Density        0.9500 (cell_area / free_area)
[INFO GPL-1006]   Suggested Target Densities:
[INFO GPL-1007]     - For 90% usage of free space: 1.0555
[INFO GPL-1008]     - For 80% usage of free space: 1.1874
[INFO GPL-1014] Final placement area: 92863.50 (+0.00%)
Took 12 seconds: global_placement -skip_io -density 0.959999988079071 -pad_left 0 -pad_right 0
Design area 87105 um^2 89% utilization.
write_db /work/results/nangate45/jpeg/pipeline_88/3_1_place_gp_skip_io.odb
Elapsed time: 0:12.08[h:]min:sec. CPU time: user 156.64 sys 0.27 (1298%). Peak memory: 279128KB.
Log                       Ext     Elapsed/s Peak Memory/MB sha1sum result [0:20)
3_1_place_gp_skip_io      .odb           12            272 0bdf6856d3b8e58f5701
/OpenROAD-flow-scripts/flow/scripts/flow.sh 3_2_place_iop io_placement
Running io_placement.tcl, stage 3_2_place_iop
read_liberty /OpenROAD-flow-scripts/flow/platforms/nangate45/lib/NangateOpenCellLibrary_typical.lib
read_db /work/results/nangate45/jpeg/pipeline_88/3_1_place_gp_skip_io.odb
read_sdc /work/results/nangate45/jpeg/pipeline_88/2_floorplan.sdc
source /OpenROAD-flow-scripts/flow/platforms/nangate45/setRC.tcl
place_pins -hor_layers metal5 -ver_layers metal6
Found 0 macro blocks.
Using 2 tracks default min distance between IO pins.
[INFO PPL-0001] Number of available slots 2240
[INFO PPL-0002] Number of I/O             47
[INFO PPL-0003] Number of I/O w/sink      47
[INFO PPL-0004] Number of I/O w/o sink    0
[INFO PPL-0005] Slots per section         200
[INFO PPL-0008] Successfully assigned pins to sections.
[INFO PPL-0012] I/O nets HPWL: 2808.76 um.
Design area 87105 um^2 89% utilization.
write_db /work/results/nangate45/jpeg/pipeline_88/3_2_place_iop.odb
Elapsed time: 0:00.44[h:]min:sec. CPU time: user 0.36 sys 0.08 (99%). Peak memory: 200804KB.
Log                       Ext     Elapsed/s Peak Memory/MB sha1sum result [0:20)
3_2_place_iop             .odb            0            196 ebbe8c84f04d308a0be4
/OpenROAD-flow-scripts/flow/scripts/flow.sh 3_3_place_gp global_place
Running global_place.tcl, stage 3_3_place_gp
read_liberty /OpenROAD-flow-scripts/flow/platforms/nangate45/lib/NangateOpenCellLibrary_typical.lib
read_db /work/results/nangate45/jpeg/pipeline_88/3_2_place_iop.odb
read_sdc /work/results/nangate45/jpeg/pipeline_88/2_floorplan.sdc
source /OpenROAD-flow-scripts/flow/platforms/nangate45/setRC.tcl
[INFO RSZ-0026] Removed 3006 buffers.
Perform port buffering...
[INFO RSZ-0027] Inserted 19 BUF_X1 input buffers.
[INFO RSZ-0028] Inserted 26 BUF_X1 output buffers.
[INFO GPL-0022] Initialize gpl and calculate uniform density.
Placement density is 0.9400000071525574, computed from PLACE_DENSITY_LB_ADDON  0.0 and lower bound 0.9300000071525574
global_placement -density 0.9400000071525574 -pad_left 0 -pad_right 0 -routability_driven -timing_driven -force_center_initial_place -min_phi_coef 0.95 -max_phi_coef 1.05
[INFO GPL-0001] ---- Initialize GPL Main Data Structures
[INFO GPL-0002] DBU: 2000
[INFO GPL-0003] SiteSize: (  0.190  1.400 ) um
[INFO GPL-0004] CoreBBox: (  1.140  1.400 ) ( 314.830 313.600 ) um
[INFO GPL-0036] Movable instances area:      84433.720 um^2
[INFO GPL-0037] Total instances area:        84612.206 um^2
[INFO GPL-0035] Pin density area adjust:      5944.270 um^2
[INFO GPL-0032] ---- Initialize Region: Top-level
[INFO GPL-0006] Number of instances:             53940
[INFO GPL-0007] Movable instances:               53269
[INFO GPL-0008] Fixed instances:                   671
[INFO GPL-0009] Dummy instances:                     0
[INFO GPL-0010] Number of nets:                  65552
[INFO GPL-0011] Number of pins:                 181488
[INFO GPL-0012] Die BBox:  (  0.000  0.000 ) ( 315.970 315.970 ) um
[INFO GPL-0013] Core BBox: (  1.140  1.400 ) ( 314.830 313.600 ) um
[INFO GPL-0016] Core area:                   97934.018 um^2
[INFO GPL-0014] Region name: top-level.
[INFO GPL-0015] Region area:                 97934.018 um^2
[INFO GPL-0017] Fixed instances area:          178.486 um^2
[INFO GPL-0018] Movable instances area:      90377.990 um^2
[INFO GPL-0019] Utilization:                    92.453 %
[INFO GPL-0020] Standard cells area:         90377.990 um^2
[INFO GPL-0021] Large instances area:            0.000 um^2
[INFO GPL-0005] ---- Execute Conjugate Gradient Initial Placement.
[INFO GPL-0051] Source of initial instance position counters:
	Odb location = 0	Core center = 53269	Region center = 0
[InitialPlace]  Iter: 1 conjugate gradient residual: 0.00745809 HPWL: 1361766113
[InitialPlace]  Iter: 2 conjugate gradient residual: 0.00176946 HPWL: 475737280
[InitialPlace]  Iter: 3 conjugate gradient residual: 0.00132393 HPWL: 480418656
[InitialPlace]  Iter: 4 conjugate gradient residual: 0.00066968 HPWL: 483503804
[InitialPlace]  Iter: 5 conjugate gradient residual: 0.00030082 HPWL: 484229641
[InitialPlace]  Iter: 6 conjugate gradient residual: 0.00022890 HPWL: 484774070
[InitialPlace]  Iter: 7 conjugate gradient residual: 0.00021232 HPWL: 484734559
[InitialPlace]  Iter: 8 conjugate gradient residual: 0.00019513 HPWL: 484994887
[InitialPlace]  Iter: 9 conjugate gradient residual: 0.00019688 HPWL: 484743658
[InitialPlace]  Iter: 10 conjugate gradient residual: 0.00022799 HPWL: 484842686
[InitialPlace]  Iter: 11 conjugate gradient residual: 0.00021891 HPWL: 484468824
[InitialPlace]  Iter: 12 conjugate gradient residual: 0.00018181 HPWL: 484514786
[InitialPlace]  Iter: 13 conjugate gradient residual: 0.00016957 HPWL: 484147152
[InitialPlace]  Iter: 14 conjugate gradient residual: 0.00016122 HPWL: 484201742
[InitialPlace]  Iter: 15 conjugate gradient residual: 0.00017467 HPWL: 483841132
[InitialPlace]  Iter: 16 conjugate gradient residual: 0.00014467 HPWL: 483939681
[InitialPlace]  Iter: 17 conjugate gradient residual: 0.00016052 HPWL: 483522491
[InitialPlace]  Iter: 18 conjugate gradient residual: 0.00018201 HPWL: 483575674
[InitialPlace]  Iter: 19 conjugate gradient residual: 0.00013140 HPWL: 483198234
[InitialPlace]  Iter: 20 conjugate gradient residual: 0.00017012 HPWL: 483280267
[INFO GPL-0033] ---- Initialize Nesterov Region: Top-level
[INFO GPL-0023] Placement target density:       0.9400
[INFO GPL-0024] Movable insts average area:      1.697 um^2
[INFO GPL-0025] Ideal bin area:                  1.805 um^2
[INFO GPL-0026] Ideal bin count:                 54259
[INFO GPL-0027] Total bin area:              97934.018 um^2
[INFO GPL-0028] Bin count (X, Y):         128 ,    128
[INFO GPL-0029] Bin size (W * H):       2.451 *  2.439 um
[INFO GPL-0030] Number of bins:                  16384
[INFO GPL-0084] ---- Execute Nesterov Global Placement.
[INFO GPL-0031] HPWL: Half-Perimeter Wirelength
Iteration | Overflow |     HPWL (um) |  HPWL(%) |   Penalty | Group
---------------------------------------------------------------
        0 |   0.9898 |  6.615249e+04 |   +0.00% |  4.47e-16 |      
       10 |   0.9869 |  4.780379e+04 |  -27.74% |  7.28e-16 |      
       20 |   0.9855 |  4.751029e+04 |   -0.61% |  1.19e-15 |      
       30 |   0.9844 |  4.744856e+04 |   -0.13% |  1.93e-15 |      
       40 |   0.9836 |  4.747123e+04 |   +0.05% |  3.15e-15 |      
       50 |   0.9829 |  4.759106e+04 |   +0.25% |  5.13e-15 |      
       60 |   0.9823 |  4.771775e+04 |   +0.27% |  8.35e-15 |      
       70 |   0.9816 |  4.785445e+04 |   +0.29% |  1.36e-14 |      
       80 |   0.9811 |  4.802200e+04 |   +0.35% |  2.22e-14 |      
       90 |   0.9804 |  4.827824e+04 |   +0.53% |  3.61e-14 |      
      100 |   0.9799 |  4.875560e+04 |   +0.99% |  5.88e-14 |      
      110 |   0.9794 |  4.980244e+04 |   +2.15% |  9.57e-14 |      
      120 |   0.9788 |  5.209335e+04 |   +4.60% |  1.56e-13 |      
      130 |   0.9776 |  5.637751e+04 |   +8.22% |  2.54e-13 |      
      140 |   0.9753 |  6.283324e+04 |  +11.45% |  4.13e-13 |      
      150 |   0.9721 |  7.075746e+04 |  +12.61% |  6.71e-13 |      
      160 |   0.9680 |  7.982738e+04 |  +12.82% |  1.09e-12 |      
      170 |   0.9614 |  9.028881e+04 |  +13.11% |  1.77e-12 |      
      180 |   0.9501 |  1.027398e+05 |  +13.79% |  2.88e-12 |      
      190 |   0.9333 |  1.182873e+05 |  +15.13% |  4.67e-12 |      
      200 |   0.9098 |  1.381972e+05 |  +16.83% |  7.58e-12 |      
      210 |   0.8784 |  1.643332e+05 |  +18.91% |  1.23e-11 |      
      220 |   0.8422 |  1.915021e+05 |  +16.53% |  1.99e-11 |      
      230 |   0.8018 |  2.175190e+05 |  +13.59% |  3.22e-11 |      
      240 |   0.7607 |  2.426983e+05 |  +11.58% |  5.22e-11 |      
      250 |   0.7221 |  2.674021e+05 |  +10.18% |  8.45e-11 |      
      260 |   0.6870 |  2.918753e+05 |   +9.15% |  1.37e-10 |      
      270 |   0.6503 |  3.167573e+05 |   +8.52% |  2.22e-10 |      
[INFO GPL-0100] Timing-driven iteration 1/2, virtual: false.
[INFO GPL-0101]    Iter: 275, overflow: 0.633, keep resizer changes at: 1, HPWL: 652860593
Iteration |   Area    | Resized | Buffers | Nets repaired | Remaining
---------------------------------------------------------------------
        0 |     +0.0% |       0 |       0 |             0 |     65552
    final |     +0.5% |      24 |     215 |            33 |         0
---------------------------------------------------------------------
[INFO RSZ-0034] Found 25 slew violations.
[INFO RSZ-0036] Found 31 capacitance violations.
[INFO RSZ-0039] Resized 24 instances.
[INFO RSZ-0038] Inserted 215 buffers in 33 nets.
   Iter   |    Area   | Removed | Inserted |   Pins
          |           | Buffers | Buffers  | Remaining
-------------------------------------------------------
        0 |     +0.0% |       0 |        0 |     65531
     6500 |     +0.3% |       0 |      341 |     59031
    13000 |     +1.0% |       0 |     1035 |     52531
    19500 |     +2.2% |       0 |     2343 |     46031
    26000 |     +2.3% |       0 |     2359 |     39531
    32500 |     +2.8% |       0 |     2820 |     33031
    39000 |     +2.9% |       1 |     2976 |     26531
    45500 |     +3.5% |      10 |     3498 |     20031
    52000 |     +4.2% |      10 |     4227 |     13531
    58500 |     +4.4% |      57 |     4378 |      7031
    65000 |     +5.1% |     133 |     4991 |       531
    final |     +5.3% |     215 |     5245 |         0
-------------------------------------------------------
[INFO GPL-0106] Timing-driven: worst slack -1.03224373e-10
[INFO GPL-0107] Timing-driven: repair_design delta area: 4950.409 um^2 (+5.48%)
[INFO GPL-0108] Timing-driven: repair_design, gpl delta gcells: 5245 (+9.85%)
[INFO GPL-0109] Timing-driven: repair_design, gcells created: 5460, deleted: 215
[INFO GPL-0110] Timing-driven: new target density: 0.9906407
Iteration | Overflow |     HPWL (um) |  HPWL(%) |   Penalty | Group
---------------------------------------------------------------
      280 |   0.6050 |  3.850673e+05 |  +21.57% |  3.56e-10 |      
[INFO GPL-0038] Routability snapshot saved at iter = 283
      282 |   0.5979 |  3.903370e+05 |          |           |      
      290 |   0.5738 |  3.965701e+05 |   +2.99% |  5.78e-10 |      
      300 |   0.5477 |  4.049341e+05 |   +2.11% |  9.40e-10 |      
      310 |   0.5238 |  4.166877e+05 |   +2.90% |  1.53e-09 |      
      320 |   0.4934 |  4.270227e+05 |   +2.48% |  2.48e-09 |      
      330 |   0.4553 |  4.339746e+05 |   +1.63% |  4.04e-09 |      
      340 |   0.4235 |  4.328322e+05 |   -0.26% |  6.57e-09 |      
      350 |   0.3875 |  4.301387e+05 |   -0.62% |  1.07e-08 |      
      360 |   0.3436 |  4.312908e+05 |   +0.27% |  1.74e-08 |      
      370 |   0.3088 |  4.281676e+05 |   -0.72% |  2.57e-08 |      
[INFO GPL-0040] Routability iteration: 1
[WARNING GRT-0281] Net clk has a large fanout of 4385 terminals.
[INFO GPL-0041] Total routing overflow: 6.5656
[INFO GPL-0042] Number of overflowed tiles: 110 (0.91%)
[INFO GPL-0043] Average top 0.5% routing congestion: 1.0950
[INFO GPL-0044] Average top 1.0% routing congestion: 1.0539
[INFO GPL-0045] Average top 2.0% routing congestion: 1.0050
[INFO GPL-0046] Average top 5.0% routing congestion: 0.9362
[INFO GPL-0047] Routability iteration weighted routing congestion: 1.0744
[INFO GPL-0048] Routing congestion (1.0744) lower than previous minimum (1e+30). Updating minimum.
[INFO GPL-0086] Inflated area:                 326.663 um^2 (+0.34%)
[INFO GPL-0052] Placement target density:       0.9906
[INFO GPL-0076] Removing fillers, count: Before: 905, After: 710 (-21.55%)
[INFO GPL-0077] Filler area (um^2)     : Before: 1512.206, After: 1185.220 (-21.62%)
[INFO GPL-0078] Removed fillers count: 195, area removed: 325.518 um^2. Remaining area to be compensated by modifying density: 1.145 um^2
[INFO GPL-0053] Target density 0.9906 exceeds the maximum allowed 0.9900.
[INFO GPL-0055] Reverting inflation values and target density from the iteration with minimum observed routing congestion.
[INFO GPL-0056] Minimum observed routing congestion: 1.0744
[INFO GPL-0057] Target density at minimum routing congestion: 0.9906
[INFO GPL-0080] Restoring 195 previously removed fillers.
[INFO GPL-0081] Number of fillers before restoration 710 and after 905 . Relative change: +27.46%%
[INFO GPL-0082] Total filler area before restoration 1185.22 and after 1510.74 (um^2). Relative change: +27.46%%
[INFO GPL-0089] Routability finished. Reverting to minimal observed routing congestion, could not reach target.
Iteration | Overflow |     HPWL (um) |  HPWL(%) |   Penalty | Group
---------------------------------------------------------------
      380 |   0.5795 |  3.955540e+05 |   -7.62% |  4.99e-10 |      
      390 |   0.5559 |  4.014681e+05 |   +1.50% |  7.34e-10 |      
      400 |   0.5393 |  4.107827e+05 |   +2.32% |  1.08e-09 |      
      410 |   0.5199 |  4.183858e+05 |   +1.85% |  1.59e-09 |      
      420 |   0.4943 |  4.252590e+05 |   +1.64% |  2.34e-09 |      
      430 |   0.4669 |  4.269843e+05 |   +0.41% |  3.44e-09 |      
      440 |   0.4426 |  4.239089e+05 |   -0.72% |  5.07e-09 |      
      450 |   0.4151 |  4.215195e+05 |   -0.56% |  7.47e-09 |      
      460 |   0.3802 |  4.218162e+05 |   +0.07% |  1.10e-08 |      
      470 |   0.3470 |  4.205898e+05 |   -0.29% |  1.62e-08 |      
      480 |   0.3197 |  4.242914e+05 |   +0.88% |  2.39e-08 |      
      490 |   0.2820 |  4.299347e+05 |   +1.33% |  3.51e-08 |      
      500 |   0.2551 |  4.276589e+05 |   -0.53% |  5.17e-08 |      
      510 |   0.2218 |  4.297529e+05 |   +0.49% |  7.62e-08 |      
      520 |   0.1959 |  4.314961e+05 |   +0.41% |  1.12e-07 |      
[INFO GPL-0100] Timing-driven iteration 2/2, virtual: false.
[INFO GPL-0101]    Iter: 522, overflow: 0.192, keep resizer changes at: 1, HPWL: 863508134
Iteration |   Area    | Resized | Buffers | Nets repaired | Remaining
---------------------------------------------------------------------
        0 |     +0.0% |       0 |       0 |             0 |     70797
    final |     +0.0% |       0 |       0 |             0 |         0
---------------------------------------------------------------------
   Iter   |    Area   | Removed | Inserted |   Pins
          |           | Buffers | Buffers  | Remaining
-------------------------------------------------------
        0 |     +0.0% |       0 |        0 |     65531
     6500 |     -0.0% |     341 |      300 |     59031
    13000 |     -0.0% |    1035 |      984 |     52531
    19500 |     -0.0% |    2343 |     2337 |     46031
    26000 |     -0.0% |    2359 |     2345 |     39531
    32500 |     -0.1% |    2820 |     2769 |     33031
    39000 |     -0.1% |    2976 |     2931 |     26531
    45500 |     -0.1% |    3498 |     3431 |     20031
    52000 |     -0.0% |    4227 |     4192 |     13531
    58500 |     -0.1% |    4378 |     4338 |      7031
    65000 |     -0.1% |    4991 |     4968 |       531
    final |     -0.1% |    5245 |     5199 |         0
-------------------------------------------------------
[INFO GPL-0106] Timing-driven: worst slack -1.0751758e-10
[INFO GPL-0107] Timing-driven: repair_design delta area: -81.396 um^2 (-0.09%)
[INFO GPL-0108] Timing-driven: repair_design, gpl delta gcells: -46 (-0.08%)
[INFO GPL-0109] Timing-driven: repair_design, gcells created: 5199, deleted: 5245
[INFO GPL-0110] Timing-driven: new target density: 0.98979306
Iteration | Overflow |     HPWL (um) |  HPWL(%) |   Penalty | Group
---------------------------------------------------------------
      530 |   0.1666 |  4.238271e+05 |   -1.78% |  1.65e-07 |      
      540 |   0.1424 |  4.211885e+05 |   -0.62% |  2.43e-07 |      
      550 |   0.1226 |  4.199910e+05 |   -0.28% |  3.58e-07 |      
      560 |   0.1047 |  4.192084e+05 |   -0.19% |  5.28e-07 |      
      563 |   0.0999 |  4.191140e+05 |          |  6.17e-07 |      
---------------------------------------------------------------
[INFO GPL-1001] Global placement finished at iteration 563
[INFO GPL-1017] Routability mode iteration count: 201
[INFO GPL-1005] Routability final weighted congestion: 0.9217
[INFO GPL-1002] Placed Cell Area            95247.0030
[INFO GPL-1003] Available Free Area         97755.5320
[INFO GPL-1004] Minimum Feasible Density        0.9300 (cell_area / free_area)
[INFO GPL-1006]   Suggested Target Densities:
[INFO GPL-1007]     - For 90% usage of free space: 1.0826
[INFO GPL-1008]     - For 80% usage of free space: 1.2179
[INFO GPL-1011] Original area (um^2): 90377.99
[INFO GPL-1012] Total routability artificial inflation: 0.00 (+0.00%)
[INFO GPL-1013] Total timing-driven delta area: 4869.01 (+5.39%)
[INFO GPL-1014] Final placement area: 95247.00 (+5.39%)
Took 42 seconds: global_placement -density 0.9400000071525574 -pad_left 0 -pad_right 0 -routability_driven -timing_driven -force_center_initial_place -min_phi_coef 0.95 -max_phi_coef 1.05
estimate_parasitics -placement
Report metrics stage 3, global place...

==========================================================================
global place report_design_area
--------------------------------------------------------------------------
Design area 89477 um^2 91% utilization.
write_db /work/results/nangate45/jpeg/pipeline_88/3_3_place_gp.odb
Elapsed time: 0:48.23[h:]min:sec. CPU time: user 245.09 sys 14.69 (538%). Peak memory: 784244KB.
Log                       Ext     Elapsed/s Peak Memory/MB sha1sum result [0:20)
3_3_place_gp              .odb           48            765 23a75ccc4b8419d6ef8a
/OpenROAD-flow-scripts/flow/scripts/flow.sh 3_4_place_resized resize
Running resize.tcl, stage 3_4_place_resized
read_liberty /OpenROAD-flow-scripts/flow/platforms/nangate45/lib/NangateOpenCellLibrary_typical.lib
read_db /work/results/nangate45/jpeg/pipeline_88/3_3_place_gp.odb
read_sdc /work/results/nangate45/jpeg/pipeline_88/2_floorplan.sdc
source /OpenROAD-flow-scripts/flow/platforms/nangate45/setRC.tcl
estimate_parasitics -placement
Perform buffer insertion and gate resizing...
repair_design -verbose
Iteration |   Area    | Resized | Buffers | Nets repaired | Remaining
---------------------------------------------------------------------
        0 |     +0.0% |       0 |       0 |             0 |     70751
     1000 |     +0.0% |       0 |       0 |             0 |     69751
     2000 |     +0.0% |       0 |       0 |             0 |     68751
     3000 |     +0.0% |       0 |       0 |             0 |     67751
     4000 |     +0.0% |       0 |       0 |             0 |     66751
     5000 |     +0.0% |       0 |       0 |             0 |     65751
     6000 |     +0.0% |       0 |       0 |             0 |     64751
     7000 |     +0.0% |       0 |       0 |             0 |     63751
     8000 |     +0.0% |       0 |       0 |             0 |     62751
     9000 |     +0.0% |       0 |       0 |             0 |     61751
    10000 |     +0.0% |       0 |       0 |             0 |     60751
    11000 |     +0.0% |       0 |       0 |             0 |     59751
    12000 |     +0.0% |       0 |       0 |             0 |     58751
    13000 |     +0.0% |       0 |       0 |             0 |     57751
    14000 |     +0.0% |       0 |       0 |             0 |     56751
    15000 |     +0.0% |       0 |       0 |             0 |     55751
    16000 |     +0.0% |       0 |       0 |             0 |     54751
    17000 |     +0.0% |       0 |       0 |             0 |     53751
    18000 |     +0.0% |       0 |       0 |             0 |     52751
    19000 |     +0.0% |       0 |       0 |             0 |     51751
    20000 |     +0.0% |       0 |       0 |             0 |     50751
    21000 |     +0.0% |       0 |       0 |             0 |     49751
    22000 |     +0.0% |       0 |       0 |             0 |     48751
    23000 |     +0.0% |       0 |       0 |             0 |     47751
    24000 |     +0.0% |       0 |       0 |             0 |     46751
    25000 |     +0.0% |       0 |       0 |             0 |     45751
    26000 |     +0.0% |       0 |       0 |             0 |     44751
    27000 |     +0.0% |       0 |       0 |             0 |     43751
    28000 |     +0.0% |       0 |       0 |             0 |     42751
    29000 |     +0.0% |       0 |       0 |             0 |     41751
    30000 |     +0.0% |       0 |       0 |             0 |     40751
    31000 |     +0.0% |       0 |       0 |             0 |     39751
    32000 |     +0.0% |       0 |       0 |             0 |     38751
    33000 |     +0.0% |       0 |       0 |             0 |     37751
    34000 |     +0.0% |       0 |       0 |             0 |     36751
    35000 |     +0.0% |       0 |       0 |             0 |     35751
    36000 |     +0.0% |       0 |       0 |             0 |     34751
    37000 |     +0.0% |       0 |       0 |             0 |     33751
    38000 |     +0.0% |       0 |       0 |             0 |     32751
    39000 |     +0.0% |       0 |       0 |             0 |     31751
    40000 |     +0.0% |       0 |       0 |             0 |     30751
    41000 |     +0.0% |       0 |       0 |             0 |     29751
    42000 |     +0.0% |       0 |       0 |             0 |     28751
    43000 |     +0.0% |       0 |       0 |             0 |     27751
    44000 |     +0.0% |       0 |       0 |             0 |     26751
    45000 |     +0.0% |       0 |       0 |             0 |     25751
    46000 |     +0.0% |       0 |       0 |             0 |     24751
    47000 |     +0.0% |       0 |       0 |             0 |     23751
    48000 |     +0.0% |       0 |       0 |             0 |     22751
    49000 |     +0.0% |       0 |       0 |             0 |     21751
    50000 |     +0.0% |       0 |       0 |             0 |     20751
    51000 |     +0.0% |       0 |       0 |             0 |     19751
    52000 |     +0.0% |       0 |       0 |             0 |     18751
    53000 |     +0.0% |       0 |       0 |             0 |     17751
    54000 |     +0.0% |       0 |       0 |             0 |     16751
    55000 |     +0.0% |       0 |       0 |             0 |     15751
    56000 |     +0.0% |       0 |       0 |             0 |     14751
    57000 |     +0.0% |       0 |       0 |             0 |     13751
    58000 |     +0.0% |       0 |       0 |             0 |     12751
    59000 |     +0.0% |       0 |       0 |             0 |     11751
    60000 |     +0.0% |       0 |       0 |             0 |     10751
    61000 |     +0.0% |       0 |       0 |             0 |      9751
    62000 |     +0.0% |       0 |       0 |             0 |      8751
    63000 |     +0.0% |       0 |       0 |             0 |      7751
    64000 |     +0.0% |       0 |       0 |             0 |      6751
    65000 |     +0.0% |       0 |       0 |             0 |      5751
    66000 |     +0.0% |       0 |       0 |             0 |      4751
    67000 |     +0.0% |       0 |       0 |             0 |      3751
    68000 |     +0.0% |       0 |       0 |             0 |      2751
    69000 |     +0.0% |       0 |       0 |             0 |      1751
    70000 |     +0.0% |       0 |       0 |             0 |       751
    final |     +0.0% |       0 |       0 |             0 |         0
---------------------------------------------------------------------
Floating nets: 
Report metrics stage 3, resizer...

==========================================================================
resizer report_design_area
--------------------------------------------------------------------------
Design area 89477 um^2 91% utilization.
Instance count before 59139, after 59139
Pin count before 191839, after 191839
write_db /work/results/nangate45/jpeg/pipeline_88/3_4_place_resized.odb
Elapsed time: 0:12.57[h:]min:sec. CPU time: user 19.76 sys 3.36 (184%). Peak memory: 391448KB.
Log                       Ext     Elapsed/s Peak Memory/MB sha1sum result [0:20)
3_4_place_resized         .odb           12            382 23a75ccc4b8419d6ef8a
/OpenROAD-flow-scripts/flow/scripts/flow.sh 3_5_place_dp detail_place
Running detail_place.tcl, stage 3_5_place_dp
read_liberty /OpenROAD-flow-scripts/flow/platforms/nangate45/lib/NangateOpenCellLibrary_typical.lib
read_db /work/results/nangate45/jpeg/pipeline_88/3_4_place_resized.odb
read_sdc /work/results/nangate45/jpeg/pipeline_88/2_floorplan.sdc
source /OpenROAD-flow-scripts/flow/platforms/nangate45/setRC.tcl
detailed_placement
[INFO DPL-0006] Core area: 97934.02 um^2, Instances area: 89477.35 um^2, Utilization: 91.4%
[INFO DPL-0005] Diamond search max displacement: +/- 500 sites horizontally, +/- 100 rows vertically.
[INFO DPL-1101] Legalizing using diamond search.
Movements Summary
---------------------------------------
Total cells:                   58468
Diamond Move Success:          58468 (100.00%)
Diamond Move Failure:              0
Rip-up and replace Success:        0 (  0.00% of diamond failures)
Rip-up and replace Failure:        0
Total Placement Failures:          0
---------------------------------------
Placement Analysis
---------------------------------
total displacement     125955.4 u
average displacement        2.1 u
max displacement           34.2 u
original HPWL          420878.2 u
legalized HPWL         561559.6 u
delta HPWL                   33 %

improve_placement -max_displacement "5 1"
Detailed placement improvement.
[INFO DPL-0401] Setting random seed to 1.
[INFO DPL-0402] Setting maximum displacement 5 1 to 14000 2800 units.
[INFO DPL-0320] Collected 718 fixed cells.
[INFO DPL-0318] Collected 58468 single height cells.
[INFO DPL-0321] Collected 0 wide cells.
[INFO DPL-0322] Image (2280, 2800) - (629660, 627200)
[INFO DPL-0310] Assigned 58468 cells into segments.  Movement in X-direction is 0.000000, movement in Y-direction is 0.000000.
[INFO DPL-0313] Found 0 cells in wrong regions.
[INFO DPL-0315] Found 0 row alignment problems.
[INFO DPL-0314] Found 0 site alignment problems.
[INFO DPL-0311] Found 0 overlaps between adjacent cells.
[INFO DPL-0312] Found 0 edge spacing violations and 0 padding violations.
[INFO DPL-0303] Running algorithm for independent set matching.
[INFO DPL-0300] Set matching objective is wirelength.
[INFO DPL-0301] Pass   1 of matching; objective is 1.121550e+09.
[INFO DPL-0301] Pass   2 of matching; objective is 1.108384e+09.
[INFO DPL-0302] End of matching; objective is 1.107930e+09, improvement is 1.21 percent.
[INFO DPL-0303] Running algorithm for global swaps.
[INFO DPL-0306] Pass   1 of global swaps; hpwl is 1.089363e+09.
[INFO DPL-0306] Pass   2 of global swaps; hpwl is 1.085405e+09.
[INFO DPL-0307] End of global swaps; objective is 1.085405e+09, improvement is 2.03 percent.
[INFO DPL-0303] Running algorithm for vertical swaps.
[INFO DPL-0308] Pass   1 of vertical swaps; hpwl is 1.082627e+09.
[INFO DPL-0309] End of vertical swaps; objective is 1.082627e+09, improvement is 0.26 percent.
[INFO DPL-0303] Running algorithm for reordering.
[INFO DPL-0304] Pass   1 of reordering; objective is 1.043706e+09.
[INFO DPL-0304] Pass   2 of reordering; objective is 1.033475e+09.
[INFO DPL-0305] End of reordering; objective is 1.033475e+09, improvement is 4.54 percent.
[INFO DPL-0303] Running algorithm for random improvement.
[INFO DPL-0324] Random improver is using random generator.
[INFO DPL-0325] Random improver is using hpwl objective.
[INFO DPL-0326] Random improver cost string is (a).
[INFO DPL-0332] End of pass, Generator random called 1169360 times.
[INFO DPL-0335] Generator random, Cumulative attempts 1169360, swaps 250274, moves 50674 since last reset.
[INFO DPL-0333] End of pass, Objective hpwl, Initial cost 1.032227e+09, Scratch cost 1.017657e+09, Incremental cost 1.017657e+09, Mismatch? N
[INFO DPL-0338] End of pass, Total cost is 1.017657e+09.
[INFO DPL-0327] Pass   1 of random improver; improvement in cost is 1.41 percent.
[INFO DPL-0332] End of pass, Generator random called 1169360 times.
[INFO DPL-0335] Generator random, Cumulative attempts 2338720, swaps 494564, moves 103455 since last reset.
[INFO DPL-0333] End of pass, Objective hpwl, Initial cost 1.017657e+09, Scratch cost 1.011878e+09, Incremental cost 1.011878e+09, Mismatch? N
[INFO DPL-0338] End of pass, Total cost is 1.011878e+09.
[INFO DPL-0327] Pass   2 of random improver; improvement in cost is 0.57 percent.
[INFO DPL-0328] End of random improver; improvement is 1.971376 percent.
[INFO DPL-0380] Cell flipping.
[INFO DPL-0382] Changed 0 cell orientations for row compatibility.
[INFO DPL-0383] Performed 21324 cell flips.
[INFO DPL-0384] End of flipping; objective is 9.915431e+08, improvement is 2.13 percent.
[INFO DPL-0313] Found 0 cells in wrong regions.
[INFO DPL-0315] Found 0 row alignment problems.
[INFO DPL-0314] Found 0 site alignment problems.
[INFO DPL-0311] Found 0 overlaps between adjacent cells.
[INFO DPL-0312] Found 0 edge spacing violations and 0 padding violations.
Detailed Improvement Results
------------------------------------------
Original HPWL           561559.6 u (  274397.6,   287162.0)
Final HPWL              496370.8 u (  223623.0,   272747.8)
Delta HPWL                 -11.6 % (     -18.5,       -5.0)

Took 14 seconds: improve_placement -max_displacement "5 1"
optimize_mirroring
[INFO DPL-0020] Mirrored 3410 instances
[INFO DPL-0021] HPWL before          496370.8 u
[INFO DPL-0022] HPWL after           495914.5 u
[INFO DPL-0023] HPWL delta               -0.1 %
[INFO FLW-0012] Placement violations .
estimate_parasitics -placement
Report metrics stage 3, detailed place...

==========================================================================
detailed place report_design_area
--------------------------------------------------------------------------
Design area 89477 um^2 91% utilization.
write_db /work/results/nangate45/jpeg/pipeline_88/3_5_place_dp.odb
Elapsed time: 0:26.20[h:]min:sec. CPU time: user 33.22 sys 3.22 (139%). Peak memory: 543400KB.
Log                       Ext     Elapsed/s Peak Memory/MB sha1sum result [0:20)
3_5_place_dp              .odb           26            530 be4acae550607332a4bd
cp /work/results/nangate45/jpeg/pipeline_88/3_5_place_dp.odb /work/results/nangate45/jpeg/pipeline_88/3_place.odb
/OpenROAD-flow-scripts/flow/scripts/flow.sh 4_1_cts cts
Running cts.tcl, stage 4_1_cts
read_liberty /OpenROAD-flow-scripts/flow/platforms/nangate45/lib/NangateOpenCellLibrary_typical.lib
read_db /work/results/nangate45/jpeg/pipeline_88/3_place.odb
read_sdc /work/results/nangate45/jpeg/pipeline_88/3_place.sdc
source /OpenROAD-flow-scripts/flow/platforms/nangate45/setRC.tcl
clock_tree_synthesis -sink_clustering_enable -repair_clock_nets
[INFO CTS-0050] Root buffer is CLKBUF_X3.
[INFO CTS-0051] Sink buffer is CLKBUF_X3.
[INFO CTS-0052] The following clock buffers will be used for CTS:
                    CLKBUF_X3
[INFO CTS-0049] Characterization buffer is CLKBUF_X3.
[INFO CTS-0007] Net "clk" found for clock "clk".
[INFO CTS-0010]  Clock net "clk" has 4384 sinks.
[INFO CTS-0008] TritonCTS found 1 clock nets.
[INFO CTS-0097] Characterization used 1 buffer(s) types.
[INFO CTS-0201] 0 blockages from hard placement blockages and placed macros will be used.
[INFO CTS-0027] Generating H-Tree topology for net clk.
[INFO CTS-0028]  Total number of sinks: 4384.
[INFO CTS-0090]  Sinks will be clustered based on buffer max cap.
[INFO CTS-0030]  Number of static layers: 0.
[INFO CTS-0020]  Wire segment unit: 14000  dbu (7 um).
[INFO CTS-0206] Best clustering solution was found from max clustering size of 9 and max clustering diameter of 53.
[INFO CTS-0019]  Total number of sinks after clustering: 621.
[INFO CTS-0024]  Normalized sink region: [(0.420714, 0.466667), (44.572, 44.5)].
[INFO CTS-0025]     Width:  44.1512.
[INFO CTS-0026]     Height: 44.0333.
 Level 1
    Direction: Horizontal
    Sinks per sub-region: 311
    Sub-region size: 22.0756 X 44.0333
[INFO CTS-0034]     Segment length (rounded): 12.
 Level 2
    Direction: Vertical
    Sinks per sub-region: 156
    Sub-region size: 22.0756 X 22.0167
[INFO CTS-0034]     Segment length (rounded): 12.
 Level 3
    Direction: Horizontal
    Sinks per sub-region: 78
    Sub-region size: 11.0378 X 22.0167
[INFO CTS-0034]     Segment length (rounded): 6.
 Level 4
    Direction: Vertical
    Sinks per sub-region: 39
    Sub-region size: 11.0378 X 11.0083
[INFO CTS-0034]     Segment length (rounded): 6.
 Level 5
    Direction: Horizontal
    Sinks per sub-region: 20
    Sub-region size: 5.5189 X 11.0083
[INFO CTS-0034]     Segment length (rounded): 2.
 Level 6
    Direction: Vertical
    Sinks per sub-region: 10
    Sub-region size: 5.5189 X 5.5042
[INFO CTS-0034]     Segment length (rounded): 2.
[INFO CTS-0032]  Stop criterion found. Max number of sinks is 15.
[INFO CTS-0035]  Number of sinks covered: 621.
[INFO CTS-0018]     Created 690 clock buffers.
[INFO CTS-0012]     Minimum number of buffers in the clock path: 4.
[INFO CTS-0013]     Maximum number of buffers in the clock path: 4.
[INFO CTS-0015]     Created 690 clock nets.
[INFO CTS-0016]     Fanout distribution for the current clock = 3:2, 4:27, 5:41, 6:98, 7:214, 8:219, 9:52, 10:11, 11:6, 12:6, 13:4, 14:1, 15:1, 16:2, 19:1..
[INFO CTS-0017]     Max level of the clock tree: 6.
[INFO CTS-0098] Clock net "clk"
[INFO CTS-0099]  Sinks 4932
[INFO CTS-0100]  Leaf buffers 621
[INFO CTS-0101]  Average sink wire length 558.70 um
[INFO CTS-0102]  Path depth 3 - 4
[INFO CTS-0207]  Dummy loads inserted 548
estimate_parasitics -placement
detailed_placement
[INFO DPL-0006] Core area: 97934.02 um^2, Instances area: 90841.39 um^2, Utilization: 92.8%
[INFO DPL-0005] Diamond search max displacement: +/- 500 sites horizontally, +/- 100 rows vertically.
[INFO DPL-1101] Legalizing using diamond search.
Movements Summary
---------------------------------------
Total cells:                   59706
Diamond Move Success:          59706 (100.00%)
Diamond Move Failure:              0
Rip-up and replace Success:        0 (  0.00% of diamond failures)
Rip-up and replace Failure:        0
Total Placement Failures:          0
---------------------------------------
Placement Analysis
---------------------------------
total displacement      23323.5 u
average displacement        0.4 u
max displacement           34.6 u
original HPWL          512075.6 u
legalized HPWL         549964.1 u
delta HPWL                    7 %

estimate_parasitics -placement
repair_timing -setup_margin 0 -hold_margin 0 -repair_tns 100 -verbose
[INFO RSZ-0100] Repair move sequence: UnbufferMove SizeUpMove SwapPinsMove BufferMove CloneMove SplitLoadMove 
[INFO RSZ-0094] Found 669 endpoints with setup violations.
[INFO RSZ-0099] Repairing 669 out of 669 (100.00%) violating endpoints...
   Iter   | Removed | Resized | Inserted | Cloned |  Pin  |   Area   |    WNS   |   StTNS    |   EnTNS    |  Viol  |  Worst  
          | Buffers |  Gates  | Buffers  |  Gates | Swaps |          |          |            |            | Endpts | St/EnPt 
------------------------------------------------------------------------------------------------------------------------------
       0* |       0 |       0 |        0 |      0 |     0 |    +0.0% |   -0.158 |       -2.0 |      -49.4 |    669 | fdct_zigzag.dct_mod.dct_block_4.dct_unit_2.macu.mult_res\[16\]$_DFFE_PP_/D
      10* |       0 |       5 |        4 |      0 |     0 |    +0.0% |   -0.139 |       -1.7 |      -50.0 |    669 | fdct_zigzag.dct_mod.dct_block_4.dct_unit_3.macu.mult_res\[16\]$_DFFE_PP_/D
      20* |       0 |      13 |        6 |      0 |     0 |    +0.0% |   -0.131 |       -1.5 |      -49.4 |    669 | fdct_zigzag.dct_mod.dct_block_3.dct_unit_0.macu.mult_res\[16\]$_DFFE_PP_/D
      30* |       0 |      18 |       10 |      0 |     1 |    +0.0% |   -0.128 |       -1.5 |      -49.3 |    669 | fdct_zigzag.dct_mod.dct_block_2.dct_unit_1.macu.mult_res\[16\]$_DFFE_PP_/D
      40* |       0 |      24 |       13 |      0 |     2 |    +0.0% |   -0.126 |       -1.4 |      -49.0 |    669 | fdct_zigzag.dct_mod.dct_block_7.dct_unit_2.macu.mult_res\[17\]$_DFFE_PP_/D
      50* |       0 |      29 |       16 |      0 |     4 |    +0.0% |   -0.121 |       -1.3 |      -48.8 |    669 | fdct_zigzag.dct_mod.dct_block_4.dct_unit_2.macu.mult_res\[15\]$_DFFE_PP_/D
      60* |       0 |      39 |       16 |      0 |     4 |    +0.0% |   -0.118 |       -1.3 |      -48.5 |    669 | fdct_zigzag.dct_mod.dct_block_6.dct_unit_0.macu.mult_res\[16\]$_DFFE_PP_/D
      70* |       0 |      47 |       18 |      0 |     4 |    +0.1% |   -0.116 |       -1.2 |      -48.1 |    669 | fdct_zigzag.dct_mod.dct_block_3.dct_unit_1.macu.mult_res\[16\]$_DFFE_PP_/D
      80* |       0 |      55 |       19 |      0 |     5 |    +0.1% |   -0.116 |       -1.2 |      -48.0 |    669 | fdct_zigzag.dct_mod.dct_block_4.dct_unit_2.macu.mult_res\[16\]$_DFFE_PP_/D
      90* |       0 |      62 |       19 |      0 |     8 |    +0.1% |   -0.116 |       -1.2 |      -47.8 |    669 | fdct_zigzag.dct_mod.dct_block_4.dct_unit_3.macu.mult_res\[16\]$_DFFE_PP_/D
     100* |       0 |      69 |       21 |      0 |     9 |    +0.1% |   -0.118 |       -1.2 |      -47.6 |    669 | fdct_zigzag.dct_mod.dct_block_4.dct_unit_5.macu.mult_res\[17\]$_DFFE_PP_/D
     110* |       0 |      77 |       23 |      0 |     9 |    +0.1% |   -0.115 |       -1.2 |      -47.4 |    669 | fdct_zigzag.dct_mod.dct_block_6.dct_unit_7.macu.mult_res\[17\]$_DFFE_PP_/D
     120* |       0 |      83 |       24 |      0 |    12 |    +0.1% |   -0.113 |       -1.2 |      -47.2 |    669 | fdct_zigzag.dct_mod.dct_block_4.dct_unit_4.macu.mult_res\[16\]$_DFFE_PP_/D
     130* |       0 |      91 |       27 |      0 |    12 |    +0.1% |   -0.115 |       -1.2 |      -47.1 |    669 | fdct_zigzag.dct_mod.dct_block_5.dct_unit_4.macu.mult_res\[18\]$_DFFE_PP_/D
     140* |       0 |      98 |       27 |      0 |    15 |    +0.1% |   -0.117 |       -1.2 |      -46.9 |    669 | fdct_zigzag.dct_mod.dct_block_4.dct_unit_4.macu.mult_res\[16\]$_DFFE_PP_/D
     150* |       0 |     104 |       29 |      0 |    17 |    +0.1% |   -0.112 |       -1.2 |      -46.8 |    669 | fdct_zigzag.dct_mod.dct_block_3.dct_unit_6.macu.mult_res\[16\]$_DFFE_PP_/D
     160* |       0 |     113 |       30 |      0 |    17 |    +0.1% |   -0.111 |       -1.2 |      -46.7 |    669 | fdct_zigzag.dct_mod.dct_block_3.dct_unit_0.macu.mult_res\[16\]$_DFFE_PP_/D
     170* |       0 |     119 |       33 |      0 |    19 |    +0.1% |   -0.111 |       -1.2 |      -45.9 |    669 | fdct_zigzag.dct_mod.dct_block_2.dct_unit_1.macu.mult_res\[16\]$_DFFE_PP_/D
     180* |       0 |     126 |       35 |      0 |    20 |    +0.1% |   -0.109 |       -1.1 |      -45.6 |    669 | fdct_zigzag.dct_mod.dct_block_0.dct_unit_1.macu.mult_res\[16\]$_DFFE_PP_/D
     190* |       0 |     134 |       36 |      0 |    21 |    +0.1% |   -0.108 |       -1.1 |      -45.5 |    669 | fdct_zigzag.dct_mod.dct_block_1.dct_unit_4.macu.mult_res\[16\]$_DFFE_PP_/D
     200* |       0 |     142 |       36 |      0 |    23 |    +0.2% |   -0.108 |       -1.1 |      -45.0 |    669 | fdct_zigzag.dct_mod.dct_block_2.dct_unit_0.macu.mult_res\[16\]$_DFFE_PP_/D
     210* |       0 |     146 |       37 |      0 |    28 |    +0.2% |   -0.109 |       -1.1 |      -44.9 |    669 | fdct_zigzag.dct_mod.dct_block_4.dct_unit_4.macu.mult_res\[17\]$_DFFE_PP_/D
     220* |       0 |     150 |       41 |      0 |    30 |    +0.2% |   -0.107 |       -1.1 |      -44.9 |    669 | fdct_zigzag.dct_mod.dct_block_4.dct_unit_3.macu.mult_res\[18\]$_DFFE_PP_/D
     230* |       0 |     156 |       45 |      0 |    31 |    +0.2% |   -0.107 |       -1.1 |      -44.3 |    669 | fdct_zigzag.dct_mod.dct_block_2.dct_unit_0.macu.mult_res\[16\]$_DFFE_PP_/D
     240* |       0 |     164 |       47 |      0 |    31 |    +0.2% |   -0.105 |       -1.1 |      -44.0 |    669 | fdct_zigzag.dct_mod.dct_block_4.dct_unit_3.macu.mult_res\[18\]$_DFFE_PP_/D
     250* |       0 |     171 |       49 |      0 |    32 |    +0.2% |   -0.106 |       -1.0 |      -44.0 |    669 | fdct_zigzag.dct_mod.dct_block_7.dct_unit_4.macu.mult_res\[15\]$_DFFE_PP_/D
     260* |       0 |     180 |       49 |      0 |    33 |    +0.2% |   -0.107 |       -1.0 |      -44.0 |    669 | fdct_zigzag.dct_mod.dct_block_4.dct_unit_3.macu.mult_res\[17\]$_DFFE_PP_/D
     270* |       0 |     189 |       50 |      0 |    33 |    +0.2% |   -0.115 |       -1.0 |      -44.8 |    669 | fdct_zigzag.dct_mod.dct_block_4.dct_unit_4.macu.mult_res\[18\]$_DFFE_PP_/D
     280* |       0 |     191 |       55 |      0 |    36 |    +0.2% |   -0.117 |       -1.1 |      -46.0 |    669 | fdct_zigzag.dct_mod.dct_block_4.dct_unit_4.macu.mult_res\[16\]$_DFFE_PP_/D
     290* |       0 |     199 |       55 |      0 |    38 |    +0.2% |   -0.114 |       -1.0 |      -45.6 |    669 | fdct_zigzag.dct_mod.dct_block_4.dct_unit_4.macu.mult_res\[18\]$_DFFE_PP_/D
     300* |       0 |     206 |       56 |      0 |    40 |    +0.2% |   -0.109 |       -1.0 |      -45.6 |    669 | fdct_zigzag.dct_mod.dct_block_0.dct_unit_1.macu.mult_res\[17\]$_DFFE_PP_/D
     310* |       0 |     211 |       59 |      0 |    42 |    +0.2% |   -0.129 |       -1.0 |      -46.2 |    669 | fdct_zigzag.dct_mod.dct_block_2.dct_unit_2.macu.mult_res\[17\]$_DFFE_PP_/D
     317* |       0 |     187 |       49 |      0 |    33 |    +0.2% |   -0.104 |       -1.0 |      -43.8 |    669 | fdct_zigzag.dct_mod.dct_block_4.dct_unit_4.macu.mult_res\[18\]$_DFFE_PP_/D
     320* |       0 |     189 |       49 |      0 |    33 |    +0.2% |   -0.104 |       -1.0 |      -43.8 |    669 | fdct_zigzag.dct_mod.dct_block_4.dct_unit_4.macu.mult_res\[18\]$_DFFE_PP_/D
     330* |       0 |     195 |       50 |      0 |    36 |    +0.2% |   -0.104 |       -1.0 |      -43.8 |    669 | fdct_zigzag.dct_mod.dct_block_4.dct_unit_4.macu.mult_res\[18\]$_DFFE_PP_/D
     340* |       0 |     203 |       51 |      0 |    37 |    +0.2% |   -0.106 |       -1.0 |      -43.8 |    669 | fdct_zigzag.dct_mod.dct_block_4.dct_unit_4.macu.mult_res\[18\]$_DFFE_PP_/D
     350* |       0 |     208 |       52 |      0 |    41 |    +0.2% |   -0.106 |       -1.0 |      -43.8 |    669 | fdct_zigzag.dct_mod.dct_block_4.dct_unit_4.macu.mult_res\[18\]$_DFFE_PP_/D
     360* |       0 |     212 |       53 |      1 |    45 |    +0.2% |   -0.110 |       -1.0 |      -44.3 |    669 | fdct_zigzag.dct_mod.dct_block_6.dct_unit_5.macu.mult_res\[15\]$_DFFE_PP_/D
     370* |       0 |     216 |       56 |      3 |    46 |    +0.3% |   -0.118 |       -1.0 |      -45.2 |    669 | fdct_zigzag.dct_mod.dct_block_6.dct_unit_5.macu.mult_res\[15\]$_DFFE_PP_/D
     380* |       0 |     223 |       58 |      3 |    47 |    +0.3% |   -0.118 |       -1.0 |      -45.3 |    669 | fdct_zigzag.dct_mod.dct_block_6.dct_unit_5.macu.mult_res\[15\]$_DFFE_PP_/D
     381* |       0 |     195 |       51 |      0 |    36 |    +0.2% |   -0.104 |       -1.0 |      -43.8 |    669 | fdct_zigzag.dct_mod.dct_block_4.dct_unit_4.macu.mult_res\[18\]$_DFFE_PP_/D
     390* |       0 |     202 |       52 |      0 |    36 |    +0.2% |   -0.104 |       -1.0 |      -43.7 |    669 | fdct_zigzag.dct_mod.dct_block_4.dct_unit_4.macu.mult_res\[18\]$_DFFE_PP_/D
     400* |       0 |     208 |       52 |      1 |    39 |    +0.2% |   -0.120 |       -1.0 |      -45.9 |    669 | fdct_zigzag.dct_mod.dct_block_7.dct_unit_7.macu.mult_res\[18\]$_DFFE_PP_/D
     410* |       0 |     214 |       54 |      1 |    41 |    +0.2% |   -0.110 |       -1.0 |      -44.5 |    669 | fdct_zigzag.dct_mod.dct_block_6.dct_unit_5.macu.mult_res\[15\]$_DFFE_PP_/D
     420* |       0 |     219 |       56 |      3 |    42 |    +0.3% |   -0.118 |       -1.0 |      -45.3 |    669 | fdct_zigzag.dct_mod.dct_block_6.dct_unit_5.macu.mult_res\[15\]$_DFFE_PP_/D
     430* |       0 |     225 |       58 |      4 |    43 |    +0.3% |   -0.118 |       -1.0 |      -45.5 |    669 | fdct_zigzag.dct_mod.dct_block_6.dct_unit_5.macu.mult_res\[15\]$_DFFE_PP_/D
     436* |       0 |     202 |       52 |      0 |    36 |    +0.2% |   -0.104 |       -1.0 |      -43.7 |    669 | fdct_zigzag.dct_mod.dct_block_4.dct_unit_4.macu.mult_res\[18\]$_DFFE_PP_/D
     440* |       0 |     205 |       52 |      0 |    36 |    +0.2% |   -0.104 |       -1.0 |      -43.6 |    669 | fdct_zigzag.dct_mod.dct_block_4.dct_unit_4.macu.mult_res\[18\]$_DFFE_PP_/D
     450* |       0 |     212 |       53 |      0 |    38 |    +0.2% |   -0.108 |       -1.0 |      -43.9 |    669 | fdct_zigzag.dct_mod.dct_block_4.dct_unit_4.macu.mult_res\[18\]$_DFFE_PP_/D
     460* |       0 |     218 |       54 |      0 |    41 |    +0.2% |   -0.108 |       -1.0 |      -43.9 |    669 | fdct_zigzag.dct_mod.dct_block_4.dct_unit_4.macu.mult_res\[18\]$_DFFE_PP_/D
     470* |       0 |     225 |       56 |      0 |    42 |    +0.2% |   -0.108 |       -1.0 |      -43.9 |    669 | fdct_zigzag.dct_mod.dct_block_4.dct_unit_4.macu.mult_res\[18\]$_DFFE_PP_/D
     480* |       0 |     233 |       56 |      0 |    44 |    +0.2% |   -0.108 |       -1.0 |      -43.9 |    669 | fdct_zigzag.dct_mod.dct_block_4.dct_unit_4.macu.mult_res\[18\]$_DFFE_PP_/D
     490* |       0 |     239 |       57 |      0 |    47 |    +0.3% |   -0.108 |       -1.0 |      -44.0 |    669 | fdct_zigzag.dct_mod.dct_block_4.dct_unit_4.macu.mult_res\[18\]$_DFFE_PP_/D
     494* |       0 |     208 |       53 |      0 |    36 |    +0.2% |   -0.104 |       -1.0 |      -43.6 |    669 | fdct_zigzag.dct_mod.dct_block_4.dct_unit_4.macu.mult_res\[18\]$_DFFE_PP_/D
     500* |       0 |     209 |       56 |      0 |    37 |    +0.2% |   -0.108 |       -1.0 |      -44.1 |    669 | fdct_zigzag.dct_mod.dct_block_4.dct_unit_4.macu.mult_res\[18\]$_DFFE_PP_/D
     510* |       0 |     217 |       57 |      0 |    38 |    +0.2% |   -0.108 |       -1.0 |      -43.9 |    669 | fdct_zigzag.dct_mod.dct_block_4.dct_unit_4.macu.mult_res\[18\]$_DFFE_PP_/D
     520* |       0 |     222 |       57 |      0 |    43 |    +0.2% |   -0.108 |       -1.0 |      -43.9 |    669 | fdct_zigzag.dct_mod.dct_block_4.dct_unit_4.macu.mult_res\[18\]$_DFFE_PP_/D
     530* |       0 |     232 |       57 |      0 |    43 |    +0.2% |   -0.108 |       -1.0 |      -43.8 |    669 | fdct_zigzag.dct_mod.dct_block_4.dct_unit_4.macu.mult_res\[18\]$_DFFE_PP_/D
     540* |       0 |     239 |       59 |      0 |    44 |    +0.3% |   -0.108 |       -1.0 |      -43.7 |    669 | fdct_zigzag.dct_mod.dct_block_4.dct_unit_4.macu.mult_res\[18\]$_DFFE_PP_/D
     548* |       0 |     208 |       56 |      0 |    36 |    +0.2% |   -0.104 |       -1.0 |      -43.6 |    669 | fdct_zigzag.dct_mod.dct_block_4.dct_unit_4.macu.mult_res\[18\]$_DFFE_PP_/D
     550* |       0 |     209 |       56 |      0 |    36 |    +0.2% |   -0.104 |       -1.0 |      -43.5 |    669 | fdct_zigzag.dct_mod.dct_block_4.dct_unit_4.macu.mult_res\[18\]$_DFFE_PP_/D
     560* |       0 |     217 |       56 |      0 |    38 |    +0.2% |   -0.104 |       -1.0 |      -43.5 |    669 | fdct_zigzag.dct_mod.dct_block_4.dct_unit_4.macu.mult_res\[18\]$_DFFE_PP_/D
     570* |       0 |     226 |       56 |      0 |    39 |    +0.2% |   -0.104 |       -1.0 |      -43.4 |    669 | fdct_zigzag.dct_mod.dct_block_4.dct_unit_4.macu.mult_res\[18\]$_DFFE_PP_/D
     580* |       0 |     234 |       59 |      0 |    39 |    +0.2% |   -0.107 |       -1.0 |      -43.6 |    669 | fdct_zigzag.dct_mod.dct_block_4.dct_unit_5.macu.mult_res\[16\]$_DFFE_PP_/D
     590* |       0 |     239 |       61 |      0 |    42 |    +0.3% |   -0.107 |       -1.0 |      -43.6 |    669 | fdct_zigzag.dct_mod.dct_block_4.dct_unit_5.macu.mult_res\[16\]$_DFFE_PP_/D
     600* |       0 |     246 |       63 |      0 |    43 |    +0.3% |   -0.107 |       -1.0 |      -43.5 |    669 | fdct_zigzag.dct_mod.dct_block_4.dct_unit_5.macu.mult_res\[16\]$_DFFE_PP_/D
     610* |       0 |     255 |       63 |      0 |    44 |    +0.3% |   -0.107 |       -1.0 |      -43.6 |    669 | fdct_zigzag.dct_mod.dct_block_4.dct_unit_5.macu.mult_res\[16\]$_DFFE_PP_/D
     620* |       0 |     264 |       63 |      0 |    45 |    +0.3% |   -0.108 |       -1.0 |      -44.5 |    669 | fdct_zigzag.dct_mod.dct_block_7.dct_unit_3.macu.mult_res\[18\]$_DFFE_PP_/D
     626* |       0 |     230 |       59 |      0 |    39 |    +0.2% |   -0.104 |       -1.0 |      -43.4 |    669 | fdct_zigzag.dct_mod.dct_block_4.dct_unit_4.macu.mult_res\[18\]$_DFFE_PP_/D
     630* |       0 |     233 |       59 |      0 |    39 |    +0.2% |   -0.107 |       -1.0 |      -43.6 |    669 | fdct_zigzag.dct_mod.dct_block_4.dct_unit_5.macu.mult_res\[16\]$_DFFE_PP_/D
     640* |       0 |     242 |       59 |      0 |    40 |    +0.3% |   -0.107 |       -1.0 |      -43.6 |    669 | fdct_zigzag.dct_mod.dct_block_4.dct_unit_5.macu.mult_res\[16\]$_DFFE_PP_/D
     650* |       0 |     249 |       59 |      0 |    43 |    +0.3% |   -0.108 |       -1.0 |      -44.1 |    669 | fdct_zigzag.dct_mod.dct_block_4.dct_unit_4.macu.mult_res\[18\]$_DFFE_PP_/D
     660* |       0 |     255 |       60 |      0 |    46 |    +0.3% |   -0.108 |       -1.0 |      -44.1 |    669 | fdct_zigzag.dct_mod.dct_block_4.dct_unit_4.macu.mult_res\[18\]$_DFFE_PP_/D
     670* |       0 |     264 |       60 |      0 |    47 |    +0.3% |   -0.108 |       -1.0 |      -44.1 |    669 | fdct_zigzag.dct_mod.dct_block_4.dct_unit_4.macu.mult_res\[18\]$_DFFE_PP_/D
     679* |       0 |     232 |       59 |      0 |    39 |    +0.2% |   -0.104 |       -1.0 |      -43.4 |    669 | fdct_zigzag.dct_mod.dct_block_4.dct_unit_4.macu.mult_res\[18\]$_DFFE_PP_/D
     680* |       0 |     232 |       59 |      0 |    39 |    +0.2% |   -0.104 |       -1.0 |      -43.4 |    669 | fdct_zigzag.dct_mod.dct_block_4.dct_unit_4.macu.mult_res\[18\]$_DFFE_PP_/D
     690* |       0 |     241 |       60 |      0 |    39 |    +0.3% |   -0.107 |       -1.0 |      -43.6 |    669 | fdct_zigzag.dct_mod.dct_block_4.dct_unit_5.macu.mult_res\[16\]$_DFFE_PP_/D
     700* |       0 |     250 |       61 |      0 |    39 |    +0.3% |   -0.108 |       -1.0 |      -44.4 |    669 | fdct_zigzag.dct_mod.dct_block_7.dct_unit_3.macu.mult_res\[18\]$_DFFE_PP_/D
     710* |       0 |     259 |       61 |      0 |    40 |    +0.3% |   -0.108 |       -1.0 |      -44.9 |    669 | fdct_zigzag.dct_mod.dct_block_7.dct_unit_3.macu.mult_res\[18\]$_DFFE_PP_/D
     720* |       0 |     267 |       61 |      0 |    42 |    +0.3% |   -0.108 |       -1.0 |      -44.8 |    669 | fdct_zigzag.dct_mod.dct_block_7.dct_unit_3.macu.mult_res\[18\]$_DFFE_PP_/D
     730* |       0 |     275 |       62 |      0 |    43 |    +0.3% |   -0.108 |       -1.0 |      -44.9 |    669 | fdct_zigzag.dct_mod.dct_block_7.dct_unit_3.macu.mult_res\[18\]$_DFFE_PP_/D
     730* |       0 |     232 |       59 |      0 |    39 |    +0.2% |   -0.104 |       -1.0 |      -43.4 |    669 | fdct_zigzag.dct_mod.dct_block_4.dct_unit_4.macu.mult_res\[18\]$_DFFE_PP_/D
     740* |       0 |     238 |       60 |      0 |    41 |    +0.3% |   -0.105 |       -1.0 |      -43.3 |    669 | fdct_zigzag.dct_mod.dct_block_4.dct_unit_7.macu.mult_res\[15\]$_DFFE_PP_/D
     750* |       0 |     246 |       60 |      0 |    43 |    +0.3% |   -0.105 |       -1.0 |      -43.1 |    669 | fdct_zigzag.dct_mod.dct_block_4.dct_unit_7.macu.mult_res\[15\]$_DFFE_PP_/D
     760* |       0 |     252 |       62 |      0 |    45 |    +0.3% |   -0.105 |       -1.0 |      -43.1 |    669 | fdct_zigzag.dct_mod.dct_block_4.dct_unit_7.macu.mult_res\[15\]$_DFFE_PP_/D
     770* |       0 |     259 |       63 |      0 |    47 |    +0.3% |   -0.105 |       -1.0 |      -43.3 |    669 | fdct_zigzag.dct_mod.dct_block_4.dct_unit_7.macu.mult_res\[15\]$_DFFE_PP_/D
     780* |       0 |     264 |       63 |      2 |    50 |    +0.3% |   -0.109 |       -1.0 |      -43.7 |    669 | fdct_zigzag.dct_mod.dct_block_0.dct_unit_3.macu.mult_res\[16\]$_DFFE_PP_/D
     785* |       0 |     234 |       60 |      0 |    41 |    +0.2% |   -0.104 |       -1.0 |      -43.3 |    669 | fdct_zigzag.dct_mod.dct_block_4.dct_unit_4.macu.mult_res\[18\]$_DFFE_PP_/D
     790* |       0 |     237 |       60 |      0 |    42 |    +0.3% |   -0.104 |       -1.0 |      -43.3 |    669 | fdct_zigzag.dct_mod.dct_block_4.dct_unit_4.macu.mult_res\[18\]$_DFFE_PP_/D
     800* |       0 |     246 |       60 |      0 |    43 |    +0.3% |   -0.108 |       -1.0 |      -43.8 |    669 | fdct_zigzag.dct_mod.dct_block_4.dct_unit_4.macu.mult_res\[18\]$_DFFE_PP_/D
     810* |       0 |     255 |       61 |      0 |    43 |    +0.3% |   -0.108 |       -1.0 |      -43.6 |    669 | fdct_zigzag.dct_mod.dct_block_4.dct_unit_4.macu.mult_res\[18\]$_DFFE_PP_/D
     820* |       0 |     260 |       63 |      0 |    46 |    +0.3% |   -0.108 |       -1.0 |      -43.6 |    669 | fdct_zigzag.dct_mod.dct_block_4.dct_unit_4.macu.mult_res\[18\]$_DFFE_PP_/D
     830* |       0 |     267 |       63 |      0 |    49 |    +0.3% |   -0.111 |       -1.0 |      -44.1 |    669 | fdct_zigzag.dct_mod.dct_block_2.dct_unit_2.macu.mult_res\[16\]$_DFFE_PP_/D
     840* |       0 |     273 |       64 |      0 |    52 |    +0.3% |   -0.111 |       -1.0 |      -44.1 |    669 | fdct_zigzag.dct_mod.dct_block_2.dct_unit_2.macu.mult_res\[16\]$_DFFE_PP_/D
     846* |       0 |     242 |       60 |      0 |    43 |    +0.3% |   -0.104 |       -1.0 |      -43.2 |    669 | fdct_zigzag.dct_mod.dct_block_4.dct_unit_4.macu.mult_res\[18\]$_DFFE_PP_/D
     850* |       0 |     244 |       60 |      0 |    44 |    +0.3% |   -0.108 |       -1.0 |      -43.2 |    669 | fdct_zigzag.dct_mod.dct_block_4.dct_unit_3.macu.mult_res\[18\]$_DFFE_PP_/D
     860* |       0 |     249 |       60 |      0 |    49 |    +0.3% |   -0.107 |       -1.0 |      -43.4 |    669 | fdct_zigzag.dct_mod.dct_block_7.dct_unit_2.macu.mult_res\[17\]$_DFFE_PP_/D
     870* |       0 |     256 |       61 |      0 |    51 |    +0.3% |   -0.105 |       -1.0 |      -42.9 |    669 | fdct_zigzag.dct_mod.dct_block_7.dct_unit_2.macu.mult_res\[17\]$_DFFE_PP_/D
     880* |       0 |     263 |       62 |      0 |    53 |    +0.3% |   -0.105 |       -1.0 |      -42.9 |    669 | fdct_zigzag.dct_mod.dct_block_6.dct_unit_7.macu.mult_res\[17\]$_DFFE_PP_/D
     890* |       0 |     269 |       68 |      1 |    54 |    +0.3% |   -0.117 |       -1.0 |      -46.9 |    669 | fdct_zigzag.dct_mod.dct_block_7.dct_unit_3.macu.mult_res\[18\]$_DFFE_PP_/D
     897* |       0 |     242 |       60 |      0 |    43 |    +0.3% |   -0.104 |       -1.0 |      -43.2 |    669 | fdct_zigzag.dct_mod.dct_block_4.dct_unit_4.macu.mult_res\[18\]$_DFFE_PP_/D
     900* |       0 |     244 |       60 |      0 |    43 |    +0.3% |   -0.104 |       -1.0 |      -43.2 |    669 | fdct_zigzag.dct_mod.dct_block_4.dct_unit_4.macu.mult_res\[18\]$_DFFE_PP_/D
     910* |       0 |     254 |       60 |      0 |    43 |    +0.3% |   -0.108 |       -1.0 |      -43.9 |    669 | fdct_zigzag.dct_mod.dct_block_4.dct_unit_4.macu.mult_res\[18\]$_DFFE_PP_/D
     920* |       0 |     259 |       61 |      0 |    47 |    +0.3% |   -0.108 |       -1.0 |      -44.1 |    669 | fdct_zigzag.dct_mod.dct_block_4.dct_unit_4.macu.mult_res\[18\]$_DFFE_PP_/D
     930* |       0 |     268 |       62 |      0 |    47 |    +0.3% |   -0.108 |       -1.0 |      -44.0 |    669 | fdct_zigzag.dct_mod.dct_block_4.dct_unit_4.macu.mult_res\[18\]$_DFFE_PP_/D
     940* |       0 |     276 |       63 |      0 |    48 |    +0.3% |   -0.108 |       -1.0 |      -44.1 |    669 | fdct_zigzag.dct_mod.dct_block_4.dct_unit_4.macu.mult_res\[18\]$_DFFE_PP_/D
     950* |       0 |     281 |       66 |      0 |    50 |    +0.3% |   -0.108 |       -1.0 |      -44.3 |    669 | fdct_zigzag.dct_mod.dct_block_4.dct_unit_4.macu.mult_res\[18\]$_DFFE_PP_/D
     955* |       0 |     249 |       60 |      0 |    43 |    +0.3% |   -0.104 |       -1.0 |      -43.2 |    669 | fdct_zigzag.dct_mod.dct_block_4.dct_unit_4.macu.mult_res\[18\]$_DFFE_PP_/D
     960* |       0 |     252 |       61 |      0 |    43 |    +0.3% |   -0.104 |       -1.0 |      -43.2 |    669 | fdct_zigzag.dct_mod.dct_block_4.dct_unit_4.macu.mult_res\[18\]$_DFFE_PP_/D
     970* |       0 |     260 |       61 |      0 |    45 |    +0.3% |   -0.107 |       -1.0 |      -43.4 |    669 | fdct_zigzag.dct_mod.dct_block_4.dct_unit_5.macu.mult_res\[16\]$_DFFE_PP_/D
     980* |       0 |     269 |       61 |      0 |    46 |    +0.3% |   -0.108 |       -1.0 |      -43.8 |    669 | fdct_zigzag.dct_mod.dct_block_4.dct_unit_4.macu.mult_res\[18\]$_DFFE_PP_/D
     990* |       0 |     277 |       61 |      0 |    48 |    +0.3% |   -0.108 |       -1.0 |      -43.9 |    669 | fdct_zigzag.dct_mod.dct_block_4.dct_unit_4.macu.mult_res\[18\]$_DFFE_PP_/D
    1000* |       0 |     283 |       62 |      0 |    51 |    +0.3% |   -0.111 |       -1.0 |      -44.4 |    669 | fdct_zigzag.dct_mod.dct_block_2.dct_unit_2.macu.mult_res\[16\]$_DFFE_PP_/D
    1010* |       0 |     290 |       62 |      0 |    54 |    +0.3% |   -0.111 |       -1.0 |      -44.4 |    669 | fdct_zigzag.dct_mod.dct_block_2.dct_unit_2.macu.mult_res\[16\]$_DFFE_PP_/D
    1013* |       0 |     255 |       61 |      0 |    43 |    +0.3% |   -0.104 |       -1.0 |      -43.1 |    669 | fdct_zigzag.dct_mod.dct_block_4.dct_unit_4.macu.mult_res\[18\]$_DFFE_PP_/D
    1020* |       0 |     260 |       61 |      0 |    44 |    +0.3% |   -0.106 |       -1.0 |      -43.2 |    669 | fdct_zigzag.dct_mod.dct_block_4.dct_unit_4.macu.mult_res\[18\]$_DFFE_PP_/D
    1030* |       0 |     266 |       63 |      0 |    46 |    +0.3% |   -0.106 |       -1.0 |      -43.2 |    669 | fdct_zigzag.dct_mod.dct_block_4.dct_unit_4.macu.mult_res\[18\]$_DFFE_PP_/D
    1040* |       0 |     272 |       63 |      0 |    50 |    +0.3% |   -0.106 |       -1.0 |      -43.2 |    669 | fdct_zigzag.dct_mod.dct_block_4.dct_unit_4.macu.mult_res\[18\]$_DFFE_PP_/D
    1050* |       0 |     280 |       63 |      0 |    52 |    +0.3% |   -0.106 |       -1.0 |      -43.1 |    669 | fdct_zigzag.dct_mod.dct_block_4.dct_unit_4.macu.mult_res\[18\]$_DFFE_PP_/D
    1060* |       0 |     287 |       65 |      0 |    53 |    +0.3% |   -0.109 |       -1.0 |      -43.7 |    669 | fdct_zigzag.dct_mod.dct_block_0.dct_unit_1.macu.mult_res\[17\]$_DFFE_PP_/D
    1069* |       0 |     259 |       61 |      0 |    44 |    +0.3% |   -0.104 |       -1.0 |      -43.1 |    669 | fdct_zigzag.dct_mod.dct_block_4.dct_unit_4.macu.mult_res\[18\]$_DFFE_PP_/D
    1070* |       0 |     259 |       61 |      0 |    44 |    +0.3% |   -0.104 |       -1.0 |      -43.1 |    669 | fdct_zigzag.dct_mod.dct_block_4.dct_unit_4.macu.mult_res\[18\]$_DFFE_PP_/D
    1080* |       0 |     263 |       63 |      0 |    48 |    +0.3% |   -0.107 |       -1.0 |      -43.3 |    669 | fdct_zigzag.dct_mod.dct_block_7.dct_unit_2.macu.mult_res\[17\]$_DFFE_PP_/D
    1090* |       0 |     272 |       63 |      0 |    49 |    +0.3% |   -0.105 |       -1.0 |      -42.8 |    669 | fdct_zigzag.dct_mod.dct_block_7.dct_unit_2.macu.mult_res\[17\]$_DFFE_PP_/D
    1100* |       0 |     281 |       64 |      0 |    49 |    +0.3% |   -0.114 |       -1.0 |      -43.7 |    669 | fdct_zigzag.dct_mod.dct_block_7.dct_unit_2.macu.mult_res\[17\]$_DFFE_PP_/D
    1110* |       0 |     287 |       69 |      1 |    50 |    +0.3% |   -0.117 |       -1.0 |      -46.7 |    669 | fdct_zigzag.dct_mod.dct_block_7.dct_unit_3.macu.mult_res\[18\]$_DFFE_PP_/D
    1120* |       0 |     295 |       70 |      1 |    51 |    +0.3% |   -0.117 |       -1.0 |      -46.7 |    669 | fdct_zigzag.dct_mod.dct_block_7.dct_unit_3.macu.mult_res\[18\]$_DFFE_PP_/D
    1123* |       0 |     262 |       62 |      0 |    46 |    +0.3% |   -0.104 |       -1.0 |      -43.1 |    669 | fdct_zigzag.dct_mod.dct_block_4.dct_unit_4.macu.mult_res\[18\]$_DFFE_PP_/D
    1130* |       0 |     267 |       62 |      0 |    47 |    +0.3% |   -0.104 |       -1.0 |      -43.1 |    669 | fdct_zigzag.dct_mod.dct_block_4.dct_unit_4.macu.mult_res\[18\]$_DFFE_PP_/D
    1140* |       0 |     273 |       62 |      0 |    51 |    +0.3% |   -0.104 |       -1.0 |      -42.8 |    669 | fdct_zigzag.dct_mod.dct_block_4.dct_unit_4.macu.mult_res\[18\]$_DFFE_PP_/D
    1150* |       0 |     280 |       63 |      0 |    53 |    +0.3% |   -0.105 |       -1.0 |      -42.8 |    669 | fdct_zigzag.dct_mod.dct_block_4.dct_unit_7.macu.mult_res\[15\]$_DFFE_PP_/D
    1160* |       0 |     287 |       64 |      0 |    55 |    +0.3% |   -0.105 |       -1.0 |      -43.1 |    669 | fdct_zigzag.dct_mod.dct_block_4.dct_unit_7.macu.mult_res\[15\]$_DFFE_PP_/D
    1170* |       0 |     296 |       64 |      0 |    56 |    +0.3% |   -0.105 |       -1.0 |      -43.1 |    669 | fdct_zigzag.dct_mod.dct_block_4.dct_unit_7.macu.mult_res\[15\]$_DFFE_PP_/D
    1180* |       0 |     302 |       65 |      0 |    59 |    +0.3% |   -0.105 |       -1.0 |      -43.1 |    669 | fdct_zigzag.dct_mod.dct_block_4.dct_unit_7.macu.mult_res\[15\]$_DFFE_PP_/D
    1189* |       0 |     273 |       62 |      0 |    50 |    +0.3% |   -0.104 |       -1.0 |      -42.8 |    669 | fdct_zigzag.dct_mod.dct_block_4.dct_unit_4.macu.mult_res\[18\]$_DFFE_PP_/D
    1190* |       0 |     273 |       62 |      0 |    50 |    +0.3% |   -0.104 |       -1.0 |      -42.8 |    669 | fdct_zigzag.dct_mod.dct_block_4.dct_unit_4.macu.mult_res\[18\]$_DFFE_PP_/D
    1200* |       0 |     281 |       63 |      0 |    51 |    +0.3% |   -0.104 |       -1.0 |      -42.8 |    669 | fdct_zigzag.dct_mod.dct_block_2.dct_unit_2.macu.mult_res\[16\]$_DFFE_PP_/D
    1210* |       0 |     288 |       65 |      0 |    52 |    +0.3% |   -0.106 |       -1.0 |      -42.9 |    669 | fdct_zigzag.dct_mod.dct_block_4.dct_unit_4.macu.mult_res\[18\]$_DFFE_PP_/D
    1220* |       0 |     295 |       67 |      0 |    53 |    +0.3% |   -0.106 |       -1.0 |      -42.9 |    669 | fdct_zigzag.dct_mod.dct_block_4.dct_unit_4.macu.mult_res\[18\]$_DFFE_PP_/D
    1230* |       0 |     303 |       69 |      0 |    53 |    +0.3% |   -0.107 |       -1.0 |      -43.8 |    669 | fdct_zigzag.dct_mod.dct_block_2.dct_unit_2.macu.mult_res\[16\]$_DFFE_PP_/D
    1240* |       1 |     307 |       72 |      0 |    55 |    +0.3% |   -0.106 |       -1.0 |      -44.0 |    669 | fdct_zigzag.dct_mod.dct_block_2.dct_unit_2.macu.mult_res\[16\]$_DFFE_PP_/D
    1240* |       0 |     273 |       62 |      0 |    50 |    +0.3% |   -0.104 |       -1.0 |      -42.8 |    669 | fdct_zigzag.dct_mod.dct_block_4.dct_unit_4.macu.mult_res\[18\]$_DFFE_PP_/D
    1250* |       0 |     281 |       63 |      0 |    50 |    +0.3% |   -0.105 |       -1.0 |      -42.9 |    669 | fdct_zigzag.dct_mod.dct_block_2.dct_unit_2.macu.mult_res\[16\]$_DFFE_PP_/D
    1260* |       0 |     288 |       64 |      0 |    52 |    +0.3% |   -0.106 |       -1.0 |      -43.2 |    669 | fdct_zigzag.dct_mod.dct_block_2.dct_unit_2.macu.mult_res\[16\]$_DFFE_PP_/D
    1270* |       0 |     293 |       68 |      3 |    52 |    +0.3% |   -0.118 |       -1.0 |      -45.4 |    669 | fdct_zigzag.dct_mod.dct_block_5.dct_unit_7.macu.mult_res\[16\]$_DFFE_PP_/D
    1280* |       0 |     298 |       70 |      4 |    54 |    +0.4% |   -0.118 |       -1.0 |      -46.0 |    669 | fdct_zigzag.dct_mod.dct_block_5.dct_unit_7.macu.mult_res\[16\]$_DFFE_PP_/D
    1289* |       0 |     273 |       62 |      0 |    50 |    +0.3% |   -0.104 |       -1.0 |      -42.8 |    669 | fdct_zigzag.dct_mod.dct_block_4.dct_unit_4.macu.mult_res\[18\]$_DFFE_PP_/D
    1290* |       0 |     273 |       62 |      0 |    50 |    +0.3% |   -0.104 |       -1.0 |      -42.8 |    669 | fdct_zigzag.dct_mod.dct_block_4.dct_unit_4.macu.mult_res\[18\]$_DFFE_PP_/D
    1300* |       0 |     280 |       63 |      0 |    52 |    +0.3% |   -0.104 |       -1.0 |      -42.8 |    669 | fdct_zigzag.dct_mod.dct_block_4.dct_unit_4.macu.mult_res\[18\]$_DFFE_PP_/D
    1310* |       0 |     286 |       65 |      0 |    54 |    +0.3% |   -0.108 |       -1.0 |      -43.3 |    669 | fdct_zigzag.dct_mod.dct_block_4.dct_unit_4.macu.mult_res\[18\]$_DFFE_PP_/D
    1320* |       0 |     294 |       66 |      0 |    55 |    +0.3% |   -0.108 |       -1.0 |      -43.3 |    669 | fdct_zigzag.dct_mod.dct_block_4.dct_unit_4.macu.mult_res\[18\]$_DFFE_PP_/D
    1330* |       0 |     302 |       67 |      0 |    56 |    +0.3% |   -0.108 |       -1.0 |      -43.3 |    669 | fdct_zigzag.dct_mod.dct_block_4.dct_unit_4.macu.mult_res\[18\]$_DFFE_PP_/D
    1340* |       0 |     310 |       67 |      0 |    58 |    +0.3% |   -0.108 |       -1.0 |      -43.3 |    669 | fdct_zigzag.dct_mod.dct_block_4.dct_unit_4.macu.mult_res\[18\]$_DFFE_PP_/D
    1350* |       0 |     318 |       68 |      0 |    59 |    +0.3% |   -0.108 |       -1.0 |      -43.2 |    669 | fdct_zigzag.dct_mod.dct_block_4.dct_unit_4.macu.mult_res\[18\]$_DFFE_PP_/D
    1350* |       0 |     280 |       63 |      0 |    52 |    +0.3% |   -0.104 |       -1.0 |      -42.8 |    669 | fdct_zigzag.dct_mod.dct_block_4.dct_unit_4.macu.mult_res\[18\]$_DFFE_PP_/D
    1360* |       0 |     285 |       66 |      0 |    53 |    +0.3% |   -0.105 |       -1.0 |      -42.7 |    669 | fdct_zigzag.dct_mod.dct_block_2.dct_unit_2.macu.mult_res\[16\]$_DFFE_PP_/D
    1370* |       0 |     292 |       67 |      0 |    55 |    +0.3% |   -0.105 |       -1.0 |      -42.7 |    669 | fdct_zigzag.dct_mod.dct_block_6.dct_unit_6.macu.mult_res\[15\]$_DFFE_PP_/D
    1380* |       0 |     298 |       68 |      0 |    58 |    +0.3% |   -0.117 |       -1.0 |      -44.0 |    669 | fdct_zigzag.dct_mod.dct_block_0.dct_unit_2.macu.mult_res\[16\]$_DFFE_PP_/D
    1390* |       0 |     300 |       73 |      0 |    62 |    +0.3% |   -0.121 |       -1.0 |      -47.1 |    669 | fdct_zigzag.dct_mod.dct_block_6.dct_unit_7.macu.mult_res\[17\]$_DFFE_PP_/D
    1400* |       0 |     308 |       76 |      0 |    63 |    +0.3% |   -0.124 |       -1.0 |      -48.4 |    669 | fdct_zigzag.dct_mod.dct_block_0.dct_unit_2.macu.mult_res\[16\]$_DFFE_PP_/D
    1400* |       0 |     280 |       63 |      0 |    52 |    +0.3% |   -0.104 |       -1.0 |      -42.8 |    669 | fdct_zigzag.dct_mod.dct_block_4.dct_unit_4.macu.mult_res\[18\]$_DFFE_PP_/D
    1410* |       0 |     285 |       63 |      0 |    56 |    +0.3% |   -0.104 |       -1.0 |      -42.8 |    669 | fdct_zigzag.dct_mod.dct_block_4.dct_unit_4.macu.mult_res\[18\]$_DFFE_PP_/D
    1420* |       0 |     292 |       64 |      0 |    58 |    +0.3% |   -0.105 |       -1.0 |      -42.8 |    669 | fdct_zigzag.dct_mod.dct_block_4.dct_unit_7.macu.mult_res\[15\]$_DFFE_PP_/D
    1430* |       0 |     298 |       66 |      0 |    60 |    +0.3% |   -0.108 |       -1.0 |      -43.3 |    669 | fdct_zigzag.dct_mod.dct_block_4.dct_unit_4.macu.mult_res\[18\]$_DFFE_PP_/D
    1440* |       0 |     304 |       68 |      0 |    62 |    +0.3% |   -0.111 |       -1.0 |      -43.8 |    669 | fdct_zigzag.dct_mod.dct_block_2.dct_unit_2.macu.mult_res\[16\]$_DFFE_PP_/D
    1450* |       0 |     311 |       68 |      0 |    65 |    +0.3% |   -0.111 |       -1.0 |      -43.8 |    669 | fdct_zigzag.dct_mod.dct_block_2.dct_unit_2.macu.mult_res\[16\]$_DFFE_PP_/D
    1460* |       0 |     318 |       69 |      0 |    67 |    +0.3% |   -0.111 |       -1.0 |      -44.0 |    669 | fdct_zigzag.dct_mod.dct_block_2.dct_unit_2.macu.mult_res\[16\]$_DFFE_PP_/D
    1464* |       0 |     288 |       63 |      0 |    57 |    +0.3% |   -0.104 |       -1.0 |      -42.8 |    669 | fdct_zigzag.dct_mod.dct_block_4.dct_unit_4.macu.mult_res\[18\]$_DFFE_PP_/D
    1470* |       0 |     293 |       63 |      0 |    57 |    +0.3% |   -0.105 |       -1.0 |      -42.9 |    669 | fdct_zigzag.dct_mod.dct_block_2.dct_unit_2.macu.mult_res\[16\]$_DFFE_PP_/D
    1480* |       0 |     300 |       65 |      1 |    57 |    +0.3% |   -0.120 |       -1.0 |      -45.2 |    669 | fdct_zigzag.dct_mod.dct_block_7.dct_unit_7.macu.mult_res\[18\]$_DFFE_PP_/D
    1490* |       0 |     306 |       69 |      3 |    57 |    +0.3% |   -0.118 |       -1.0 |      -45.3 |    669 | fdct_zigzag.dct_mod.dct_block_5.dct_unit_7.macu.mult_res\[16\]$_DFFE_PP_/D
    1500* |       0 |     312 |       71 |      4 |    58 |    +0.4% |   -0.118 |       -1.0 |      -46.0 |    669 | fdct_zigzag.dct_mod.dct_block_5.dct_unit_7.macu.mult_res\[16\]$_DFFE_PP_/D
    1510* |       0 |     318 |       73 |      4 |    60 |    +0.4% |   -0.118 |       -1.0 |      -46.0 |    669 | fdct_zigzag.dct_mod.dct_block_5.dct_unit_7.macu.mult_res\[16\]$_DFFE_PP_/D
    1515* |       0 |     288 |       63 |      0 |    57 |    +0.3% |   -0.104 |       -1.0 |      -42.8 |    669 | fdct_zigzag.dct_mod.dct_block_4.dct_unit_4.macu.mult_res\[18\]$_DFFE_PP_/D
    1520* |       0 |     292 |       63 |      0 |    57 |    +0.3% |   -0.104 |       -1.0 |      -42.7 |    669 | fdct_zigzag.dct_mod.dct_block_4.dct_unit_4.macu.mult_res\[18\]$_DFFE_PP_/D
    1530* |       0 |     302 |       63 |      0 |    57 |    +0.3% |   -0.107 |       -1.0 |      -42.9 |    669 | fdct_zigzag.dct_mod.dct_block_4.dct_unit_5.macu.mult_res\[16\]$_DFFE_PP_/D
    1540* |       0 |     305 |       65 |      0 |    62 |    +0.3% |   -0.108 |       -1.0 |      -43.3 |    669 | fdct_zigzag.dct_mod.dct_block_4.dct_unit_4.macu.mult_res\[18\]$_DFFE_PP_/D
    1550* |       0 |     312 |       65 |      0 |    65 |    +0.3% |   -0.108 |       -1.0 |      -43.4 |    669 | fdct_zigzag.dct_mod.dct_block_4.dct_unit_4.macu.mult_res\[18\]$_DFFE_PP_/D
    1560* |       0 |     319 |       66 |      0 |    67 |    +0.3% |   -0.108 |       -1.0 |      -43.4 |    669 | fdct_zigzag.dct_mod.dct_block_4.dct_unit_4.macu.mult_res\[18\]$_DFFE_PP_/D
    1570* |       0 |     322 |       72 |      0 |    70 |    +0.3% |   -0.108 |       -1.0 |      -44.0 |    669 | fdct_zigzag.dct_mod.dct_block_4.dct_unit_4.macu.mult_res\[18\]$_DFFE_PP_/D
    1577* |       0 |     299 |       63 |      0 |    57 |    +0.3% |   -0.104 |       -1.0 |      -42.6 |    669 | fdct_zigzag.dct_mod.dct_block_4.dct_unit_4.macu.mult_res\[18\]$_DFFE_PP_/D
    1580* |       0 |     300 |       64 |      0 |    57 |    +0.3% |   -0.104 |       -1.0 |      -42.6 |    669 | fdct_zigzag.dct_mod.dct_block_4.dct_unit_4.macu.mult_res\[18\]$_DFFE_PP_/D
    1590* |       0 |     306 |       66 |      0 |    59 |    +0.3% |   -0.104 |       -1.0 |      -42.6 |    669 | fdct_zigzag.dct_mod.dct_block_4.dct_unit_4.macu.mult_res\[18\]$_DFFE_PP_/D
    1600* |       0 |     312 |       66 |      0 |    63 |    +0.3% |   -0.104 |       -1.0 |      -42.6 |    669 | fdct_zigzag.dct_mod.dct_block_4.dct_unit_4.macu.mult_res\[18\]$_DFFE_PP_/D
    1610* |       0 |     319 |       69 |      0 |    65 |    +0.3% |   -0.104 |       -1.0 |      -42.9 |    669 | fdct_zigzag.dct_mod.dct_block_4.dct_unit_4.macu.mult_res\[18\]$_DFFE_PP_/D
    1620* |       0 |     325 |       73 |      0 |    67 |    +0.3% |   -0.104 |       -1.0 |      -42.8 |    669 | fdct_zigzag.dct_mod.dct_block_4.dct_unit_4.macu.mult_res\[18\]$_DFFE_PP_/D
    1630* |       0 |     331 |       78 |      0 |    67 |    +0.4% |   -0.123 |       -1.0 |      -46.0 |    669 | fdct_zigzag.dct_mod.dct_block_5.dct_unit_0.macu.mult_res\[16\]$_DFFE_PP_/D
    1640* |       0 |     340 |       78 |      0 |    68 |    +0.4% |   -0.119 |       -1.0 |      -45.2 |    669 | fdct_zigzag.dct_mod.dct_block_7.dct_unit_7.macu.mult_res\[18\]$_DFFE_PP_/D
    1650* |       0 |     347 |       81 |      0 |    69 |    +0.4% |   -0.119 |       -1.0 |      -45.3 |    669 | fdct_zigzag.dct_mod.dct_block_7.dct_unit_7.macu.mult_res\[18\]$_DFFE_PP_/D
    1655* |       0 |     316 |       66 |      0 |    64 |    +0.3% |   -0.104 |       -1.0 |      -42.8 |    669 | fdct_zigzag.dct_mod.dct_block_4.dct_unit_4.macu.mult_res\[18\]$_DFFE_PP_/D
    1660* |       0 |     320 |       66 |      0 |    64 |    +0.3% |   -0.105 |       -1.0 |      -42.8 |    669 | fdct_zigzag.dct_mod.dct_block_4.dct_unit_7.macu.mult_res\[15\]$_DFFE_PP_/D
    1670* |       0 |     330 |       66 |      0 |    64 |    +0.3% |   -0.111 |       -1.0 |      -43.4 |    669 | fdct_zigzag.dct_mod.dct_block_2.dct_unit_2.macu.mult_res\[16\]$_DFFE_PP_/D
    1680* |       0 |     337 |       68 |      0 |    65 |    +0.3% |   -0.111 |       -1.0 |      -43.4 |    669 | fdct_zigzag.dct_mod.dct_block_2.dct_unit_2.macu.mult_res\[16\]$_DFFE_PP_/D
    1690* |       0 |     344 |       72 |      0 |    66 |    +0.4% |   -0.111 |       -1.0 |      -44.0 |    669 | fdct_zigzag.dct_mod.dct_block_2.dct_unit_2.macu.mult_res\[16\]$_DFFE_PP_/D
    1700* |       0 |     352 |       73 |      0 |    67 |    +0.4% |   -0.111 |       -1.0 |      -44.1 |    669 | fdct_zigzag.dct_mod.dct_block_2.dct_unit_2.macu.mult_res\[16\]$_DFFE_PP_/D
    1700* |       0 |     316 |       66 |      0 |    64 |    +0.3% |   -0.104 |       -1.0 |      -42.8 |    669 | fdct_zigzag.dct_mod.dct_block_4.dct_unit_4.macu.mult_res\[18\]$_DFFE_PP_/D
    1710* |       0 |     321 |       67 |      0 |    67 |    +0.3% |   -0.104 |       -1.0 |      -42.8 |    669 | fdct_zigzag.dct_mod.dct_block_4.dct_unit_4.macu.mult_res\[18\]$_DFFE_PP_/D
    1720* |       0 |     328 |       68 |      0 |    69 |    +0.3% |   -0.107 |       -1.0 |      -42.9 |    669 | fdct_zigzag.dct_mod.dct_block_2.dct_unit_2.macu.mult_res\[16\]$_DFFE_PP_/D
    1730* |       0 |     334 |       68 |      0 |    73 |    +0.3% |   -0.106 |       -1.0 |      -42.9 |    669 | fdct_zigzag.dct_mod.dct_block_4.dct_unit_7.macu.mult_res\[15\]$_DFFE_PP_/D
    1740* |       0 |     339 |       70 |      1 |    76 |    +0.4% |   -0.113 |       -1.0 |      -44.5 |    669 | fdct_zigzag.dct_mod.dct_block_2.dct_unit_2.macu.mult_res\[16\]$_DFFE_PP_/D
    1750* |       0 |     347 |       71 |      1 |    77 |    +0.4% |   -0.113 |       -1.0 |      -44.4 |    669 | fdct_zigzag.dct_mod.dct_block_2.dct_unit_2.macu.mult_res\[16\]$_DFFE_PP_/D
    1760* |       0 |     352 |       76 |      1 |    79 |    +0.4% |   -0.113 |       -1.0 |      -44.6 |    669 | fdct_zigzag.dct_mod.dct_block_2.dct_unit_2.macu.mult_res\[16\]$_DFFE_PP_/D
    1762* |       0 |     326 |       68 |      0 |    68 |    +0.3% |   -0.104 |       -1.0 |      -42.8 |    669 | fdct_zigzag.dct_mod.dct_block_4.dct_unit_4.macu.mult_res\[18\]$_DFFE_PP_/D
    1770* |       0 |     331 |       70 |      0 |    68 |    +0.3% |   -0.104 |       -1.0 |      -42.8 |    669 | fdct_zigzag.dct_mod.dct_block_4.dct_unit_4.macu.mult_res\[18\]$_DFFE_PP_/D
    1780* |       0 |     334 |       71 |      0 |    74 |    +0.3% |   -0.105 |       -1.0 |      -42.7 |    669 | fdct_zigzag.dct_mod.dct_block_2.dct_unit_2.macu.mult_res\[16\]$_DFFE_PP_/D
    1790* |       0 |     335 |       75 |      0 |    79 |    +0.3% |   -0.145 |       -1.0 |      -44.9 |    669 | fdct_zigzag.dct_mod.dct_block_0.dct_unit_6.macu.mult_res\[15\]$_DFFE_PP_/D
    1800* |       0 |     341 |       81 |      0 |    80 |    +0.4% |   -0.143 |       -1.0 |      -49.6 |    669 | fdct_zigzag.dct_mod.dct_block_6.dct_unit_6.macu.mult_res\[18\]$_DFFE_PP_/D
    1800* |       0 |     332 |       70 |      0 |    71 |    +0.3% |   -0.104 |       -1.0 |      -42.7 |    669 | fdct_zigzag.dct_mod.dct_block_4.dct_unit_4.macu.mult_res\[18\]$_DFFE_PP_/D
    1800* |       0 |     332 |       70 |      0 |    71 |    +0.3% |   -0.104 |       -1.0 |      -42.7 |    669 | fdct_zigzag.dct_mod.dct_block_4.dct_unit_4.macu.mult_res\[18\]$_DFFE_PP_/D
    1800+ |       0 |     332 |       70 |      0 |    71 |    +0.3% |   -0.104 |       -1.0 |      -42.7 |    656 | fdct_zigzag.dct_mod.dct_block_4.dct_unit_4.macu.mult_res\[18\]$_DFFE_PP_/D
    1801+ |       0 |     332 |       70 |      0 |    71 |    +0.3% |   -0.104 |       -1.0 |      -42.7 |    656 | fdct_zigzag.dct_mod.dct_block_4.dct_unit_4.macu.mult_res\[18\]$_DFFE_PP_/D
    1804+ |       0 |     334 |       70 |      0 |    71 |    +0.3% |   -0.104 |       -1.0 |      -42.6 |    656 | fdct_zigzag.dct_mod.dct_block_4.dct_unit_4.macu.mult_res\[18\]$_DFFE_PP_/D
    1806+ |       0 |     335 |       70 |      0 |    71 |    +0.3% |   -0.104 |       -1.0 |      -42.6 |    656 | fdct_zigzag.dct_mod.dct_block_4.dct_unit_4.macu.mult_res\[18\]$_DFFE_PP_/D
    1808+ |       0 |     336 |       70 |      0 |    71 |    +0.3% |   -0.104 |       -1.0 |      -42.6 |    656 | fdct_zigzag.dct_mod.dct_block_4.dct_unit_4.macu.mult_res\[18\]$_DFFE_PP_/D
    1809+ |       0 |     336 |       70 |      0 |    71 |    +0.3% |   -0.104 |       -1.0 |      -42.6 |    656 | fdct_zigzag.dct_mod.dct_block_4.dct_unit_4.macu.mult_res\[18\]$_DFFE_PP_/D
    1810+ |       0 |     336 |       70 |      0 |    71 |    +0.3% |   -0.104 |       -1.0 |      -42.6 |    656 | fdct_zigzag.dct_mod.dct_block_4.dct_unit_4.macu.mult_res\[18\]$_DFFE_PP_/D
    1810+ |       0 |     336 |       70 |      0 |    71 |    +0.3% |   -0.104 |       -1.0 |      -42.6 |    656 | fdct_zigzag.dct_mod.dct_block_4.dct_unit_4.macu.mult_res\[18\]$_DFFE_PP_/D
    1814+ |       0 |     339 |       70 |      0 |    71 |    +0.3% |   -0.104 |       -1.0 |      -42.5 |    656 | fdct_zigzag.dct_mod.dct_block_4.dct_unit_4.macu.mult_res\[18\]$_DFFE_PP_/D
    1817+ |       0 |     340 |       70 |      0 |    72 |    +0.3% |   -0.104 |       -1.0 |      -42.4 |    656 | fdct_zigzag.dct_mod.dct_block_4.dct_unit_4.macu.mult_res\[18\]$_DFFE_PP_/D
    1819+ |       0 |     341 |       70 |      0 |    72 |    +0.3% |   -0.104 |       -1.0 |      -42.4 |    656 | fdct_zigzag.dct_mod.dct_block_4.dct_unit_4.macu.mult_res\[18\]$_DFFE_PP_/D
    1820+ |       0 |     341 |       70 |      0 |    72 |    +0.3% |   -0.104 |       -1.0 |      -42.4 |    656 | fdct_zigzag.dct_mod.dct_block_4.dct_unit_4.macu.mult_res\[18\]$_DFFE_PP_/D
    1823+ |       0 |     344 |       70 |      0 |    72 |    +0.3% |   -0.104 |       -1.0 |      -42.3 |    656 | fdct_zigzag.dct_mod.dct_block_4.dct_unit_4.macu.mult_res\[18\]$_DFFE_PP_/D
    1824+ |       0 |     344 |       70 |      0 |    72 |    +0.3% |   -0.104 |       -1.0 |      -42.3 |    656 | fdct_zigzag.dct_mod.dct_block_4.dct_unit_4.macu.mult_res\[18\]$_DFFE_PP_/D
    1825+ |       0 |     344 |       70 |      0 |    72 |    +0.3% |   -0.104 |       -1.0 |      -42.3 |    656 | fdct_zigzag.dct_mod.dct_block_4.dct_unit_4.macu.mult_res\[18\]$_DFFE_PP_/D
    1829+ |       0 |     347 |       70 |      0 |    72 |    +0.3% |   -0.104 |       -1.0 |      -42.3 |    656 | fdct_zigzag.dct_mod.dct_block_4.dct_unit_4.macu.mult_res\[18\]$_DFFE_PP_/D
    1830+ |       0 |     347 |       70 |      0 |    72 |    +0.3% |   -0.104 |       -1.0 |      -42.3 |    656 | fdct_zigzag.dct_mod.dct_block_4.dct_unit_4.macu.mult_res\[18\]$_DFFE_PP_/D
    1833+ |       0 |     350 |       70 |      0 |    72 |    +0.3% |   -0.104 |       -1.0 |      -42.2 |    656 | fdct_zigzag.dct_mod.dct_block_4.dct_unit_4.macu.mult_res\[18\]$_DFFE_PP_/D
    1836+ |       0 |     351 |       70 |      0 |    73 |    +0.3% |   -0.104 |       -1.0 |      -42.2 |    656 | fdct_zigzag.dct_mod.dct_block_4.dct_unit_4.macu.mult_res\[18\]$_DFFE_PP_/D
    1838+ |       0 |     352 |       70 |      0 |    73 |    +0.3% |   -0.104 |       -1.0 |      -42.1 |    656 | fdct_zigzag.dct_mod.dct_block_4.dct_unit_4.macu.mult_res\[18\]$_DFFE_PP_/D
    1839+ |       0 |     352 |       70 |      0 |    73 |    +0.3% |   -0.104 |       -1.0 |      -42.1 |    656 | fdct_zigzag.dct_mod.dct_block_4.dct_unit_4.macu.mult_res\[18\]$_DFFE_PP_/D
    1840+ |       0 |     352 |       70 |      0 |    73 |    +0.3% |   -0.104 |       -1.0 |      -42.1 |    656 | fdct_zigzag.dct_mod.dct_block_4.dct_unit_4.macu.mult_res\[18\]$_DFFE_PP_/D
    1843+ |       0 |     355 |       70 |      0 |    73 |    +0.4% |   -0.104 |       -1.0 |      -42.1 |    656 | fdct_zigzag.dct_mod.dct_block_4.dct_unit_4.macu.mult_res\[18\]$_DFFE_PP_/D
    1846+ |       0 |     357 |       70 |      0 |    73 |    +0.4% |   -0.104 |       -1.0 |      -42.0 |    656 | fdct_zigzag.dct_mod.dct_block_4.dct_unit_4.macu.mult_res\[18\]$_DFFE_PP_/D
    1850+ |       0 |     360 |       70 |      0 |    73 |    +0.4% |   -0.104 |       -1.0 |      -42.0 |    656 | fdct_zigzag.dct_mod.dct_block_4.dct_unit_4.macu.mult_res\[18\]$_DFFE_PP_/D
    1850+ |       0 |     360 |       70 |      0 |    73 |    +0.4% |   -0.104 |       -1.0 |      -42.0 |    656 | fdct_zigzag.dct_mod.dct_block_4.dct_unit_4.macu.mult_res\[18\]$_DFFE_PP_/D
    1852+ |       0 |     361 |       70 |      0 |    73 |    +0.4% |   -0.104 |       -1.0 |      -42.0 |    656 | fdct_zigzag.dct_mod.dct_block_4.dct_unit_4.macu.mult_res\[18\]$_DFFE_PP_/D
    1854+ |       0 |     362 |       70 |      0 |    73 |    +0.4% |   -0.104 |       -1.0 |      -41.9 |    656 | fdct_zigzag.dct_mod.dct_block_4.dct_unit_4.macu.mult_res\[18\]$_DFFE_PP_/D
    1855+ |       0 |     362 |       70 |      0 |    73 |    +0.4% |   -0.104 |       -1.0 |      -41.9 |    656 | fdct_zigzag.dct_mod.dct_block_4.dct_unit_4.macu.mult_res\[18\]$_DFFE_PP_/D
    1856+ |       0 |     362 |       70 |      0 |    73 |    +0.4% |   -0.104 |       -1.0 |      -41.9 |    656 | fdct_zigzag.dct_mod.dct_block_4.dct_unit_4.macu.mult_res\[18\]$_DFFE_PP_/D
    1860+ |       0 |     365 |       70 |      0 |    73 |    +0.4% |   -0.104 |       -1.0 |      -41.9 |    656 | fdct_zigzag.dct_mod.dct_block_4.dct_unit_4.macu.mult_res\[18\]$_DFFE_PP_/D
    1860+ |       0 |     365 |       70 |      0 |    73 |    +0.4% |   -0.104 |       -1.0 |      -41.9 |    656 | fdct_zigzag.dct_mod.dct_block_4.dct_unit_4.macu.mult_res\[18\]$_DFFE_PP_/D
    1865+ |       0 |     369 |       70 |      0 |    73 |    +0.4% |   -0.104 |       -0.9 |      -41.8 |    656 | fdct_zigzag.dct_mod.dct_block_4.dct_unit_4.macu.mult_res\[18\]$_DFFE_PP_/D
    1866+ |       0 |     369 |       70 |      0 |    73 |    +0.4% |   -0.104 |       -0.9 |      -41.8 |    656 | fdct_zigzag.dct_mod.dct_block_4.dct_unit_4.macu.mult_res\[18\]$_DFFE_PP_/D
    1869+ |       0 |     371 |       70 |      0 |    73 |    +0.4% |   -0.104 |       -0.9 |      -41.7 |    656 | fdct_zigzag.dct_mod.dct_block_4.dct_unit_4.macu.mult_res\[18\]$_DFFE_PP_/D
    1870+ |       0 |     371 |       70 |      0 |    73 |    +0.4% |   -0.104 |       -0.9 |      -41.7 |    656 | fdct_zigzag.dct_mod.dct_block_4.dct_unit_4.macu.mult_res\[18\]$_DFFE_PP_/D
    1870+ |       0 |     371 |       70 |      0 |    73 |    +0.4% |   -0.104 |       -0.9 |      -41.7 |    656 | fdct_zigzag.dct_mod.dct_block_4.dct_unit_4.macu.mult_res\[18\]$_DFFE_PP_/D
    1878+ |       0 |     378 |       70 |      0 |    73 |    +0.4% |   -0.104 |       -0.9 |      -41.6 |    656 | fdct_zigzag.dct_mod.dct_block_4.dct_unit_4.macu.mult_res\[18\]$_DFFE_PP_/D
    1879+ |       0 |     378 |       70 |      0 |    73 |    +0.4% |   -0.104 |       -0.9 |      -41.6 |    656 | fdct_zigzag.dct_mod.dct_block_4.dct_unit_4.macu.mult_res\[18\]$_DFFE_PP_/D
    1880+ |       0 |     378 |       70 |      0 |    73 |    +0.4% |   -0.104 |       -0.9 |      -41.6 |    656 | fdct_zigzag.dct_mod.dct_block_4.dct_unit_4.macu.mult_res\[18\]$_DFFE_PP_/D
    1883+ |       0 |     380 |       70 |      0 |    74 |    +0.4% |   -0.104 |       -0.9 |      -41.6 |    656 | fdct_zigzag.dct_mod.dct_block_4.dct_unit_4.macu.mult_res\[18\]$_DFFE_PP_/D
    1885+ |       0 |     381 |       70 |      0 |    74 |    +0.4% |   -0.104 |       -0.9 |      -41.5 |    656 | fdct_zigzag.dct_mod.dct_block_4.dct_unit_4.macu.mult_res\[18\]$_DFFE_PP_/D
    1890+ |       0 |     384 |       70 |      0 |    75 |    +0.4% |   -0.104 |       -0.9 |      -41.5 |    656 | fdct_zigzag.dct_mod.dct_block_4.dct_unit_4.macu.mult_res\[18\]$_DFFE_PP_/D
    1890+ |       0 |     384 |       70 |      0 |    75 |    +0.4% |   -0.104 |       -0.9 |      -41.5 |    656 | fdct_zigzag.dct_mod.dct_block_4.dct_unit_4.macu.mult_res\[18\]$_DFFE_PP_/D
    1893+ |       0 |     386 |       70 |      0 |    75 |    +0.4% |   -0.104 |       -0.9 |      -41.4 |    656 | fdct_zigzag.dct_mod.dct_block_4.dct_unit_4.macu.mult_res\[18\]$_DFFE_PP_/D
    1897+ |       0 |     389 |       70 |      0 |    75 |    +0.4% |   -0.104 |       -0.9 |      -41.3 |    656 | fdct_zigzag.dct_mod.dct_block_4.dct_unit_4.macu.mult_res\[18\]$_DFFE_PP_/D
    1900+ |       0 |     391 |       70 |      0 |    75 |    +0.4% |   -0.104 |       -0.9 |      -41.3 |    656 | fdct_zigzag.dct_mod.dct_block_4.dct_unit_4.macu.mult_res\[18\]$_DFFE_PP_/D
    1901+ |       0 |     391 |       70 |      0 |    75 |    +0.4% |   -0.104 |       -0.9 |      -41.3 |    656 | fdct_zigzag.dct_mod.dct_block_4.dct_unit_4.macu.mult_res\[18\]$_DFFE_PP_/D
    1902+ |       0 |     391 |       70 |      0 |    75 |    +0.4% |   -0.104 |       -0.9 |      -41.3 |    656 | fdct_zigzag.dct_mod.dct_block_4.dct_unit_4.macu.mult_res\[18\]$_DFFE_PP_/D
    1907+ |       0 |     394 |       70 |      0 |    76 |    +0.4% |   -0.104 |       -0.9 |      -41.2 |    656 | fdct_zigzag.dct_mod.dct_block_4.dct_unit_4.macu.mult_res\[18\]$_DFFE_PP_/D
    1908+ |       0 |     394 |       70 |      0 |    76 |    +0.4% |   -0.104 |       -0.9 |      -41.2 |    656 | fdct_zigzag.dct_mod.dct_block_4.dct_unit_4.macu.mult_res\[18\]$_DFFE_PP_/D
    1910+ |       0 |     395 |       70 |      0 |    76 |    +0.4% |   -0.104 |       -0.9 |      -41.2 |    656 | fdct_zigzag.dct_mod.dct_block_4.dct_unit_4.macu.mult_res\[18\]$_DFFE_PP_/D
    1910+ |       0 |     395 |       70 |      0 |    76 |    +0.4% |   -0.104 |       -0.9 |      -41.2 |    656 | fdct_zigzag.dct_mod.dct_block_4.dct_unit_4.macu.mult_res\[18\]$_DFFE_PP_/D
    1911+ |       0 |     395 |       70 |      0 |    76 |    +0.4% |   -0.104 |       -0.9 |      -41.2 |    656 | fdct_zigzag.dct_mod.dct_block_4.dct_unit_4.macu.mult_res\[18\]$_DFFE_PP_/D
    1912+ |       0 |     395 |       70 |      0 |    76 |    +0.4% |   -0.104 |       -0.9 |      -41.2 |    656 | fdct_zigzag.dct_mod.dct_block_4.dct_unit_4.macu.mult_res\[18\]$_DFFE_PP_/D
    1914+ |       0 |     396 |       70 |      0 |    76 |    +0.4% |   -0.104 |       -0.9 |      -41.2 |    656 | fdct_zigzag.dct_mod.dct_block_4.dct_unit_4.macu.mult_res\[18\]$_DFFE_PP_/D
    1915+ |       0 |     396 |       70 |      0 |    76 |    +0.4% |   -0.104 |       -0.9 |      -41.2 |    656 | fdct_zigzag.dct_mod.dct_block_4.dct_unit_4.macu.mult_res\[18\]$_DFFE_PP_/D
    1916+ |       0 |     396 |       70 |      0 |    76 |    +0.4% |   -0.104 |       -0.9 |      -41.2 |    656 | fdct_zigzag.dct_mod.dct_block_4.dct_unit_4.macu.mult_res\[18\]$_DFFE_PP_/D
    1919+ |       0 |     397 |       70 |      0 |    77 |    +0.4% |   -0.104 |       -0.9 |      -41.2 |    656 | fdct_zigzag.dct_mod.dct_block_4.dct_unit_4.macu.mult_res\[18\]$_DFFE_PP_/D
    1920+ |       0 |     397 |       70 |      0 |    77 |    +0.4% |   -0.104 |       -0.9 |      -41.2 |    656 | fdct_zigzag.dct_mod.dct_block_4.dct_unit_4.macu.mult_res\[18\]$_DFFE_PP_/D
    1922+ |       0 |     399 |       70 |      0 |    77 |    +0.4% |   -0.104 |       -0.9 |      -41.1 |    656 | fdct_zigzag.dct_mod.dct_block_4.dct_unit_4.macu.mult_res\[18\]$_DFFE_PP_/D
    1924+ |       0 |     400 |       70 |      0 |    77 |    +0.4% |   -0.104 |       -0.9 |      -41.1 |    656 | fdct_zigzag.dct_mod.dct_block_4.dct_unit_4.macu.mult_res\[18\]$_DFFE_PP_/D
    1928+ |       0 |     402 |       70 |      0 |    78 |    +0.4% |   -0.104 |       -0.9 |      -41.0 |    656 | fdct_zigzag.dct_mod.dct_block_4.dct_unit_4.macu.mult_res\[18\]$_DFFE_PP_/D
    1930+ |       0 |     403 |       70 |      0 |    78 |    +0.4% |   -0.104 |       -0.9 |      -40.9 |    656 | fdct_zigzag.dct_mod.dct_block_4.dct_unit_4.macu.mult_res\[18\]$_DFFE_PP_/D
    1930+ |       0 |     403 |       70 |      0 |    78 |    +0.4% |   -0.104 |       -0.9 |      -40.9 |    656 | fdct_zigzag.dct_mod.dct_block_4.dct_unit_4.macu.mult_res\[18\]$_DFFE_PP_/D
    1932+ |       0 |     404 |       70 |      0 |    78 |    +0.4% |   -0.104 |       -0.9 |      -40.9 |    656 | fdct_zigzag.dct_mod.dct_block_4.dct_unit_4.macu.mult_res\[18\]$_DFFE_PP_/D
    1933+ |       0 |     404 |       70 |      0 |    78 |    +0.4% |   -0.104 |       -0.9 |      -40.9 |    656 | fdct_zigzag.dct_mod.dct_block_4.dct_unit_4.macu.mult_res\[18\]$_DFFE_PP_/D
    1934+ |       0 |     404 |       70 |      0 |    78 |    +0.4% |   -0.104 |       -0.9 |      -40.9 |    656 | fdct_zigzag.dct_mod.dct_block_4.dct_unit_4.macu.mult_res\[18\]$_DFFE_PP_/D
    1937+ |       0 |     406 |       70 |      0 |    78 |    +0.4% |   -0.104 |       -0.9 |      -40.9 |    656 | fdct_zigzag.dct_mod.dct_block_4.dct_unit_4.macu.mult_res\[18\]$_DFFE_PP_/D
    1939+ |       0 |     407 |       70 |      0 |    78 |    +0.4% |   -0.104 |       -0.9 |      -40.8 |    656 | fdct_zigzag.dct_mod.dct_block_4.dct_unit_4.macu.mult_res\[18\]$_DFFE_PP_/D
    1940+ |       0 |     407 |       70 |      0 |    78 |    +0.4% |   -0.104 |       -0.9 |      -40.8 |    656 | fdct_zigzag.dct_mod.dct_block_4.dct_unit_4.macu.mult_res\[18\]$_DFFE_PP_/D
    1941+ |       0 |     408 |       70 |      0 |    78 |    +0.4% |   -0.104 |       -0.9 |      -40.8 |    656 | fdct_zigzag.dct_mod.dct_block_4.dct_unit_4.macu.mult_res\[18\]$_DFFE_PP_/D
    1944+ |       0 |     410 |       70 |      0 |    78 |    +0.4% |   -0.104 |       -0.9 |      -40.8 |    656 | fdct_zigzag.dct_mod.dct_block_4.dct_unit_4.macu.mult_res\[18\]$_DFFE_PP_/D
    1945+ |       0 |     410 |       70 |      0 |    78 |    +0.4% |   -0.104 |       -0.9 |      -40.8 |    656 | fdct_zigzag.dct_mod.dct_block_4.dct_unit_4.macu.mult_res\[18\]$_DFFE_PP_/D
    1946+ |       0 |     410 |       70 |      0 |    78 |    +0.4% |   -0.104 |       -0.9 |      -40.8 |    656 | fdct_zigzag.dct_mod.dct_block_4.dct_unit_4.macu.mult_res\[18\]$_DFFE_PP_/D
    1950+ |       0 |     413 |       70 |      0 |    78 |    +0.4% |   -0.104 |       -0.9 |      -40.7 |    656 | fdct_zigzag.dct_mod.dct_block_4.dct_unit_4.macu.mult_res\[18\]$_DFFE_PP_/D
    1952+ |       0 |     415 |       70 |      0 |    78 |    +0.4% |   -0.104 |       -0.9 |      -40.7 |    656 | fdct_zigzag.dct_mod.dct_block_4.dct_unit_4.macu.mult_res\[18\]$_DFFE_PP_/D
    1955+ |       0 |     417 |       70 |      0 |    78 |    +0.4% |   -0.104 |       -0.9 |      -40.7 |    656 | fdct_zigzag.dct_mod.dct_block_4.dct_unit_4.macu.mult_res\[18\]$_DFFE_PP_/D
    1956+ |       0 |     417 |       70 |      0 |    78 |    +0.4% |   -0.104 |       -0.9 |      -40.7 |    656 | fdct_zigzag.dct_mod.dct_block_4.dct_unit_4.macu.mult_res\[18\]$_DFFE_PP_/D
    1960+ |       0 |     419 |       70 |      0 |    79 |    +0.4% |   -0.104 |       -0.9 |      -40.6 |    656 | fdct_zigzag.dct_mod.dct_block_4.dct_unit_4.macu.mult_res\[18\]$_DFFE_PP_/D
    1960+ |       0 |     419 |       70 |      0 |    79 |    +0.4% |   -0.104 |       -0.9 |      -40.6 |    656 | fdct_zigzag.dct_mod.dct_block_4.dct_unit_4.macu.mult_res\[18\]$_DFFE_PP_/D
    1961+ |       0 |     419 |       70 |      0 |    79 |    +0.4% |   -0.104 |       -0.9 |      -40.6 |    656 | fdct_zigzag.dct_mod.dct_block_4.dct_unit_4.macu.mult_res\[18\]$_DFFE_PP_/D
    1962+ |       0 |     419 |       70 |      0 |    79 |    +0.4% |   -0.104 |       -0.9 |      -40.6 |    656 | fdct_zigzag.dct_mod.dct_block_4.dct_unit_4.macu.mult_res\[18\]$_DFFE_PP_/D
    1965+ |       0 |     421 |       70 |      0 |    79 |    +0.4% |   -0.104 |       -0.9 |      -40.6 |    656 | fdct_zigzag.dct_mod.dct_block_4.dct_unit_4.macu.mult_res\[18\]$_DFFE_PP_/D
    1967+ |       0 |     422 |       70 |      0 |    79 |    +0.4% |   -0.104 |       -0.9 |      -40.6 |    656 | fdct_zigzag.dct_mod.dct_block_4.dct_unit_4.macu.mult_res\[18\]$_DFFE_PP_/D
    1969+ |       0 |     423 |       70 |      0 |    79 |    +0.4% |   -0.104 |       -0.9 |      -40.6 |    656 | fdct_zigzag.dct_mod.dct_block_4.dct_unit_4.macu.mult_res\[18\]$_DFFE_PP_/D
    1970+ |       0 |     423 |       70 |      0 |    79 |    +0.4% |   -0.104 |       -0.9 |      -40.6 |    656 | fdct_zigzag.dct_mod.dct_block_4.dct_unit_4.macu.mult_res\[18\]$_DFFE_PP_/D
    1972+ |       0 |     425 |       70 |      0 |    79 |    +0.4% |   -0.104 |       -0.9 |      -40.6 |    656 | fdct_zigzag.dct_mod.dct_block_4.dct_unit_4.macu.mult_res\[18\]$_DFFE_PP_/D
    1974+ |       0 |     426 |       70 |      0 |    79 |    +0.4% |   -0.104 |       -0.9 |      -40.6 |    656 | fdct_zigzag.dct_mod.dct_block_4.dct_unit_4.macu.mult_res\[18\]$_DFFE_PP_/D
    1979+ |       0 |     430 |       70 |      0 |    79 |    +0.4% |   -0.104 |       -0.9 |      -40.5 |    656 | fdct_zigzag.dct_mod.dct_block_4.dct_unit_4.macu.mult_res\[18\]$_DFFE_PP_/D
    1980+ |       0 |     430 |       70 |      0 |    79 |    +0.4% |   -0.104 |       -0.9 |      -40.5 |    656 | fdct_zigzag.dct_mod.dct_block_4.dct_unit_4.macu.mult_res\[18\]$_DFFE_PP_/D
    1980+ |       0 |     430 |       70 |      0 |    79 |    +0.4% |   -0.104 |       -0.9 |      -40.5 |    656 | fdct_zigzag.dct_mod.dct_block_4.dct_unit_4.macu.mult_res\[18\]$_DFFE_PP_/D
    1982+ |       0 |     431 |       70 |      0 |    79 |    +0.4% |   -0.104 |       -0.9 |      -40.5 |    656 | fdct_zigzag.dct_mod.dct_block_4.dct_unit_4.macu.mult_res\[18\]$_DFFE_PP_/D
    1987+ |       0 |     435 |       70 |      0 |    79 |    +0.4% |   -0.104 |       -0.9 |      -40.5 |    656 | fdct_zigzag.dct_mod.dct_block_4.dct_unit_4.macu.mult_res\[18\]$_DFFE_PP_/D
    1990+ |       0 |     437 |       70 |      0 |    79 |    +0.4% |   -0.104 |       -0.9 |      -40.4 |    656 | fdct_zigzag.dct_mod.dct_block_4.dct_unit_4.macu.mult_res\[18\]$_DFFE_PP_/D
    1990+ |       0 |     437 |       70 |      0 |    79 |    +0.4% |   -0.104 |       -0.9 |      -40.4 |    656 | fdct_zigzag.dct_mod.dct_block_4.dct_unit_4.macu.mult_res\[18\]$_DFFE_PP_/D
    1991+ |       0 |     437 |       70 |      0 |    79 |    +0.4% |   -0.104 |       -0.9 |      -40.4 |    656 | fdct_zigzag.dct_mod.dct_block_4.dct_unit_4.macu.mult_res\[18\]$_DFFE_PP_/D
    1992+ |       0 |     437 |       70 |      0 |    79 |    +0.4% |   -0.104 |       -0.9 |      -40.4 |    656 | fdct_zigzag.dct_mod.dct_block_4.dct_unit_4.macu.mult_res\[18\]$_DFFE_PP_/D
    1997+ |       0 |     441 |       70 |      0 |    79 |    +0.4% |   -0.104 |       -0.9 |      -40.3 |    656 | fdct_zigzag.dct_mod.dct_block_4.dct_unit_4.macu.mult_res\[18\]$_DFFE_PP_/D
    1998+ |       0 |     441 |       70 |      0 |    79 |    +0.4% |   -0.104 |       -0.9 |      -40.3 |    656 | fdct_zigzag.dct_mod.dct_block_4.dct_unit_4.macu.mult_res\[18\]$_DFFE_PP_/D
    2000+ |       0 |     442 |       70 |      0 |    79 |    +0.4% |   -0.104 |       -0.9 |      -40.3 |    656 | fdct_zigzag.dct_mod.dct_block_4.dct_unit_4.macu.mult_res\[18\]$_DFFE_PP_/D
    final |       0 |     442 |       70 |      0 |    79 |    +0.4% |   -0.104 |       -0.9 |      -40.3 |    652 | fdct_zigzag.dct_mod.dct_block_4.dct_unit_4.macu.mult_res\[18\]$_DFFE_PP_/D
------------------------------------------------------------------------------------------------------------------------------
[INFO RSZ-0040] Inserted 70 buffers.
[INFO RSZ-0051] Resized 442 instances: 442 up, 0 up match, 0 down, 0 VT
[INFO RSZ-0043] Swapped pins on 79 instances.
[WARNING RSZ-0062] Unable to repair all setup violations.
[INFO RSZ-0046] Found 82 endpoints with hold violations.
Iteration | Resized | Buffers | Cloned Gates |   Area   |   WNS   |   TNS   | Endpoint
--------------------------------------------------------------------------------------
        0 |       0 |       0 |            0 |    +0.0% |  -0.265 | -10.753 | qnr.qnt_cnt[1]$_DFFE_PN0P_/RN
       10 |       2 |      11 |            0 |    +0.0% |  -0.052 |  -0.429 | qnr.divider.id[6]$_DFFE_PP_/D
       20 |       2 |      11 |            0 |    +0.0% |  -0.052 |  -0.429 | qnr.divider.id[6]$_DFFE_PP_/D
       30 |       2 |      11 |            0 |    +0.0% |  -0.052 |  -0.429 | qnr.divider.id[6]$_DFFE_PP_/D
       40 |       2 |      11 |            0 |    +0.0% |  -0.052 |  -0.429 | qnr.divider.id[6]$_DFFE_PP_/D
       50 |       2 |      11 |            0 |    +0.0% |  -0.052 |  -0.429 | qnr.divider.id[6]$_DFFE_PP_/D
       60 |       2 |      11 |            0 |    +0.0% |  -0.052 |  -0.429 | qnr.divider.id[6]$_DFFE_PP_/D
       70 |       2 |      17 |            0 |    +0.0% |  -0.042 |  -0.284 | qnr.divider.id[0]$_DFFE_PP_/D
       80 |       2 |      31 |            0 |    +0.0% |  -0.005 |  -0.007 | fdct_zigzag.dct_mod.go$_DFFE_PN0P_/D
    final |       2 |      32 |            0 |    +0.0% |   0.001 |   0.000 | fdct_zigzag.dct_mod.ddin[7]$_DFFE_PN0P_/D
--------------------------------------------------------------------------------------
[INFO RSZ-0032] Inserted 32 hold buffers.
Took 29 seconds: repair_timing -setup_margin 0 -hold_margin 0 -repair_tns 100 -verbose
Repair timing output passed lec test
detailed_placement
[INFO DPL-0006] Core area: 97934.02 um^2, Instances area: 91236.94 um^2, Utilization: 93.2%
[INFO DPL-0005] Diamond search max displacement: +/- 500 sites horizontally, +/- 100 rows vertically.
[INFO DPL-1101] Legalizing using diamond search.
Movements Summary
---------------------------------------
Total cells:                   59808
Diamond Move Success:          59808 (100.00%)
Diamond Move Failure:              0
Rip-up and replace Success:        0 (  0.00% of diamond failures)
Rip-up and replace Failure:        0
Total Placement Failures:          0
---------------------------------------
Placement Analysis
---------------------------------
total displacement      30688.4 u
average displacement        0.5 u
max displacement           45.5 u
original HPWL          550202.2 u
legalized HPWL         588515.0 u
delta HPWL                    7 %

Report metrics stage 4, cts final...

==========================================================================
cts final report_design_area
--------------------------------------------------------------------------
Design area 91237 um^2 93% utilization.
write_db /work/results/nangate45/jpeg/pipeline_88/4_1_cts.odb
write_sdc -no_timestamp /work/results/nangate45/jpeg/pipeline_88/4_cts.sdc
Elapsed time: 0:49.51[h:]min:sec. CPU time: user 140.07 sys 30.21 (343%). Peak memory: 574472KB.
Log                       Ext     Elapsed/s Peak Memory/MB sha1sum result [0:20)
4_1_cts                   .odb           49            561 7621e930ba7efd291ed3
cp /work/results/nangate45/jpeg/pipeline_88/4_1_cts.odb /work/results/nangate45/jpeg/pipeline_88/4_cts.odb
/OpenROAD-flow-scripts/flow/scripts/flow.sh 5_1_grt global_route
Running global_route.tcl, stage 5_1_grt
read_liberty /OpenROAD-flow-scripts/flow/platforms/nangate45/lib/NangateOpenCellLibrary_typical.lib
read_db /work/results/nangate45/jpeg/pipeline_88/4_cts.odb
read_sdc /work/results/nangate45/jpeg/pipeline_88/4_cts.sdc
source /OpenROAD-flow-scripts/flow/platforms/nangate45/setRC.tcl
pin_access
[INFO DRT-0149] Reading tech and libs.

Units:                2000
Number of layers:     21
Number of macros:     135
Number of vias:       33
Number of viarulegen: 19

[INFO DRT-0150] Reading design.

Design:                   jpeg_encoder
Die area:                 ( 0 0 ) ( 631940 631940 )
Number of track patterns: 20
Number of DEF vias:       0
Number of components:     60479
Number of terminals:      49
Number of snets:          2
Number of nets:           71543

[INFO DRT-0167] List of default vias:
  Layer via2
    default via: via2_5
  Layer via3
    default via: via3_2
  Layer via4
    default via: via4_0
  Layer via5
    default via: via5_0
  Layer via6
    default via: via6_0
  Layer via7
    default via: via7_0
  Layer via8
    default via: via8_0
  Layer via9
    default via: via9_0
[INFO DRT-0162] Library cell analysis.
[INFO DRT-0163] Instance analysis.
[INFO DRT-0164] Number of unique instances = 115.
[INFO DRT-0168] Init region query.
[INFO DRT-0024]   Complete active.
[INFO DRT-0024]   Complete Fr_VIA.
[INFO DRT-0024]   Complete metal1.
[INFO DRT-0024]   Complete via1.
[INFO DRT-0024]   Complete metal2.
[INFO DRT-0024]   Complete via2.
[INFO DRT-0024]   Complete metal3.
[INFO DRT-0024]   Complete via3.
[INFO DRT-0024]   Complete metal4.
[INFO DRT-0024]   Complete via4.
[INFO DRT-0024]   Complete metal5.
[INFO DRT-0024]   Complete via5.
[INFO DRT-0024]   Complete metal6.
[INFO DRT-0024]   Complete via6.
[INFO DRT-0024]   Complete metal7.
[INFO DRT-0024]   Complete via7.
[INFO DRT-0024]   Complete metal8.
[INFO DRT-0024]   Complete via8.
[INFO DRT-0024]   Complete metal9.
[INFO DRT-0024]   Complete via9.
[INFO DRT-0024]   Complete metal10.
[INFO DRT-0033] active shape region query size = 0.
[INFO DRT-0033] FR_VIA shape region query size = 0.
[INFO DRT-0033] metal1 shape region query size = 1007067.
[INFO DRT-0033] via1 shape region query size = 4032.
[INFO DRT-0033] metal2 shape region query size = 2688.
[INFO DRT-0033] via2 shape region query size = 4032.
[INFO DRT-0033] metal3 shape region query size = 2688.
[INFO DRT-0033] via3 shape region query size = 4032.
[INFO DRT-0033] metal4 shape region query size = 1482.
[INFO DRT-0033] via4 shape region query size = 1260.
[INFO DRT-0033] metal5 shape region query size = 296.
[INFO DRT-0033] via5 shape region query size = 1260.
[INFO DRT-0033] metal6 shape region query size = 255.
[INFO DRT-0033] via6 shape region query size = 504.
[INFO DRT-0033] metal7 shape region query size = 168.
[INFO DRT-0033] via7 shape region query size = 0.
[INFO DRT-0033] metal8 shape region query size = 0.
[INFO DRT-0033] via8 shape region query size = 0.
[INFO DRT-0033] metal9 shape region query size = 0.
[INFO DRT-0033] via9 shape region query size = 0.
[INFO DRT-0033] metal10 shape region query size = 0.
[INFO DRT-0165] Start pin access.
[INFO DRT-0078]   Complete 625 pins.
[INFO DRT-0079]   Complete 100 unique inst patterns.
[INFO DRT-0081]   Complete 115 unique inst patterns.
[INFO DRT-0082]   Complete 10000 groups.
[INFO DRT-0084]   Complete 10868 groups.
#scanned instances     = 60479
#unique  instances     = 115
#stdCellGenAp          = 3329
#stdCellValidPlanarAp  = 0
#stdCellValidViaAp     = 2383
#stdCellPinNoAp        = 0
#stdCellPinCnt         = 193971
#instTermValidViaApCnt = 0
#macroGenAp            = 0
#macroValidPlanarAp    = 0
#macroValidViaAp       = 0
#macroNoAp             = 0
[INFO DRT-0166] Complete pin access.
[INFO DRT-0267] cpu time = 00:08:57, elapsed time = 00:00:37, memory = 314.12 (MB), peak = 337.65 (MB)
Took 38 seconds: pin_access
global_route -congestion_report_file /work/reports/nangate45/jpeg/base/congestion.rpt -congestion_iterations 30 -congestion_report_iter_step 5 -verbose
[INFO GRT-0020] Min routing layer: metal2
[INFO GRT-0021] Max routing layer: metal10
[INFO GRT-0022] Global adjustment: 0%
[INFO GRT-0023] Grid origin: (0, 0)
[INFO GRT-0088] Layer metal1  Track-Pitch = 0.1400  line-2-Via Pitch: 0.1350
[INFO GRT-0088] Layer metal2  Track-Pitch = 0.1900  line-2-Via Pitch: 0.1400
[INFO GRT-0088] Layer metal3  Track-Pitch = 0.1400  line-2-Via Pitch: 0.1400
[INFO GRT-0088] Layer metal4  Track-Pitch = 0.2800  line-2-Via Pitch: 0.2800
[INFO GRT-0088] Layer metal5  Track-Pitch = 0.2800  line-2-Via Pitch: 0.2800
[INFO GRT-0088] Layer metal6  Track-Pitch = 0.2800  line-2-Via Pitch: 0.2800
[INFO GRT-0088] Layer metal7  Track-Pitch = 0.8000  line-2-Via Pitch: 0.8000
[INFO GRT-0088] Layer metal8  Track-Pitch = 0.8000  line-2-Via Pitch: 0.8000
[INFO GRT-0088] Layer metal9  Track-Pitch = 1.6000  line-2-Via Pitch: 1.6000
[INFO GRT-0088] Layer metal10 Track-Pitch = 1.6000  line-2-Via Pitch: 1.6000
[INFO GRT-0003] Macros: 0
[INFO GRT-0004] Blockages: 0
[INFO GRT-0019] Found 691 clock nets.
[INFO GRT-0001] Minimum degree: 2
[INFO GRT-0002] Maximum degree: 98

[INFO GRT-0053] Routing resources analysis:
          Routing      Original      Derated      Resource
Layer     Direction    Resources     Resources    Reduction (%)
---------------------------------------------------------------
metal1     Horizontal          0             0          0.00%
metal2     Vertical       177234         83276          53.01%
metal3     Horizontal     244730        120061          50.94%
metal4     Vertical       120118         85020          29.22%
metal5     Horizontal     122322         86271          29.47%
metal6     Vertical       122667         86584          29.42%
metal7     Horizontal      37496         26160          30.23%
metal8     Vertical        42946         30847          28.17%
metal9     Horizontal      21473         12099          43.65%
metal10    Vertical        21473         12099          43.65%
---------------------------------------------------------------

[INFO GRT-0101] Running extra iterations to remove congestion.
[INFO GRT-0102] Start extra iteration 1/30
[INFO GRT-0102] Start extra iteration 2/30
[INFO GRT-0102] Start extra iteration 3/30
[INFO GRT-0102] Start extra iteration 4/30
[INFO GRT-0102] Start extra iteration 5/30
[INFO GRT-0102] Start extra iteration 6/30
[INFO GRT-0102] Start extra iteration 7/30
[INFO GRT-0102] Start extra iteration 8/30
[INFO GRT-0102] Start extra iteration 9/30
[INFO GRT-0102] Start extra iteration 10/30
[INFO GRT-0102] Start extra iteration 11/30
[INFO GRT-0197] Via related to pin nodes: 334704
[INFO GRT-0198] Via related Steiner nodes: 3765
[INFO GRT-0199] Via filling finished.
[INFO GRT-0111] Final number of vias: 425100
[INFO GRT-0112] Final usage 3D: 1511450

[INFO GRT-0096] Final congestion report:
Layer         Resource        Demand        Usage (%)    Max H / Max V / Total Congestion
---------------------------------------------------------------------------------------
metal1               0             0            0.00%             0 /  0 /  0
metal2           83276         66295           79.61%             0 /  0 /  0
metal3          120061         80196           66.80%             0 /  0 /  0
metal4           85020         40729           47.91%             0 /  0 /  0
metal5           86271         26060           30.21%             0 /  0 /  0
metal6           86584         17203           19.87%             0 /  0 /  0
metal7           26160          2412            9.22%             0 /  0 /  0
metal8           30847          2130            6.91%             0 /  0 /  0
metal9           12099           621            5.13%             0 /  0 /  0
metal10          12099           504            4.17%             0 /  0 /  0
---------------------------------------------------------------------------------------
Total           542417        236150           43.54%             0 /  0 /  0

[INFO GRT-0018] Total wirelength: 1032834 um
[INFO GRT-0014] Routed nets: 67665
[INFO GRT-0303] Global routing runtime = 00:00:12
Took 13 seconds: global_route -congestion_report_file /work/reports/nangate45/jpeg/base/congestion.rpt -congestion_iterations 30 -congestion_report_iter_step 5 -verbose
estimate_parasitics -global_routing
Perform buffer insertion and gate resizing...
repair_design -verbose
Iteration |   Area    | Resized | Buffers | Nets repaired | Remaining
---------------------------------------------------------------------
        0 |     +0.0% |       0 |       0 |             0 |     72091
     1000 |     +0.0% |       0 |       0 |             0 |     71091
     2000 |     +0.0% |       0 |       1 |             1 |     70091
     3000 |     +0.0% |       0 |       1 |             1 |     69091
     4000 |     +0.0% |       0 |       1 |             1 |     68091
     5000 |     +0.0% |       0 |       1 |             1 |     67091
     6000 |     +0.0% |       0 |       1 |             1 |     66091
     7000 |     +0.0% |       0 |       1 |             1 |     65091
     8000 |     +0.0% |       0 |       1 |             1 |     64091
     9000 |     +0.0% |       0 |       1 |             1 |     63091
    10000 |     +0.0% |       0 |       1 |             1 |     62091
    11000 |     +0.0% |       0 |       1 |             1 |     61091
    12000 |     +0.0% |       0 |       1 |             1 |     60091
    13000 |     +0.0% |       0 |       1 |             1 |     59091
    14000 |     +0.0% |       0 |       1 |             1 |     58091
    15000 |     +0.0% |       0 |       1 |             1 |     57091
[WARNING RSZ-0104] Net _064017_ only has one pin. Check if it is intended to be dangling.
    16000 |     +0.0% |       0 |       1 |             1 |     56091
    17000 |     +0.0% |       0 |       1 |             1 |     55091
    18000 |     +0.0% |       0 |       1 |             1 |     54091
    19000 |     +0.0% |       0 |       1 |             1 |     53091
[WARNING RSZ-0104] Net _064008_ only has one pin. Check if it is intended to be dangling.
    20000 |     +0.0% |       0 |       1 |             1 |     52091
    21000 |     +0.0% |       0 |       1 |             1 |     51091
    22000 |     +0.0% |       0 |       1 |             1 |     50091
[WARNING RSZ-0104] Net _063996_ only has one pin. Check if it is intended to be dangling.
    23000 |     +0.0% |       0 |       1 |             1 |     49091
    24000 |     +0.0% |       0 |       1 |             1 |     48091
    25000 |     +0.0% |       0 |       1 |             1 |     47091
    26000 |     +0.0% |       0 |       1 |             1 |     46091
[WARNING RSZ-0104] Net _064033_ only has one pin. Check if it is intended to be dangling.
    27000 |     +0.0% |       0 |       1 |             1 |     45091
    28000 |     +0.0% |       0 |       1 |             1 |     44091
    29000 |     +0.0% |       0 |       1 |             1 |     43091
    30000 |     +0.0% |       0 |       1 |             1 |     42091
[WARNING RSZ-0104] Net _064077_ only has one pin. Check if it is intended to be dangling.
[WARNING RSZ-0104] Net _064057_ only has one pin. Check if it is intended to be dangling.
[WARNING RSZ-0104] Net _064053_ only has one pin. Check if it is intended to be dangling.
    31000 |     +0.0% |       0 |       1 |             1 |     41091
    32000 |     +0.0% |       0 |       1 |             1 |     40091
    33000 |     +0.0% |       0 |       1 |             1 |     39091
    34000 |     +0.0% |       0 |       1 |             1 |     38091
    35000 |     +0.0% |       0 |       1 |             1 |     37091
[WARNING RSZ-0104] Net _064076_ only has one pin. Check if it is intended to be dangling.
[WARNING RSZ-0104] Net _064056_ only has one pin. Check if it is intended to be dangling.
[WARNING RSZ-0104] Net _064052_ only has one pin. Check if it is intended to be dangling.
[WARNING RSZ-0104] Net _064034_ only has one pin. Check if it is intended to be dangling.
[WARNING RSZ-0104] Net _063760_ only has one pin. Check if it is intended to be dangling.
    36000 |     +0.0% |       0 |       1 |             1 |     36091
    37000 |     +0.0% |       0 |       1 |             1 |     35091
    38000 |     +0.0% |       0 |       1 |             1 |     34091
    39000 |     +0.0% |       0 |       1 |             1 |     33091
    40000 |     +0.0% |       0 |       1 |             1 |     32091
    41000 |     +0.0% |       0 |       1 |             1 |     31091
    42000 |     +0.0% |       0 |       1 |             1 |     30091
    43000 |     +0.0% |       0 |       1 |             1 |     29091
    44000 |     +0.0% |       0 |       1 |             1 |     28091
    45000 |     +0.0% |       0 |       1 |             1 |     27091
    46000 |     +0.0% |       1 |       3 |             3 |     26091
    47000 |     +0.0% |       1 |       3 |             3 |     25091
    48000 |     +0.0% |       1 |       3 |             3 |     24091
    49000 |     +0.0% |       1 |       3 |             3 |     23091
    50000 |     +0.0% |       1 |       3 |             3 |     22091
    51000 |     +0.0% |       1 |       3 |             3 |     21091
    52000 |     +0.0% |       1 |       3 |             3 |     20091
    53000 |     +0.0% |       1 |       3 |             3 |     19091
    54000 |     +0.0% |       1 |       3 |             3 |     18091
    55000 |     +0.0% |       1 |       4 |             4 |     17091
    56000 |     +0.0% |       1 |       4 |             4 |     16091
    57000 |     +0.0% |       1 |       4 |             4 |     15091
    58000 |     +0.0% |       1 |       5 |             5 |     14091
    59000 |     +0.0% |       1 |       5 |             5 |     13091
    60000 |     +0.0% |       1 |       5 |             5 |     12091
    61000 |     +0.0% |       1 |       5 |             5 |     11091
[WARNING RSZ-0104] Net _050108_ only has one pin. Check if it is intended to be dangling.
[WARNING RSZ-0104] Net _051320_ only has one pin. Check if it is intended to be dangling.
[WARNING RSZ-0104] Net _051319_ only has one pin. Check if it is intended to be dangling.
[WARNING RSZ-0104] Net _051318_ only has one pin. Check if it is intended to be dangling.
[WARNING RSZ-0104] Net _050120_ only has one pin. Check if it is intended to be dangling.
[WARNING RSZ-0104] Net _051446_ only has one pin. Check if it is intended to be dangling.
[WARNING RSZ-0104] Net _051445_ only has one pin. Check if it is intended to be dangling.
[WARNING RSZ-0104] Net _051444_ only has one pin. Check if it is intended to be dangling.
[WARNING RSZ-0104] Net _050109_ only has one pin. Check if it is intended to be dangling.
[WARNING RSZ-0104] Net _051323_ only has one pin. Check if it is intended to be dangling.
[WARNING RSZ-0104] Net _051322_ only has one pin. Check if it is intended to be dangling.
[WARNING RSZ-0104] Net _051321_ only has one pin. Check if it is intended to be dangling.
[WARNING RSZ-0104] Net _050116_ only has one pin. Check if it is intended to be dangling.
[WARNING RSZ-0104] Net _051404_ only has one pin. Check if it is intended to be dangling.
[WARNING RSZ-0104] Net _051403_ only has one pin. Check if it is intended to be dangling.
[WARNING RSZ-0104] Net _051402_ only has one pin. Check if it is intended to be dangling.
[WARNING RSZ-0104] Net _050115_ only has one pin. Check if it is intended to be dangling.
[WARNING RSZ-0104] Net _050119_ only has one pin. Check if it is intended to be dangling.
[WARNING RSZ-0104] Net _050535_ only has one pin. Check if it is intended to be dangling.
[WARNING RSZ-0104] Net _050534_ only has one pin. Check if it is intended to be dangling.
[WARNING RSZ-0104] Net _050533_ only has one pin. Check if it is intended to be dangling.
[WARNING RSZ-0104] Net _050532_ only has one pin. Check if it is intended to be dangling.
[WARNING RSZ-0104] Net _050531_ only has one pin. Check if it is intended to be dangling.
[WARNING RSZ-0104] Net _050530_ only has one pin. Check if it is intended to be dangling.
[WARNING RSZ-0104] Net _050529_ only has one pin. Check if it is intended to be dangling.
[WARNING RSZ-0104] Net _050528_ only has one pin. Check if it is intended to be dangling.
[WARNING RSZ-0104] Net _050527_ only has one pin. Check if it is intended to be dangling.
[WARNING RSZ-0104] Net _050044_ only has one pin. Check if it is intended to be dangling.
[WARNING RSZ-0104] Net _050526_ only has one pin. Check if it is intended to be dangling.
[WARNING RSZ-0104] Net _050552_ only has one pin. Check if it is intended to be dangling.
[WARNING RSZ-0104] Net _050551_ only has one pin. Check if it is intended to be dangling.
[WARNING RSZ-0104] Net _050550_ only has one pin. Check if it is intended to be dangling.
[WARNING RSZ-0104] Net _050549_ only has one pin. Check if it is intended to be dangling.
[WARNING RSZ-0104] Net _050548_ only has one pin. Check if it is intended to be dangling.
[WARNING RSZ-0104] Net _050547_ only has one pin. Check if it is intended to be dangling.
[WARNING RSZ-0104] Net _050546_ only has one pin. Check if it is intended to be dangling.
[WARNING RSZ-0104] Net _050545_ only has one pin. Check if it is intended to be dangling.
[WARNING RSZ-0104] Net _050544_ only has one pin. Check if it is intended to be dangling.
[WARNING RSZ-0104] Net _050046_ only has one pin. Check if it is intended to be dangling.
[WARNING RSZ-0104] Net _050543_ only has one pin. Check if it is intended to be dangling.
[WARNING RSZ-0104] Net _050081_ only has one pin. Check if it is intended to be dangling.
[WARNING RSZ-0104] Net _050924_ only has one pin. Check if it is intended to be dangling.
[WARNING RSZ-0104] Net _050923_ only has one pin. Check if it is intended to be dangling.
[WARNING RSZ-0104] Net _050922_ only has one pin. Check if it is intended to be dangling.
[WARNING RSZ-0104] Net _050062_ only has one pin. Check if it is intended to be dangling.
[WARNING RSZ-0104] Net _050646_ only has one pin. Check if it is intended to be dangling.
[WARNING RSZ-0104] Net _050645_ only has one pin. Check if it is intended to be dangling.
[WARNING RSZ-0104] Net _050644_ only has one pin. Check if it is intended to be dangling.
[WARNING RSZ-0104] Net _050086_ only has one pin. Check if it is intended to be dangling.
[WARNING RSZ-0104] Net _050969_ only has one pin. Check if it is intended to be dangling.
[WARNING RSZ-0104] Net _050968_ only has one pin. Check if it is intended to be dangling.
[WARNING RSZ-0104] Net _050967_ only has one pin. Check if it is intended to be dangling.
[WARNING RSZ-0104] Net _050205_ only has one pin. Check if it is intended to be dangling.
[WARNING RSZ-0104] Net _052904_ only has one pin. Check if it is intended to be dangling.
[WARNING RSZ-0104] Net _052903_ only has one pin. Check if it is intended to be dangling.
[WARNING RSZ-0104] Net _052902_ only has one pin. Check if it is intended to be dangling.
[WARNING RSZ-0104] Net _050200_ only has one pin. Check if it is intended to be dangling.
[WARNING RSZ-0104] Net _050061_ only has one pin. Check if it is intended to be dangling.
[WARNING RSZ-0104] Net _050112_ only has one pin. Check if it is intended to be dangling.
[WARNING RSZ-0104] Net _050568_ only has one pin. Check if it is intended to be dangling.
[WARNING RSZ-0104] Net _050567_ only has one pin. Check if it is intended to be dangling.
[WARNING RSZ-0104] Net _050566_ only has one pin. Check if it is intended to be dangling.
[WARNING RSZ-0104] Net _050565_ only has one pin. Check if it is intended to be dangling.
[WARNING RSZ-0104] Net _050564_ only has one pin. Check if it is intended to be dangling.
[WARNING RSZ-0104] Net _050563_ only has one pin. Check if it is intended to be dangling.
[WARNING RSZ-0104] Net _050562_ only has one pin. Check if it is intended to be dangling.
[WARNING RSZ-0104] Net _050561_ only has one pin. Check if it is intended to be dangling.
[WARNING RSZ-0104] Net _050560_ only has one pin. Check if it is intended to be dangling.
[WARNING RSZ-0104] Net _050048_ only has one pin. Check if it is intended to be dangling.
[WARNING RSZ-0104] Net _050559_ only has one pin. Check if it is intended to be dangling.
[WARNING RSZ-0104] Net _050583_ only has one pin. Check if it is intended to be dangling.
[WARNING RSZ-0104] Net _050582_ only has one pin. Check if it is intended to be dangling.
[WARNING RSZ-0104] Net _050581_ only has one pin. Check if it is intended to be dangling.
[WARNING RSZ-0104] Net _050580_ only has one pin. Check if it is intended to be dangling.
[WARNING RSZ-0104] Net _050579_ only has one pin. Check if it is intended to be dangling.
[WARNING RSZ-0104] Net _050578_ only has one pin. Check if it is intended to be dangling.
[WARNING RSZ-0104] Net _050577_ only has one pin. Check if it is intended to be dangling.
[WARNING RSZ-0104] Net _050576_ only has one pin. Check if it is intended to be dangling.
[WARNING RSZ-0104] Net _050575_ only has one pin. Check if it is intended to be dangling.
[WARNING RSZ-0104] Net _050050_ only has one pin. Check if it is intended to be dangling.
[WARNING RSZ-0104] Net _050574_ only has one pin. Check if it is intended to be dangling.
[WARNING RSZ-0104] Net _050095_ only has one pin. Check if it is intended to be dangling.
[WARNING RSZ-0104] Net _051092_ only has one pin. Check if it is intended to be dangling.
[WARNING RSZ-0104] Net _051091_ only has one pin. Check if it is intended to be dangling.
[WARNING RSZ-0104] Net _051090_ only has one pin. Check if it is intended to be dangling.
[WARNING RSZ-0104] Net _050079_ only has one pin. Check if it is intended to be dangling.
[WARNING RSZ-0104] Net _050921_ only has one pin. Check if it is intended to be dangling.
[WARNING RSZ-0104] Net _050920_ only has one pin. Check if it is intended to be dangling.
[WARNING RSZ-0104] Net _050919_ only has one pin. Check if it is intended to be dangling.
[WARNING RSZ-0104] Net _050092_ only has one pin. Check if it is intended to be dangling.
[WARNING RSZ-0104] Net _051050_ only has one pin. Check if it is intended to be dangling.
[WARNING RSZ-0104] Net _051049_ only has one pin. Check if it is intended to be dangling.
[WARNING RSZ-0104] Net _051048_ only has one pin. Check if it is intended to be dangling.
[WARNING RSZ-0104] Net _050082_ only has one pin. Check if it is intended to be dangling.
[WARNING RSZ-0104] Net _050927_ only has one pin. Check if it is intended to be dangling.
[WARNING RSZ-0104] Net _050926_ only has one pin. Check if it is intended to be dangling.
[WARNING RSZ-0104] Net _050925_ only has one pin. Check if it is intended to be dangling.
[WARNING RSZ-0104] Net _050085_ only has one pin. Check if it is intended to be dangling.
    62000 |     +0.0% |       1 |       5 |             5 |     10091
[WARNING RSZ-0104] Net _050080_ only has one pin. Check if it is intended to be dangling.
[WARNING RSZ-0104] Net _050091_ only has one pin. Check if it is intended to be dangling.
[WARNING RSZ-0104] Net _050597_ only has one pin. Check if it is intended to be dangling.
[WARNING RSZ-0104] Net _050596_ only has one pin. Check if it is intended to be dangling.
[WARNING RSZ-0104] Net _050595_ only has one pin. Check if it is intended to be dangling.
[WARNING RSZ-0104] Net _050594_ only has one pin. Check if it is intended to be dangling.
[WARNING RSZ-0104] Net _050593_ only has one pin. Check if it is intended to be dangling.
[WARNING RSZ-0104] Net _050592_ only has one pin. Check if it is intended to be dangling.
[WARNING RSZ-0104] Net _050591_ only has one pin. Check if it is intended to be dangling.
[WARNING RSZ-0104] Net _050590_ only has one pin. Check if it is intended to be dangling.
[WARNING RSZ-0104] Net _050589_ only has one pin. Check if it is intended to be dangling.
[WARNING RSZ-0104] Net _050052_ only has one pin. Check if it is intended to be dangling.
[WARNING RSZ-0104] Net _050588_ only has one pin. Check if it is intended to be dangling.
[WARNING RSZ-0104] Net _050610_ only has one pin. Check if it is intended to be dangling.
[WARNING RSZ-0104] Net _050609_ only has one pin. Check if it is intended to be dangling.
[WARNING RSZ-0104] Net _050608_ only has one pin. Check if it is intended to be dangling.
[WARNING RSZ-0104] Net _050607_ only has one pin. Check if it is intended to be dangling.
[WARNING RSZ-0104] Net _050606_ only has one pin. Check if it is intended to be dangling.
[WARNING RSZ-0104] Net _050605_ only has one pin. Check if it is intended to be dangling.
[WARNING RSZ-0104] Net _050604_ only has one pin. Check if it is intended to be dangling.
[WARNING RSZ-0104] Net _050603_ only has one pin. Check if it is intended to be dangling.
[WARNING RSZ-0104] Net _050602_ only has one pin. Check if it is intended to be dangling.
[WARNING RSZ-0104] Net _050054_ only has one pin. Check if it is intended to be dangling.
[WARNING RSZ-0104] Net _050601_ only has one pin. Check if it is intended to be dangling.
[WARNING RSZ-0104] Net _050195_ only has one pin. Check if it is intended to be dangling.
[WARNING RSZ-0104] Net _052745_ only has one pin. Check if it is intended to be dangling.
[WARNING RSZ-0104] Net _052744_ only has one pin. Check if it is intended to be dangling.
[WARNING RSZ-0104] Net _052743_ only has one pin. Check if it is intended to be dangling.
[WARNING RSZ-0104] Net _050143_ only has one pin. Check if it is intended to be dangling.
[WARNING RSZ-0104] Net _051859_ only has one pin. Check if it is intended to be dangling.
[WARNING RSZ-0104] Net _051858_ only has one pin. Check if it is intended to be dangling.
[WARNING RSZ-0104] Net _051857_ only has one pin. Check if it is intended to be dangling.
[WARNING RSZ-0104] Net _050192_ only has one pin. Check if it is intended to be dangling.
[WARNING RSZ-0104] Net _052703_ only has one pin. Check if it is intended to be dangling.
[WARNING RSZ-0104] Net _052702_ only has one pin. Check if it is intended to be dangling.
[WARNING RSZ-0104] Net _052701_ only has one pin. Check if it is intended to be dangling.
[WARNING RSZ-0104] Net _050147_ only has one pin. Check if it is intended to be dangling.
[WARNING RSZ-0104] Net _051901_ only has one pin. Check if it is intended to be dangling.
[WARNING RSZ-0104] Net _051900_ only has one pin. Check if it is intended to be dangling.
[WARNING RSZ-0104] Net _051899_ only has one pin. Check if it is intended to be dangling.
[WARNING RSZ-0104] Net _050150_ only has one pin. Check if it is intended to be dangling.
[WARNING RSZ-0104] Net _050144_ only has one pin. Check if it is intended to be dangling.
[WARNING RSZ-0104] Net _050191_ only has one pin. Check if it is intended to be dangling.
[WARNING RSZ-0104] Net _050622_ only has one pin. Check if it is intended to be dangling.
[WARNING RSZ-0104] Net _050621_ only has one pin. Check if it is intended to be dangling.
[WARNING RSZ-0104] Net _050620_ only has one pin. Check if it is intended to be dangling.
[WARNING RSZ-0104] Net _050619_ only has one pin. Check if it is intended to be dangling.
[WARNING RSZ-0104] Net _050618_ only has one pin. Check if it is intended to be dangling.
[WARNING RSZ-0104] Net _050617_ only has one pin. Check if it is intended to be dangling.
[WARNING RSZ-0104] Net _050616_ only has one pin. Check if it is intended to be dangling.
[WARNING RSZ-0104] Net _050615_ only has one pin. Check if it is intended to be dangling.
[WARNING RSZ-0104] Net _050614_ only has one pin. Check if it is intended to be dangling.
[WARNING RSZ-0104] Net _050056_ only has one pin. Check if it is intended to be dangling.
[WARNING RSZ-0104] Net _050613_ only has one pin. Check if it is intended to be dangling.
[WARNING RSZ-0104] Net _050633_ only has one pin. Check if it is intended to be dangling.
[WARNING RSZ-0104] Net _050632_ only has one pin. Check if it is intended to be dangling.
[WARNING RSZ-0104] Net _050631_ only has one pin. Check if it is intended to be dangling.
[WARNING RSZ-0104] Net _050630_ only has one pin. Check if it is intended to be dangling.
[WARNING RSZ-0104] Net _050629_ only has one pin. Check if it is intended to be dangling.
[WARNING RSZ-0104] Net _050628_ only has one pin. Check if it is intended to be dangling.
[WARNING RSZ-0104] Net _050627_ only has one pin. Check if it is intended to be dangling.
[WARNING RSZ-0104] Net _050626_ only has one pin. Check if it is intended to be dangling.
[WARNING RSZ-0104] Net _050625_ only has one pin. Check if it is intended to be dangling.
[WARNING RSZ-0104] Net _050058_ only has one pin. Check if it is intended to be dangling.
[WARNING RSZ-0104] Net _050624_ only has one pin. Check if it is intended to be dangling.
[WARNING RSZ-0104] Net _050228_ only has one pin. Check if it is intended to be dangling.
[WARNING RSZ-0104] Net _053197_ only has one pin. Check if it is intended to be dangling.
[WARNING RSZ-0104] Net _053196_ only has one pin. Check if it is intended to be dangling.
[WARNING RSZ-0104] Net _050224_ only has one pin. Check if it is intended to be dangling.
[WARNING RSZ-0104] Net _050221_ only has one pin. Check if it is intended to be dangling.
[WARNING RSZ-0104] Net _053147_ only has one pin. Check if it is intended to be dangling.
[WARNING RSZ-0104] Net _053146_ only has one pin. Check if it is intended to be dangling.
[WARNING RSZ-0104] Net _053145_ only has one pin. Check if it is intended to be dangling.
[WARNING RSZ-0104] Net _050232_ only has one pin. Check if it is intended to be dangling.
[WARNING RSZ-0104] Net _053201_ only has one pin. Check if it is intended to be dangling.
[WARNING RSZ-0104] Net _053200_ only has one pin. Check if it is intended to be dangling.
[WARNING RSZ-0104] Net _053199_ only has one pin. Check if it is intended to be dangling.
[WARNING RSZ-0104] Net _053198_ only has one pin. Check if it is intended to be dangling.
[WARNING RSZ-0104] Net _050225_ only has one pin. Check if it is intended to be dangling.
[WARNING RSZ-0104] Net _053189_ only has one pin. Check if it is intended to be dangling.
[WARNING RSZ-0104] Net _053188_ only has one pin. Check if it is intended to be dangling.
[WARNING RSZ-0104] Net _053187_ only has one pin. Check if it is intended to be dangling.
[WARNING RSZ-0104] Net _050230_ only has one pin. Check if it is intended to be dangling.
[WARNING RSZ-0104] Net _050060_ only has one pin. Check if it is intended to be dangling.
[WARNING RSZ-0104] Net _050643_ only has one pin. Check if it is intended to be dangling.
[WARNING RSZ-0104] Net _050642_ only has one pin. Check if it is intended to be dangling.
[WARNING RSZ-0104] Net _050641_ only has one pin. Check if it is intended to be dangling.
[WARNING RSZ-0104] Net _050640_ only has one pin. Check if it is intended to be dangling.
[WARNING RSZ-0104] Net _050639_ only has one pin. Check if it is intended to be dangling.
[WARNING RSZ-0104] Net _050638_ only has one pin. Check if it is intended to be dangling.
[WARNING RSZ-0104] Net _050637_ only has one pin. Check if it is intended to be dangling.
[WARNING RSZ-0104] Net _050636_ only has one pin. Check if it is intended to be dangling.
[WARNING RSZ-0104] Net _050220_ only has one pin. Check if it is intended to be dangling.
[WARNING RSZ-0104] Net _050635_ only has one pin. Check if it is intended to be dangling.
[WARNING RSZ-0104] Net _050040_ only has one pin. Check if it is intended to be dangling.
[WARNING RSZ-0104] Net _050186_ only has one pin. Check if it is intended to be dangling.
[WARNING RSZ-0104] Net _052622_ only has one pin. Check if it is intended to be dangling.
[WARNING RSZ-0104] Net _052621_ only has one pin. Check if it is intended to be dangling.
[WARNING RSZ-0104] Net _052620_ only has one pin. Check if it is intended to be dangling.
[WARNING RSZ-0104] Net _052619_ only has one pin. Check if it is intended to be dangling.
[WARNING RSZ-0104] Net _050672_ only has one pin. Check if it is intended to be dangling.
[WARNING RSZ-0104] Net _050671_ only has one pin. Check if it is intended to be dangling.
[WARNING RSZ-0104] Net _050670_ only has one pin. Check if it is intended to be dangling.
[WARNING RSZ-0104] Net _050669_ only has one pin. Check if it is intended to be dangling.
[WARNING RSZ-0104] Net _050668_ only has one pin. Check if it is intended to be dangling.
[WARNING RSZ-0104] Net _050667_ only has one pin. Check if it is intended to be dangling.
[WARNING RSZ-0104] Net _050666_ only has one pin. Check if it is intended to be dangling.
[WARNING RSZ-0104] Net _050665_ only has one pin. Check if it is intended to be dangling.
[WARNING RSZ-0104] Net _050664_ only has one pin. Check if it is intended to be dangling.
[WARNING RSZ-0104] Net _050064_ only has one pin. Check if it is intended to be dangling.
[WARNING RSZ-0104] Net _050675_ only has one pin. Check if it is intended to be dangling.
[WARNING RSZ-0104] Net _050674_ only has one pin. Check if it is intended to be dangling.
[WARNING RSZ-0104] Net _050673_ only has one pin. Check if it is intended to be dangling.
[WARNING RSZ-0104] Net _050663_ only has one pin. Check if it is intended to be dangling.
[WARNING RSZ-0104] Net _050685_ only has one pin. Check if it is intended to be dangling.
[WARNING RSZ-0104] Net _050684_ only has one pin. Check if it is intended to be dangling.
[WARNING RSZ-0104] Net _050683_ only has one pin. Check if it is intended to be dangling.
[WARNING RSZ-0104] Net _050682_ only has one pin. Check if it is intended to be dangling.
[WARNING RSZ-0104] Net _050681_ only has one pin. Check if it is intended to be dangling.
[WARNING RSZ-0104] Net _050680_ only has one pin. Check if it is intended to be dangling.
[WARNING RSZ-0104] Net _050679_ only has one pin. Check if it is intended to be dangling.
[WARNING RSZ-0104] Net _050678_ only has one pin. Check if it is intended to be dangling.
[WARNING RSZ-0104] Net _050677_ only has one pin. Check if it is intended to be dangling.
[WARNING RSZ-0104] Net _050066_ only has one pin. Check if it is intended to be dangling.
[WARNING RSZ-0104] Net _050065_ only has one pin. Check if it is intended to be dangling.
[WARNING RSZ-0104] Net _050686_ only has one pin. Check if it is intended to be dangling.
[WARNING RSZ-0104] Net _050676_ only has one pin. Check if it is intended to be dangling.
[WARNING RSZ-0104] Net _050656_ only has one pin. Check if it is intended to be dangling.
[WARNING RSZ-0104] Net _050655_ only has one pin. Check if it is intended to be dangling.
[WARNING RSZ-0104] Net _050654_ only has one pin. Check if it is intended to be dangling.
[WARNING RSZ-0104] Net _050653_ only has one pin. Check if it is intended to be dangling.
[WARNING RSZ-0104] Net _050652_ only has one pin. Check if it is intended to be dangling.
[WARNING RSZ-0104] Net _050651_ only has one pin. Check if it is intended to be dangling.
[WARNING RSZ-0104] Net _050650_ only has one pin. Check if it is intended to be dangling.
[WARNING RSZ-0104] Net _050649_ only has one pin. Check if it is intended to be dangling.
[WARNING RSZ-0104] Net _050648_ only has one pin. Check if it is intended to be dangling.
[WARNING RSZ-0104] Net _050662_ only has one pin. Check if it is intended to be dangling.
[WARNING RSZ-0104] Net _050661_ only has one pin. Check if it is intended to be dangling.
[WARNING RSZ-0104] Net _050660_ only has one pin. Check if it is intended to be dangling.
[WARNING RSZ-0104] Net _050659_ only has one pin. Check if it is intended to be dangling.
[WARNING RSZ-0104] Net _050658_ only has one pin. Check if it is intended to be dangling.
[WARNING RSZ-0104] Net _050657_ only has one pin. Check if it is intended to be dangling.
[WARNING RSZ-0104] Net _050063_ only has one pin. Check if it is intended to be dangling.
[WARNING RSZ-0104] Net _050647_ only has one pin. Check if it is intended to be dangling.
[WARNING RSZ-0104] Net _050634_ only has one pin. Check if it is intended to be dangling.
[WARNING RSZ-0104] Net _050328_ only has one pin. Check if it is intended to be dangling.
[WARNING RSZ-0104] Net _050342_ only has one pin. Check if it is intended to be dangling.
[WARNING RSZ-0104] Net _050341_ only has one pin. Check if it is intended to be dangling.
[WARNING RSZ-0104] Net _050340_ only has one pin. Check if it is intended to be dangling.
[WARNING RSZ-0104] Net _050339_ only has one pin. Check if it is intended to be dangling.
[WARNING RSZ-0104] Net _050338_ only has one pin. Check if it is intended to be dangling.
[WARNING RSZ-0104] Net _050337_ only has one pin. Check if it is intended to be dangling.
[WARNING RSZ-0104] Net _050336_ only has one pin. Check if it is intended to be dangling.
[WARNING RSZ-0104] Net _050335_ only has one pin. Check if it is intended to be dangling.
[WARNING RSZ-0104] Net _050334_ only has one pin. Check if it is intended to be dangling.
[WARNING RSZ-0104] Net _050333_ only has one pin. Check if it is intended to be dangling.
[WARNING RSZ-0104] Net _050332_ only has one pin. Check if it is intended to be dangling.
[WARNING RSZ-0104] Net _050331_ only has one pin. Check if it is intended to be dangling.
[WARNING RSZ-0104] Net _050330_ only has one pin. Check if it is intended to be dangling.
[WARNING RSZ-0104] Net _050329_ only has one pin. Check if it is intended to be dangling.
[WARNING RSZ-0104] Net _050344_ only has one pin. Check if it is intended to be dangling.
[WARNING RSZ-0104] Net _050343_ only has one pin. Check if it is intended to be dangling.
[WARNING RSZ-0104] Net _050358_ only has one pin. Check if it is intended to be dangling.
[WARNING RSZ-0104] Net _050357_ only has one pin. Check if it is intended to be dangling.
[WARNING RSZ-0104] Net _050356_ only has one pin. Check if it is intended to be dangling.
[WARNING RSZ-0104] Net _050355_ only has one pin. Check if it is intended to be dangling.
[WARNING RSZ-0104] Net _050354_ only has one pin. Check if it is intended to be dangling.
[WARNING RSZ-0104] Net _050353_ only has one pin. Check if it is intended to be dangling.
[WARNING RSZ-0104] Net _050352_ only has one pin. Check if it is intended to be dangling.
[WARNING RSZ-0104] Net _050351_ only has one pin. Check if it is intended to be dangling.
[WARNING RSZ-0104] Net _050350_ only has one pin. Check if it is intended to be dangling.
[WARNING RSZ-0104] Net _050349_ only has one pin. Check if it is intended to be dangling.
[WARNING RSZ-0104] Net _050348_ only has one pin. Check if it is intended to be dangling.
[WARNING RSZ-0104] Net _050347_ only has one pin. Check if it is intended to be dangling.
[WARNING RSZ-0104] Net _050346_ only has one pin. Check if it is intended to be dangling.
[WARNING RSZ-0104] Net _050345_ only has one pin. Check if it is intended to be dangling.
[WARNING RSZ-0104] Net _050361_ only has one pin. Check if it is intended to be dangling.
[WARNING RSZ-0104] Net _050360_ only has one pin. Check if it is intended to be dangling.
[WARNING RSZ-0104] Net _050359_ only has one pin. Check if it is intended to be dangling.
[WARNING RSZ-0104] Net _050375_ only has one pin. Check if it is intended to be dangling.
[WARNING RSZ-0104] Net _050374_ only has one pin. Check if it is intended to be dangling.
[WARNING RSZ-0104] Net _050373_ only has one pin. Check if it is intended to be dangling.
[WARNING RSZ-0104] Net _050372_ only has one pin. Check if it is intended to be dangling.
[WARNING RSZ-0104] Net _050371_ only has one pin. Check if it is intended to be dangling.
[WARNING RSZ-0104] Net _050370_ only has one pin. Check if it is intended to be dangling.
[WARNING RSZ-0104] Net _050369_ only has one pin. Check if it is intended to be dangling.
[WARNING RSZ-0104] Net _050368_ only has one pin. Check if it is intended to be dangling.
[WARNING RSZ-0104] Net _050367_ only has one pin. Check if it is intended to be dangling.
[WARNING RSZ-0104] Net _050366_ only has one pin. Check if it is intended to be dangling.
[WARNING RSZ-0104] Net _050365_ only has one pin. Check if it is intended to be dangling.
[WARNING RSZ-0104] Net _050364_ only has one pin. Check if it is intended to be dangling.
[WARNING RSZ-0104] Net _050363_ only has one pin. Check if it is intended to be dangling.
[WARNING RSZ-0104] Net _050362_ only has one pin. Check if it is intended to be dangling.
[WARNING RSZ-0104] Net _050379_ only has one pin. Check if it is intended to be dangling.
[WARNING RSZ-0104] Net _050378_ only has one pin. Check if it is intended to be dangling.
[WARNING RSZ-0104] Net _050377_ only has one pin. Check if it is intended to be dangling.
[WARNING RSZ-0104] Net _050376_ only has one pin. Check if it is intended to be dangling.
[WARNING RSZ-0104] Net _050393_ only has one pin. Check if it is intended to be dangling.
[WARNING RSZ-0104] Net _050392_ only has one pin. Check if it is intended to be dangling.
[WARNING RSZ-0104] Net _050391_ only has one pin. Check if it is intended to be dangling.
[WARNING RSZ-0104] Net _050390_ only has one pin. Check if it is intended to be dangling.
[WARNING RSZ-0104] Net _050389_ only has one pin. Check if it is intended to be dangling.
[WARNING RSZ-0104] Net _050388_ only has one pin. Check if it is intended to be dangling.
[WARNING RSZ-0104] Net _050387_ only has one pin. Check if it is intended to be dangling.
[WARNING RSZ-0104] Net _050386_ only has one pin. Check if it is intended to be dangling.
[WARNING RSZ-0104] Net _050385_ only has one pin. Check if it is intended to be dangling.
[WARNING RSZ-0104] Net _050384_ only has one pin. Check if it is intended to be dangling.
[WARNING RSZ-0104] Net _050383_ only has one pin. Check if it is intended to be dangling.
[WARNING RSZ-0104] Net _050382_ only has one pin. Check if it is intended to be dangling.
[WARNING RSZ-0104] Net _050381_ only has one pin. Check if it is intended to be dangling.
[WARNING RSZ-0104] Net _050380_ only has one pin. Check if it is intended to be dangling.
[WARNING RSZ-0104] Net _050398_ only has one pin. Check if it is intended to be dangling.
[WARNING RSZ-0104] Net _050397_ only has one pin. Check if it is intended to be dangling.
[WARNING RSZ-0104] Net _050396_ only has one pin. Check if it is intended to be dangling.
[WARNING RSZ-0104] Net _050395_ only has one pin. Check if it is intended to be dangling.
[WARNING RSZ-0104] Net _050394_ only has one pin. Check if it is intended to be dangling.
[WARNING RSZ-0104] Net _050412_ only has one pin. Check if it is intended to be dangling.
[WARNING RSZ-0104] Net _050411_ only has one pin. Check if it is intended to be dangling.
[WARNING RSZ-0104] Net _050410_ only has one pin. Check if it is intended to be dangling.
[WARNING RSZ-0104] Net _050409_ only has one pin. Check if it is intended to be dangling.
[WARNING RSZ-0104] Net _050408_ only has one pin. Check if it is intended to be dangling.
[WARNING RSZ-0104] Net _050407_ only has one pin. Check if it is intended to be dangling.
[WARNING RSZ-0104] Net _050406_ only has one pin. Check if it is intended to be dangling.
[WARNING RSZ-0104] Net _050405_ only has one pin. Check if it is intended to be dangling.
[WARNING RSZ-0104] Net _050404_ only has one pin. Check if it is intended to be dangling.
[WARNING RSZ-0104] Net _050403_ only has one pin. Check if it is intended to be dangling.
[WARNING RSZ-0104] Net _050402_ only has one pin. Check if it is intended to be dangling.
[WARNING RSZ-0104] Net _050401_ only has one pin. Check if it is intended to be dangling.
[WARNING RSZ-0104] Net _050400_ only has one pin. Check if it is intended to be dangling.
[WARNING RSZ-0104] Net _050399_ only has one pin. Check if it is intended to be dangling.
[WARNING RSZ-0104] Net _050418_ only has one pin. Check if it is intended to be dangling.
[WARNING RSZ-0104] Net _050417_ only has one pin. Check if it is intended to be dangling.
[WARNING RSZ-0104] Net _050416_ only has one pin. Check if it is intended to be dangling.
[WARNING RSZ-0104] Net _050415_ only has one pin. Check if it is intended to be dangling.
[WARNING RSZ-0104] Net _050414_ only has one pin. Check if it is intended to be dangling.
[WARNING RSZ-0104] Net _050413_ only has one pin. Check if it is intended to be dangling.
[WARNING RSZ-0104] Net _050432_ only has one pin. Check if it is intended to be dangling.
[WARNING RSZ-0104] Net _050431_ only has one pin. Check if it is intended to be dangling.
[WARNING RSZ-0104] Net _050430_ only has one pin. Check if it is intended to be dangling.
[WARNING RSZ-0104] Net _050429_ only has one pin. Check if it is intended to be dangling.
[WARNING RSZ-0104] Net _050428_ only has one pin. Check if it is intended to be dangling.
[WARNING RSZ-0104] Net _050427_ only has one pin. Check if it is intended to be dangling.
[WARNING RSZ-0104] Net _050426_ only has one pin. Check if it is intended to be dangling.
[WARNING RSZ-0104] Net _050425_ only has one pin. Check if it is intended to be dangling.
[WARNING RSZ-0104] Net _050424_ only has one pin. Check if it is intended to be dangling.
[WARNING RSZ-0104] Net _050423_ only has one pin. Check if it is intended to be dangling.
[WARNING RSZ-0104] Net _050422_ only has one pin. Check if it is intended to be dangling.
[WARNING RSZ-0104] Net _050421_ only has one pin. Check if it is intended to be dangling.
[WARNING RSZ-0104] Net _050420_ only has one pin. Check if it is intended to be dangling.
[WARNING RSZ-0104] Net _050419_ only has one pin. Check if it is intended to be dangling.
[WARNING RSZ-0104] Net _050439_ only has one pin. Check if it is intended to be dangling.
[WARNING RSZ-0104] Net _050438_ only has one pin. Check if it is intended to be dangling.
[WARNING RSZ-0104] Net _050437_ only has one pin. Check if it is intended to be dangling.
[WARNING RSZ-0104] Net _050436_ only has one pin. Check if it is intended to be dangling.
[WARNING RSZ-0104] Net _050435_ only has one pin. Check if it is intended to be dangling.
[WARNING RSZ-0104] Net _050434_ only has one pin. Check if it is intended to be dangling.
[WARNING RSZ-0104] Net _050433_ only has one pin. Check if it is intended to be dangling.
[WARNING RSZ-0104] Net _050453_ only has one pin. Check if it is intended to be dangling.
[WARNING RSZ-0104] Net _050452_ only has one pin. Check if it is intended to be dangling.
[WARNING RSZ-0104] Net _050451_ only has one pin. Check if it is intended to be dangling.
[WARNING RSZ-0104] Net _050450_ only has one pin. Check if it is intended to be dangling.
[WARNING RSZ-0104] Net _050449_ only has one pin. Check if it is intended to be dangling.
[WARNING RSZ-0104] Net _050448_ only has one pin. Check if it is intended to be dangling.
[WARNING RSZ-0104] Net _050447_ only has one pin. Check if it is intended to be dangling.
[WARNING RSZ-0104] Net _050446_ only has one pin. Check if it is intended to be dangling.
[WARNING RSZ-0104] Net _050445_ only has one pin. Check if it is intended to be dangling.
[WARNING RSZ-0104] Net _050444_ only has one pin. Check if it is intended to be dangling.
[WARNING RSZ-0104] Net _050443_ only has one pin. Check if it is intended to be dangling.
[WARNING RSZ-0104] Net _050442_ only has one pin. Check if it is intended to be dangling.
[WARNING RSZ-0104] Net _050441_ only has one pin. Check if it is intended to be dangling.
[WARNING RSZ-0104] Net _050440_ only has one pin. Check if it is intended to be dangling.
[WARNING RSZ-0104] Net _050461_ only has one pin. Check if it is intended to be dangling.
[WARNING RSZ-0104] Net _050460_ only has one pin. Check if it is intended to be dangling.
[WARNING RSZ-0104] Net _050459_ only has one pin. Check if it is intended to be dangling.
[WARNING RSZ-0104] Net _050458_ only has one pin. Check if it is intended to be dangling.
[WARNING RSZ-0104] Net _050457_ only has one pin. Check if it is intended to be dangling.
[WARNING RSZ-0104] Net _050456_ only has one pin. Check if it is intended to be dangling.
[WARNING RSZ-0104] Net _050455_ only has one pin. Check if it is intended to be dangling.
[WARNING RSZ-0104] Net _050454_ only has one pin. Check if it is intended to be dangling.
[WARNING RSZ-0104] Net _050475_ only has one pin. Check if it is intended to be dangling.
[WARNING RSZ-0104] Net _050474_ only has one pin. Check if it is intended to be dangling.
[WARNING RSZ-0104] Net _050473_ only has one pin. Check if it is intended to be dangling.
[WARNING RSZ-0104] Net _050472_ only has one pin. Check if it is intended to be dangling.
[WARNING RSZ-0104] Net _050471_ only has one pin. Check if it is intended to be dangling.
[WARNING RSZ-0104] Net _050470_ only has one pin. Check if it is intended to be dangling.
[WARNING RSZ-0104] Net _050469_ only has one pin. Check if it is intended to be dangling.
[WARNING RSZ-0104] Net _050468_ only has one pin. Check if it is intended to be dangling.
[WARNING RSZ-0104] Net _050467_ only has one pin. Check if it is intended to be dangling.
[WARNING RSZ-0104] Net _050466_ only has one pin. Check if it is intended to be dangling.
[WARNING RSZ-0104] Net _050465_ only has one pin. Check if it is intended to be dangling.
[WARNING RSZ-0104] Net _050464_ only has one pin. Check if it is intended to be dangling.
[WARNING RSZ-0104] Net _050463_ only has one pin. Check if it is intended to be dangling.
[WARNING RSZ-0104] Net _050462_ only has one pin. Check if it is intended to be dangling.
[WARNING RSZ-0104] Net _050484_ only has one pin. Check if it is intended to be dangling.
[WARNING RSZ-0104] Net _050483_ only has one pin. Check if it is intended to be dangling.
[WARNING RSZ-0104] Net _050482_ only has one pin. Check if it is intended to be dangling.
[WARNING RSZ-0104] Net _050481_ only has one pin. Check if it is intended to be dangling.
[WARNING RSZ-0104] Net _050480_ only has one pin. Check if it is intended to be dangling.
[WARNING RSZ-0104] Net _050479_ only has one pin. Check if it is intended to be dangling.
[WARNING RSZ-0104] Net _050478_ only has one pin. Check if it is intended to be dangling.
[WARNING RSZ-0104] Net _050477_ only has one pin. Check if it is intended to be dangling.
[WARNING RSZ-0104] Net _050498_ only has one pin. Check if it is intended to be dangling.
[WARNING RSZ-0104] Net _050497_ only has one pin. Check if it is intended to be dangling.
[WARNING RSZ-0104] Net _050496_ only has one pin. Check if it is intended to be dangling.
[WARNING RSZ-0104] Net _050495_ only has one pin. Check if it is intended to be dangling.
[WARNING RSZ-0104] Net _050476_ only has one pin. Check if it is intended to be dangling.
[WARNING RSZ-0104] Net _050494_ only has one pin. Check if it is intended to be dangling.
[WARNING RSZ-0104] Net _050493_ only has one pin. Check if it is intended to be dangling.
[WARNING RSZ-0104] Net _050492_ only has one pin. Check if it is intended to be dangling.
[WARNING RSZ-0104] Net _050491_ only has one pin. Check if it is intended to be dangling.
[WARNING RSZ-0104] Net _050490_ only has one pin. Check if it is intended to be dangling.
[WARNING RSZ-0104] Net _050489_ only has one pin. Check if it is intended to be dangling.
[WARNING RSZ-0104] Net _050488_ only has one pin. Check if it is intended to be dangling.
[WARNING RSZ-0104] Net _050487_ only has one pin. Check if it is intended to be dangling.
[WARNING RSZ-0104] Net _050486_ only has one pin. Check if it is intended to be dangling.
[WARNING RSZ-0104] Net _050485_ only has one pin. Check if it is intended to be dangling.
[WARNING RSZ-0104] Net _050313_ only has one pin. Check if it is intended to be dangling.
[WARNING RSZ-0104] Net _050312_ only has one pin. Check if it is intended to be dangling.
[WARNING RSZ-0104] Net _050311_ only has one pin. Check if it is intended to be dangling.
[WARNING RSZ-0104] Net _050310_ only has one pin. Check if it is intended to be dangling.
[WARNING RSZ-0104] Net _050309_ only has one pin. Check if it is intended to be dangling.
[WARNING RSZ-0104] Net _050308_ only has one pin. Check if it is intended to be dangling.
[WARNING RSZ-0104] Net _050307_ only has one pin. Check if it is intended to be dangling.
[WARNING RSZ-0104] Net _050306_ only has one pin. Check if it is intended to be dangling.
[WARNING RSZ-0104] Net _050305_ only has one pin. Check if it is intended to be dangling.
[WARNING RSZ-0104] Net _050304_ only has one pin. Check if it is intended to be dangling.
[WARNING RSZ-0104] Net _050303_ only has one pin. Check if it is intended to be dangling.
[WARNING RSZ-0104] Net _050302_ only has one pin. Check if it is intended to be dangling.
[WARNING RSZ-0104] Net _050301_ only has one pin. Check if it is intended to be dangling.
[WARNING RSZ-0104] Net _050327_ only has one pin. Check if it is intended to be dangling.
[WARNING RSZ-0104] Net _050326_ only has one pin. Check if it is intended to be dangling.
[WARNING RSZ-0104] Net _050325_ only has one pin. Check if it is intended to be dangling.
[WARNING RSZ-0104] Net _050324_ only has one pin. Check if it is intended to be dangling.
[WARNING RSZ-0104] Net _050323_ only has one pin. Check if it is intended to be dangling.
[WARNING RSZ-0104] Net _050322_ only has one pin. Check if it is intended to be dangling.
[WARNING RSZ-0104] Net _050321_ only has one pin. Check if it is intended to be dangling.
[WARNING RSZ-0104] Net _050320_ only has one pin. Check if it is intended to be dangling.
[WARNING RSZ-0104] Net _050319_ only has one pin. Check if it is intended to be dangling.
[WARNING RSZ-0104] Net _050318_ only has one pin. Check if it is intended to be dangling.
[WARNING RSZ-0104] Net _050317_ only has one pin. Check if it is intended to be dangling.
[WARNING RSZ-0104] Net _050316_ only has one pin. Check if it is intended to be dangling.
[WARNING RSZ-0104] Net _050315_ only has one pin. Check if it is intended to be dangling.
[WARNING RSZ-0104] Net _050314_ only has one pin. Check if it is intended to be dangling.
[WARNING RSZ-0104] Net _050043_ only has one pin. Check if it is intended to be dangling.
[WARNING RSZ-0104] Net _050525_ only has one pin. Check if it is intended to be dangling.
[WARNING RSZ-0104] Net _050524_ only has one pin. Check if it is intended to be dangling.
[WARNING RSZ-0104] Net _050523_ only has one pin. Check if it is intended to be dangling.
[WARNING RSZ-0104] Net _050522_ only has one pin. Check if it is intended to be dangling.
[WARNING RSZ-0104] Net _050521_ only has one pin. Check if it is intended to be dangling.
[WARNING RSZ-0104] Net _050520_ only has one pin. Check if it is intended to be dangling.
[WARNING RSZ-0104] Net _050519_ only has one pin. Check if it is intended to be dangling.
[WARNING RSZ-0104] Net _050518_ only has one pin. Check if it is intended to be dangling.
[WARNING RSZ-0104] Net _050045_ only has one pin. Check if it is intended to be dangling.
[WARNING RSZ-0104] Net _050542_ only has one pin. Check if it is intended to be dangling.
[WARNING RSZ-0104] Net _050541_ only has one pin. Check if it is intended to be dangling.
[WARNING RSZ-0104] Net _050540_ only has one pin. Check if it is intended to be dangling.
[WARNING RSZ-0104] Net _050539_ only has one pin. Check if it is intended to be dangling.
[WARNING RSZ-0104] Net _050538_ only has one pin. Check if it is intended to be dangling.
[WARNING RSZ-0104] Net _050537_ only has one pin. Check if it is intended to be dangling.
[WARNING RSZ-0104] Net _050536_ only has one pin. Check if it is intended to be dangling.
[WARNING RSZ-0104] Net _050047_ only has one pin. Check if it is intended to be dangling.
[WARNING RSZ-0104] Net _050558_ only has one pin. Check if it is intended to be dangling.
[WARNING RSZ-0104] Net _050557_ only has one pin. Check if it is intended to be dangling.
[WARNING RSZ-0104] Net _050556_ only has one pin. Check if it is intended to be dangling.
[WARNING RSZ-0104] Net _050555_ only has one pin. Check if it is intended to be dangling.
[WARNING RSZ-0104] Net _050554_ only has one pin. Check if it is intended to be dangling.
[WARNING RSZ-0104] Net _050553_ only has one pin. Check if it is intended to be dangling.
[WARNING RSZ-0104] Net _050049_ only has one pin. Check if it is intended to be dangling.
[WARNING RSZ-0104] Net _050573_ only has one pin. Check if it is intended to be dangling.
[WARNING RSZ-0104] Net _050572_ only has one pin. Check if it is intended to be dangling.
[WARNING RSZ-0104] Net _050571_ only has one pin. Check if it is intended to be dangling.
[WARNING RSZ-0104] Net _050570_ only has one pin. Check if it is intended to be dangling.
[WARNING RSZ-0104] Net _050569_ only has one pin. Check if it is intended to be dangling.
[WARNING RSZ-0104] Net _050051_ only has one pin. Check if it is intended to be dangling.
[WARNING RSZ-0104] Net _050587_ only has one pin. Check if it is intended to be dangling.
[WARNING RSZ-0104] Net _050586_ only has one pin. Check if it is intended to be dangling.
[WARNING RSZ-0104] Net _050585_ only has one pin. Check if it is intended to be dangling.
[WARNING RSZ-0104] Net _050584_ only has one pin. Check if it is intended to be dangling.
[WARNING RSZ-0104] Net _050053_ only has one pin. Check if it is intended to be dangling.
[WARNING RSZ-0104] Net _050600_ only has one pin. Check if it is intended to be dangling.
[WARNING RSZ-0104] Net _050599_ only has one pin. Check if it is intended to be dangling.
[WARNING RSZ-0104] Net _050598_ only has one pin. Check if it is intended to be dangling.
[WARNING RSZ-0104] Net _050055_ only has one pin. Check if it is intended to be dangling.
[WARNING RSZ-0104] Net _050612_ only has one pin. Check if it is intended to be dangling.
[WARNING RSZ-0104] Net _050611_ only has one pin. Check if it is intended to be dangling.
[WARNING RSZ-0104] Net _050057_ only has one pin. Check if it is intended to be dangling.
[WARNING RSZ-0104] Net _050623_ only has one pin. Check if it is intended to be dangling.
[WARNING RSZ-0104] Net _050059_ only has one pin. Check if it is intended to be dangling.
[WARNING RSZ-0104] Net _050508_ only has one pin. Check if it is intended to be dangling.
[WARNING RSZ-0104] Net _050507_ only has one pin. Check if it is intended to be dangling.
[WARNING RSZ-0104] Net _050506_ only has one pin. Check if it is intended to be dangling.
[WARNING RSZ-0104] Net _050505_ only has one pin. Check if it is intended to be dangling.
[WARNING RSZ-0104] Net _050504_ only has one pin. Check if it is intended to be dangling.
[WARNING RSZ-0104] Net _050503_ only has one pin. Check if it is intended to be dangling.
[WARNING RSZ-0104] Net _050502_ only has one pin. Check if it is intended to be dangling.
[WARNING RSZ-0104] Net _050501_ only has one pin. Check if it is intended to be dangling.
[WARNING RSZ-0104] Net _050500_ only has one pin. Check if it is intended to be dangling.
[WARNING RSZ-0104] Net _050041_ only has one pin. Check if it is intended to be dangling.
[WARNING RSZ-0104] Net _050499_ only has one pin. Check if it is intended to be dangling.
[WARNING RSZ-0104] Net _050042_ only has one pin. Check if it is intended to be dangling.
[WARNING RSZ-0104] Net _050517_ only has one pin. Check if it is intended to be dangling.
[WARNING RSZ-0104] Net _050516_ only has one pin. Check if it is intended to be dangling.
[WARNING RSZ-0104] Net _050515_ only has one pin. Check if it is intended to be dangling.
[WARNING RSZ-0104] Net _050514_ only has one pin. Check if it is intended to be dangling.
[WARNING RSZ-0104] Net _050513_ only has one pin. Check if it is intended to be dangling.
[WARNING RSZ-0104] Net _050512_ only has one pin. Check if it is intended to be dangling.
[WARNING RSZ-0104] Net _050511_ only has one pin. Check if it is intended to be dangling.
[WARNING RSZ-0104] Net _050510_ only has one pin. Check if it is intended to be dangling.
[WARNING RSZ-0104] Net _050509_ only has one pin. Check if it is intended to be dangling.
    63000 |     +0.0% |       2 |       7 |             8 |      9091
[WARNING RSZ-0104] Net _052613_ only has one pin. Check if it is intended to be dangling.
[WARNING RSZ-0104] Net _052612_ only has one pin. Check if it is intended to be dangling.
[WARNING RSZ-0104] Net _052611_ only has one pin. Check if it is intended to be dangling.
[WARNING RSZ-0104] Net _052610_ only has one pin. Check if it is intended to be dangling.
[WARNING RSZ-0104] Net _052609_ only has one pin. Check if it is intended to be dangling.
[WARNING RSZ-0104] Net _052608_ only has one pin. Check if it is intended to be dangling.
[WARNING RSZ-0104] Net _052607_ only has one pin. Check if it is intended to be dangling.
[WARNING RSZ-0104] Net _052606_ only has one pin. Check if it is intended to be dangling.
[WARNING RSZ-0104] Net _052605_ only has one pin. Check if it is intended to be dangling.
[WARNING RSZ-0104] Net _050185_ only has one pin. Check if it is intended to be dangling.
[WARNING RSZ-0104] Net _052618_ only has one pin. Check if it is intended to be dangling.
[WARNING RSZ-0104] Net _052617_ only has one pin. Check if it is intended to be dangling.
[WARNING RSZ-0104] Net _052616_ only has one pin. Check if it is intended to be dangling.
[WARNING RSZ-0104] Net _052615_ only has one pin. Check if it is intended to be dangling.
[WARNING RSZ-0104] Net _052614_ only has one pin. Check if it is intended to be dangling.
[WARNING RSZ-0104] Net _052604_ only has one pin. Check if it is intended to be dangling.
[WARNING RSZ-0104] Net _053805_ only has one pin. Check if it is intended to be dangling.
[WARNING RSZ-0104] Net _053804_ only has one pin. Check if it is intended to be dangling.
[WARNING RSZ-0104] Net _053803_ only has one pin. Check if it is intended to be dangling.
[WARNING RSZ-0104] Net _053802_ only has one pin. Check if it is intended to be dangling.
[WARNING RSZ-0104] Net _053801_ only has one pin. Check if it is intended to be dangling.
[WARNING RSZ-0104] Net _053800_ only has one pin. Check if it is intended to be dangling.
[WARNING RSZ-0104] Net _053799_ only has one pin. Check if it is intended to be dangling.
[WARNING RSZ-0104] Net _053798_ only has one pin. Check if it is intended to be dangling.
[WARNING RSZ-0104] Net _053797_ only has one pin. Check if it is intended to be dangling.
[WARNING RSZ-0104] Net _050290_ only has one pin. Check if it is intended to be dangling.
[WARNING RSZ-0104] Net _053806_ only has one pin. Check if it is intended to be dangling.
[WARNING RSZ-0104] Net _053796_ only has one pin. Check if it is intended to be dangling.
[WARNING RSZ-0104] Net _053816_ only has one pin. Check if it is intended to be dangling.
[WARNING RSZ-0104] Net _053815_ only has one pin. Check if it is intended to be dangling.
[WARNING RSZ-0104] Net _053814_ only has one pin. Check if it is intended to be dangling.
[WARNING RSZ-0104] Net _053813_ only has one pin. Check if it is intended to be dangling.
[WARNING RSZ-0104] Net _053812_ only has one pin. Check if it is intended to be dangling.
[WARNING RSZ-0104] Net _053811_ only has one pin. Check if it is intended to be dangling.
[WARNING RSZ-0104] Net _053810_ only has one pin. Check if it is intended to be dangling.
[WARNING RSZ-0104] Net _053809_ only has one pin. Check if it is intended to be dangling.
[WARNING RSZ-0104] Net _053808_ only has one pin. Check if it is intended to be dangling.
[WARNING RSZ-0104] Net _050291_ only has one pin. Check if it is intended to be dangling.
[WARNING RSZ-0104] Net _053817_ only has one pin. Check if it is intended to be dangling.
[WARNING RSZ-0104] Net _053807_ only has one pin. Check if it is intended to be dangling.
[WARNING RSZ-0104] Net _053827_ only has one pin. Check if it is intended to be dangling.
[WARNING RSZ-0104] Net _053826_ only has one pin. Check if it is intended to be dangling.
[WARNING RSZ-0104] Net _053825_ only has one pin. Check if it is intended to be dangling.
[WARNING RSZ-0104] Net _053824_ only has one pin. Check if it is intended to be dangling.
[WARNING RSZ-0104] Net _053823_ only has one pin. Check if it is intended to be dangling.
[WARNING RSZ-0104] Net _053822_ only has one pin. Check if it is intended to be dangling.
[WARNING RSZ-0104] Net _053821_ only has one pin. Check if it is intended to be dangling.
[WARNING RSZ-0104] Net _053820_ only has one pin. Check if it is intended to be dangling.
[WARNING RSZ-0104] Net _053819_ only has one pin. Check if it is intended to be dangling.
[WARNING RSZ-0104] Net _050292_ only has one pin. Check if it is intended to be dangling.
[WARNING RSZ-0104] Net _053828_ only has one pin. Check if it is intended to be dangling.
[WARNING RSZ-0104] Net _053818_ only has one pin. Check if it is intended to be dangling.
[WARNING RSZ-0104] Net _053838_ only has one pin. Check if it is intended to be dangling.
[WARNING RSZ-0104] Net _053837_ only has one pin. Check if it is intended to be dangling.
[WARNING RSZ-0104] Net _053836_ only has one pin. Check if it is intended to be dangling.
[WARNING RSZ-0104] Net _053835_ only has one pin. Check if it is intended to be dangling.
[WARNING RSZ-0104] Net _053834_ only has one pin. Check if it is intended to be dangling.
[WARNING RSZ-0104] Net _053833_ only has one pin. Check if it is intended to be dangling.
[WARNING RSZ-0104] Net _053832_ only has one pin. Check if it is intended to be dangling.
[WARNING RSZ-0104] Net _053831_ only has one pin. Check if it is intended to be dangling.
[WARNING RSZ-0104] Net _053830_ only has one pin. Check if it is intended to be dangling.
[WARNING RSZ-0104] Net _050293_ only has one pin. Check if it is intended to be dangling.
[WARNING RSZ-0104] Net _053839_ only has one pin. Check if it is intended to be dangling.
[WARNING RSZ-0104] Net _053829_ only has one pin. Check if it is intended to be dangling.
[WARNING RSZ-0104] Net _053211_ only has one pin. Check if it is intended to be dangling.
[WARNING RSZ-0104] Net _053210_ only has one pin. Check if it is intended to be dangling.
[WARNING RSZ-0104] Net _053209_ only has one pin. Check if it is intended to be dangling.
[WARNING RSZ-0104] Net _053208_ only has one pin. Check if it is intended to be dangling.
[WARNING RSZ-0104] Net _053207_ only has one pin. Check if it is intended to be dangling.
[WARNING RSZ-0104] Net _053206_ only has one pin. Check if it is intended to be dangling.
[WARNING RSZ-0104] Net _053205_ only has one pin. Check if it is intended to be dangling.
[WARNING RSZ-0104] Net _053204_ only has one pin. Check if it is intended to be dangling.
[WARNING RSZ-0104] Net _053203_ only has one pin. Check if it is intended to be dangling.
[WARNING RSZ-0104] Net _050236_ only has one pin. Check if it is intended to be dangling.
[WARNING RSZ-0104] Net _053212_ only has one pin. Check if it is intended to be dangling.
[WARNING RSZ-0104] Net _053202_ only has one pin. Check if it is intended to be dangling.
[WARNING RSZ-0104] Net _053222_ only has one pin. Check if it is intended to be dangling.
[WARNING RSZ-0104] Net _053221_ only has one pin. Check if it is intended to be dangling.
[WARNING RSZ-0104] Net _053220_ only has one pin. Check if it is intended to be dangling.
[WARNING RSZ-0104] Net _053219_ only has one pin. Check if it is intended to be dangling.
[WARNING RSZ-0104] Net _053218_ only has one pin. Check if it is intended to be dangling.
[WARNING RSZ-0104] Net _053217_ only has one pin. Check if it is intended to be dangling.
[WARNING RSZ-0104] Net _053216_ only has one pin. Check if it is intended to be dangling.
[WARNING RSZ-0104] Net _053215_ only has one pin. Check if it is intended to be dangling.
[WARNING RSZ-0104] Net _053214_ only has one pin. Check if it is intended to be dangling.
[WARNING RSZ-0104] Net _050237_ only has one pin. Check if it is intended to be dangling.
[WARNING RSZ-0104] Net _053223_ only has one pin. Check if it is intended to be dangling.
[WARNING RSZ-0104] Net _053213_ only has one pin. Check if it is intended to be dangling.
[WARNING RSZ-0104] Net _053233_ only has one pin. Check if it is intended to be dangling.
[WARNING RSZ-0104] Net _053232_ only has one pin. Check if it is intended to be dangling.
[WARNING RSZ-0104] Net _053231_ only has one pin. Check if it is intended to be dangling.
[WARNING RSZ-0104] Net _053230_ only has one pin. Check if it is intended to be dangling.
[WARNING RSZ-0104] Net _053229_ only has one pin. Check if it is intended to be dangling.
[WARNING RSZ-0104] Net _053228_ only has one pin. Check if it is intended to be dangling.
[WARNING RSZ-0104] Net _053227_ only has one pin. Check if it is intended to be dangling.
[WARNING RSZ-0104] Net _053226_ only has one pin. Check if it is intended to be dangling.
[WARNING RSZ-0104] Net _053225_ only has one pin. Check if it is intended to be dangling.
[WARNING RSZ-0104] Net _050238_ only has one pin. Check if it is intended to be dangling.
[WARNING RSZ-0104] Net _053234_ only has one pin. Check if it is intended to be dangling.
[WARNING RSZ-0104] Net _053224_ only has one pin. Check if it is intended to be dangling.
[WARNING RSZ-0104] Net _053244_ only has one pin. Check if it is intended to be dangling.
[WARNING RSZ-0104] Net _053243_ only has one pin. Check if it is intended to be dangling.
[WARNING RSZ-0104] Net _053242_ only has one pin. Check if it is intended to be dangling.
[WARNING RSZ-0104] Net _053241_ only has one pin. Check if it is intended to be dangling.
[WARNING RSZ-0104] Net _053240_ only has one pin. Check if it is intended to be dangling.
[WARNING RSZ-0104] Net _053239_ only has one pin. Check if it is intended to be dangling.
[WARNING RSZ-0104] Net _053238_ only has one pin. Check if it is intended to be dangling.
[WARNING RSZ-0104] Net _053237_ only has one pin. Check if it is intended to be dangling.
[WARNING RSZ-0104] Net _053236_ only has one pin. Check if it is intended to be dangling.
[WARNING RSZ-0104] Net _050239_ only has one pin. Check if it is intended to be dangling.
[WARNING RSZ-0104] Net _053245_ only has one pin. Check if it is intended to be dangling.
[WARNING RSZ-0104] Net _053235_ only has one pin. Check if it is intended to be dangling.
[WARNING RSZ-0104] Net _053849_ only has one pin. Check if it is intended to be dangling.
[WARNING RSZ-0104] Net _053848_ only has one pin. Check if it is intended to be dangling.
[WARNING RSZ-0104] Net _053847_ only has one pin. Check if it is intended to be dangling.
[WARNING RSZ-0104] Net _053846_ only has one pin. Check if it is intended to be dangling.
[WARNING RSZ-0104] Net _053845_ only has one pin. Check if it is intended to be dangling.
[WARNING RSZ-0104] Net _053844_ only has one pin. Check if it is intended to be dangling.
[WARNING RSZ-0104] Net _053843_ only has one pin. Check if it is intended to be dangling.
[WARNING RSZ-0104] Net _053842_ only has one pin. Check if it is intended to be dangling.
[WARNING RSZ-0104] Net _053841_ only has one pin. Check if it is intended to be dangling.
[WARNING RSZ-0104] Net _050294_ only has one pin. Check if it is intended to be dangling.
[WARNING RSZ-0104] Net _053850_ only has one pin. Check if it is intended to be dangling.
[WARNING RSZ-0104] Net _053840_ only has one pin. Check if it is intended to be dangling.
[WARNING RSZ-0104] Net _053255_ only has one pin. Check if it is intended to be dangling.
[WARNING RSZ-0104] Net _053254_ only has one pin. Check if it is intended to be dangling.
[WARNING RSZ-0104] Net _053253_ only has one pin. Check if it is intended to be dangling.
[WARNING RSZ-0104] Net _053252_ only has one pin. Check if it is intended to be dangling.
[WARNING RSZ-0104] Net _053251_ only has one pin. Check if it is intended to be dangling.
[WARNING RSZ-0104] Net _053250_ only has one pin. Check if it is intended to be dangling.
[WARNING RSZ-0104] Net _053249_ only has one pin. Check if it is intended to be dangling.
[WARNING RSZ-0104] Net _053248_ only has one pin. Check if it is intended to be dangling.
[WARNING RSZ-0104] Net _053247_ only has one pin. Check if it is intended to be dangling.
[WARNING RSZ-0104] Net _050240_ only has one pin. Check if it is intended to be dangling.
[WARNING RSZ-0104] Net _053256_ only has one pin. Check if it is intended to be dangling.
[WARNING RSZ-0104] Net _053246_ only has one pin. Check if it is intended to be dangling.
[WARNING RSZ-0104] Net _053266_ only has one pin. Check if it is intended to be dangling.
[WARNING RSZ-0104] Net _053265_ only has one pin. Check if it is intended to be dangling.
[WARNING RSZ-0104] Net _053264_ only has one pin. Check if it is intended to be dangling.
[WARNING RSZ-0104] Net _053263_ only has one pin. Check if it is intended to be dangling.
[WARNING RSZ-0104] Net _053262_ only has one pin. Check if it is intended to be dangling.
[WARNING RSZ-0104] Net _053261_ only has one pin. Check if it is intended to be dangling.
[WARNING RSZ-0104] Net _053260_ only has one pin. Check if it is intended to be dangling.
[WARNING RSZ-0104] Net _053259_ only has one pin. Check if it is intended to be dangling.
[WARNING RSZ-0104] Net _053258_ only has one pin. Check if it is intended to be dangling.
[WARNING RSZ-0104] Net _050241_ only has one pin. Check if it is intended to be dangling.
[WARNING RSZ-0104] Net _053267_ only has one pin. Check if it is intended to be dangling.
[WARNING RSZ-0104] Net _053257_ only has one pin. Check if it is intended to be dangling.
[WARNING RSZ-0104] Net _053277_ only has one pin. Check if it is intended to be dangling.
[WARNING RSZ-0104] Net _053276_ only has one pin. Check if it is intended to be dangling.
[WARNING RSZ-0104] Net _053275_ only has one pin. Check if it is intended to be dangling.
[WARNING RSZ-0104] Net _053274_ only has one pin. Check if it is intended to be dangling.
[WARNING RSZ-0104] Net _053273_ only has one pin. Check if it is intended to be dangling.
[WARNING RSZ-0104] Net _053272_ only has one pin. Check if it is intended to be dangling.
[WARNING RSZ-0104] Net _053271_ only has one pin. Check if it is intended to be dangling.
[WARNING RSZ-0104] Net _053270_ only has one pin. Check if it is intended to be dangling.
[WARNING RSZ-0104] Net _053269_ only has one pin. Check if it is intended to be dangling.
[WARNING RSZ-0104] Net _050242_ only has one pin. Check if it is intended to be dangling.
[WARNING RSZ-0104] Net _053278_ only has one pin. Check if it is intended to be dangling.
[WARNING RSZ-0104] Net _053268_ only has one pin. Check if it is intended to be dangling.
[WARNING RSZ-0104] Net _053288_ only has one pin. Check if it is intended to be dangling.
[WARNING RSZ-0104] Net _053287_ only has one pin. Check if it is intended to be dangling.
[WARNING RSZ-0104] Net _053286_ only has one pin. Check if it is intended to be dangling.
[WARNING RSZ-0104] Net _053285_ only has one pin. Check if it is intended to be dangling.
[WARNING RSZ-0104] Net _053284_ only has one pin. Check if it is intended to be dangling.
[WARNING RSZ-0104] Net _053283_ only has one pin. Check if it is intended to be dangling.
[WARNING RSZ-0104] Net _053282_ only has one pin. Check if it is intended to be dangling.
[WARNING RSZ-0104] Net _053281_ only has one pin. Check if it is intended to be dangling.
[WARNING RSZ-0104] Net _053280_ only has one pin. Check if it is intended to be dangling.
[WARNING RSZ-0104] Net _050243_ only has one pin. Check if it is intended to be dangling.
[WARNING RSZ-0104] Net _053289_ only has one pin. Check if it is intended to be dangling.
[WARNING RSZ-0104] Net _053279_ only has one pin. Check if it is intended to be dangling.
[WARNING RSZ-0104] Net _053299_ only has one pin. Check if it is intended to be dangling.
[WARNING RSZ-0104] Net _053298_ only has one pin. Check if it is intended to be dangling.
[WARNING RSZ-0104] Net _053297_ only has one pin. Check if it is intended to be dangling.
[WARNING RSZ-0104] Net _053296_ only has one pin. Check if it is intended to be dangling.
[WARNING RSZ-0104] Net _053295_ only has one pin. Check if it is intended to be dangling.
[WARNING RSZ-0104] Net _053294_ only has one pin. Check if it is intended to be dangling.
[WARNING RSZ-0104] Net _053293_ only has one pin. Check if it is intended to be dangling.
[WARNING RSZ-0104] Net _053292_ only has one pin. Check if it is intended to be dangling.
[WARNING RSZ-0104] Net _053291_ only has one pin. Check if it is intended to be dangling.
[WARNING RSZ-0104] Net _050244_ only has one pin. Check if it is intended to be dangling.
[WARNING RSZ-0104] Net _053300_ only has one pin. Check if it is intended to be dangling.
[WARNING RSZ-0104] Net _053290_ only has one pin. Check if it is intended to be dangling.
[WARNING RSZ-0104] Net _053310_ only has one pin. Check if it is intended to be dangling.
[WARNING RSZ-0104] Net _053309_ only has one pin. Check if it is intended to be dangling.
[WARNING RSZ-0104] Net _053308_ only has one pin. Check if it is intended to be dangling.
[WARNING RSZ-0104] Net _053307_ only has one pin. Check if it is intended to be dangling.
[WARNING RSZ-0104] Net _053306_ only has one pin. Check if it is intended to be dangling.
[WARNING RSZ-0104] Net _053305_ only has one pin. Check if it is intended to be dangling.
[WARNING RSZ-0104] Net _053304_ only has one pin. Check if it is intended to be dangling.
[WARNING RSZ-0104] Net _053303_ only has one pin. Check if it is intended to be dangling.
[WARNING RSZ-0104] Net _053302_ only has one pin. Check if it is intended to be dangling.
[WARNING RSZ-0104] Net _050245_ only has one pin. Check if it is intended to be dangling.
[WARNING RSZ-0104] Net _053311_ only has one pin. Check if it is intended to be dangling.
[WARNING RSZ-0104] Net _053301_ only has one pin. Check if it is intended to be dangling.
[WARNING RSZ-0104] Net _053321_ only has one pin. Check if it is intended to be dangling.
[WARNING RSZ-0104] Net _053320_ only has one pin. Check if it is intended to be dangling.
[WARNING RSZ-0104] Net _053319_ only has one pin. Check if it is intended to be dangling.
[WARNING RSZ-0104] Net _053318_ only has one pin. Check if it is intended to be dangling.
[WARNING RSZ-0104] Net _053317_ only has one pin. Check if it is intended to be dangling.
[WARNING RSZ-0104] Net _053316_ only has one pin. Check if it is intended to be dangling.
[WARNING RSZ-0104] Net _053315_ only has one pin. Check if it is intended to be dangling.
[WARNING RSZ-0104] Net _053314_ only has one pin. Check if it is intended to be dangling.
[WARNING RSZ-0104] Net _053313_ only has one pin. Check if it is intended to be dangling.
[WARNING RSZ-0104] Net _050246_ only has one pin. Check if it is intended to be dangling.
[WARNING RSZ-0104] Net _053322_ only has one pin. Check if it is intended to be dangling.
[WARNING RSZ-0104] Net _053312_ only has one pin. Check if it is intended to be dangling.
[WARNING RSZ-0104] Net _053332_ only has one pin. Check if it is intended to be dangling.
[WARNING RSZ-0104] Net _053331_ only has one pin. Check if it is intended to be dangling.
[WARNING RSZ-0104] Net _053330_ only has one pin. Check if it is intended to be dangling.
[WARNING RSZ-0104] Net _053329_ only has one pin. Check if it is intended to be dangling.
[WARNING RSZ-0104] Net _053328_ only has one pin. Check if it is intended to be dangling.
[WARNING RSZ-0104] Net _053327_ only has one pin. Check if it is intended to be dangling.
[WARNING RSZ-0104] Net _053326_ only has one pin. Check if it is intended to be dangling.
[WARNING RSZ-0104] Net _053325_ only has one pin. Check if it is intended to be dangling.
[WARNING RSZ-0104] Net _053324_ only has one pin. Check if it is intended to be dangling.
[WARNING RSZ-0104] Net _050247_ only has one pin. Check if it is intended to be dangling.
[WARNING RSZ-0104] Net _053333_ only has one pin. Check if it is intended to be dangling.
[WARNING RSZ-0104] Net _053323_ only has one pin. Check if it is intended to be dangling.
[WARNING RSZ-0104] Net _053343_ only has one pin. Check if it is intended to be dangling.
[WARNING RSZ-0104] Net _053342_ only has one pin. Check if it is intended to be dangling.
[WARNING RSZ-0104] Net _053341_ only has one pin. Check if it is intended to be dangling.
[WARNING RSZ-0104] Net _053340_ only has one pin. Check if it is intended to be dangling.
[WARNING RSZ-0104] Net _053339_ only has one pin. Check if it is intended to be dangling.
[WARNING RSZ-0104] Net _053338_ only has one pin. Check if it is intended to be dangling.
[WARNING RSZ-0104] Net _053337_ only has one pin. Check if it is intended to be dangling.
[WARNING RSZ-0104] Net _053336_ only has one pin. Check if it is intended to be dangling.
[WARNING RSZ-0104] Net _053335_ only has one pin. Check if it is intended to be dangling.
[WARNING RSZ-0104] Net _050248_ only has one pin. Check if it is intended to be dangling.
[WARNING RSZ-0104] Net _053344_ only has one pin. Check if it is intended to be dangling.
[WARNING RSZ-0104] Net _053334_ only has one pin. Check if it is intended to be dangling.
[WARNING RSZ-0104] Net _053354_ only has one pin. Check if it is intended to be dangling.
[WARNING RSZ-0104] Net _053353_ only has one pin. Check if it is intended to be dangling.
[WARNING RSZ-0104] Net _053352_ only has one pin. Check if it is intended to be dangling.
[WARNING RSZ-0104] Net _053351_ only has one pin. Check if it is intended to be dangling.
[WARNING RSZ-0104] Net _053350_ only has one pin. Check if it is intended to be dangling.
[WARNING RSZ-0104] Net _053349_ only has one pin. Check if it is intended to be dangling.
[WARNING RSZ-0104] Net _053348_ only has one pin. Check if it is intended to be dangling.
[WARNING RSZ-0104] Net _053347_ only has one pin. Check if it is intended to be dangling.
[WARNING RSZ-0104] Net _053346_ only has one pin. Check if it is intended to be dangling.
[WARNING RSZ-0104] Net _050249_ only has one pin. Check if it is intended to be dangling.
[WARNING RSZ-0104] Net _053355_ only has one pin. Check if it is intended to be dangling.
[WARNING RSZ-0104] Net _053345_ only has one pin. Check if it is intended to be dangling.
[WARNING RSZ-0104] Net _053860_ only has one pin. Check if it is intended to be dangling.
[WARNING RSZ-0104] Net _053859_ only has one pin. Check if it is intended to be dangling.
[WARNING RSZ-0104] Net _053858_ only has one pin. Check if it is intended to be dangling.
[WARNING RSZ-0104] Net _053857_ only has one pin. Check if it is intended to be dangling.
[WARNING RSZ-0104] Net _053856_ only has one pin. Check if it is intended to be dangling.
[WARNING RSZ-0104] Net _053855_ only has one pin. Check if it is intended to be dangling.
[WARNING RSZ-0104] Net _053854_ only has one pin. Check if it is intended to be dangling.
[WARNING RSZ-0104] Net _053853_ only has one pin. Check if it is intended to be dangling.
[WARNING RSZ-0104] Net _053852_ only has one pin. Check if it is intended to be dangling.
[WARNING RSZ-0104] Net _050295_ only has one pin. Check if it is intended to be dangling.
[WARNING RSZ-0104] Net _053861_ only has one pin. Check if it is intended to be dangling.
[WARNING RSZ-0104] Net _053851_ only has one pin. Check if it is intended to be dangling.
[WARNING RSZ-0104] Net _053365_ only has one pin. Check if it is intended to be dangling.
[WARNING RSZ-0104] Net _053364_ only has one pin. Check if it is intended to be dangling.
[WARNING RSZ-0104] Net _053363_ only has one pin. Check if it is intended to be dangling.
[WARNING RSZ-0104] Net _053362_ only has one pin. Check if it is intended to be dangling.
[WARNING RSZ-0104] Net _053361_ only has one pin. Check if it is intended to be dangling.
[WARNING RSZ-0104] Net _053360_ only has one pin. Check if it is intended to be dangling.
[WARNING RSZ-0104] Net _053359_ only has one pin. Check if it is intended to be dangling.
[WARNING RSZ-0104] Net _053358_ only has one pin. Check if it is intended to be dangling.
[WARNING RSZ-0104] Net _053357_ only has one pin. Check if it is intended to be dangling.
[WARNING RSZ-0104] Net _050250_ only has one pin. Check if it is intended to be dangling.
[WARNING RSZ-0104] Net _053366_ only has one pin. Check if it is intended to be dangling.
[WARNING RSZ-0104] Net _053356_ only has one pin. Check if it is intended to be dangling.
[WARNING RSZ-0104] Net _053376_ only has one pin. Check if it is intended to be dangling.
[WARNING RSZ-0104] Net _053375_ only has one pin. Check if it is intended to be dangling.
[WARNING RSZ-0104] Net _053374_ only has one pin. Check if it is intended to be dangling.
[WARNING RSZ-0104] Net _053373_ only has one pin. Check if it is intended to be dangling.
[WARNING RSZ-0104] Net _053372_ only has one pin. Check if it is intended to be dangling.
[WARNING RSZ-0104] Net _053371_ only has one pin. Check if it is intended to be dangling.
[WARNING RSZ-0104] Net _053370_ only has one pin. Check if it is intended to be dangling.
[WARNING RSZ-0104] Net _053369_ only has one pin. Check if it is intended to be dangling.
[WARNING RSZ-0104] Net _053368_ only has one pin. Check if it is intended to be dangling.
[WARNING RSZ-0104] Net _050251_ only has one pin. Check if it is intended to be dangling.
[WARNING RSZ-0104] Net _053377_ only has one pin. Check if it is intended to be dangling.
[WARNING RSZ-0104] Net _053367_ only has one pin. Check if it is intended to be dangling.
[WARNING RSZ-0104] Net _053387_ only has one pin. Check if it is intended to be dangling.
[WARNING RSZ-0104] Net _053386_ only has one pin. Check if it is intended to be dangling.
[WARNING RSZ-0104] Net _053385_ only has one pin. Check if it is intended to be dangling.
[WARNING RSZ-0104] Net _053384_ only has one pin. Check if it is intended to be dangling.
[WARNING RSZ-0104] Net _053383_ only has one pin. Check if it is intended to be dangling.
[WARNING RSZ-0104] Net _053382_ only has one pin. Check if it is intended to be dangling.
[WARNING RSZ-0104] Net _053381_ only has one pin. Check if it is intended to be dangling.
[WARNING RSZ-0104] Net _053380_ only has one pin. Check if it is intended to be dangling.
[WARNING RSZ-0104] Net _053379_ only has one pin. Check if it is intended to be dangling.
[WARNING RSZ-0104] Net _050252_ only has one pin. Check if it is intended to be dangling.
[WARNING RSZ-0104] Net _053388_ only has one pin. Check if it is intended to be dangling.
[WARNING RSZ-0104] Net _053378_ only has one pin. Check if it is intended to be dangling.
[WARNING RSZ-0104] Net _053398_ only has one pin. Check if it is intended to be dangling.
[WARNING RSZ-0104] Net _053397_ only has one pin. Check if it is intended to be dangling.
[WARNING RSZ-0104] Net _053396_ only has one pin. Check if it is intended to be dangling.
[WARNING RSZ-0104] Net _053395_ only has one pin. Check if it is intended to be dangling.
[WARNING RSZ-0104] Net _053394_ only has one pin. Check if it is intended to be dangling.
[WARNING RSZ-0104] Net _053393_ only has one pin. Check if it is intended to be dangling.
[WARNING RSZ-0104] Net _053392_ only has one pin. Check if it is intended to be dangling.
[WARNING RSZ-0104] Net _053391_ only has one pin. Check if it is intended to be dangling.
[WARNING RSZ-0104] Net _053390_ only has one pin. Check if it is intended to be dangling.
[WARNING RSZ-0104] Net _050253_ only has one pin. Check if it is intended to be dangling.
[WARNING RSZ-0104] Net _053399_ only has one pin. Check if it is intended to be dangling.
[WARNING RSZ-0104] Net _053389_ only has one pin. Check if it is intended to be dangling.
[WARNING RSZ-0104] Net _053409_ only has one pin. Check if it is intended to be dangling.
[WARNING RSZ-0104] Net _053408_ only has one pin. Check if it is intended to be dangling.
[WARNING RSZ-0104] Net _053407_ only has one pin. Check if it is intended to be dangling.
[WARNING RSZ-0104] Net _053406_ only has one pin. Check if it is intended to be dangling.
[WARNING RSZ-0104] Net _053405_ only has one pin. Check if it is intended to be dangling.
[WARNING RSZ-0104] Net _053404_ only has one pin. Check if it is intended to be dangling.
[WARNING RSZ-0104] Net _053403_ only has one pin. Check if it is intended to be dangling.
[WARNING RSZ-0104] Net _053402_ only has one pin. Check if it is intended to be dangling.
[WARNING RSZ-0104] Net _053401_ only has one pin. Check if it is intended to be dangling.
[WARNING RSZ-0104] Net _050254_ only has one pin. Check if it is intended to be dangling.
[WARNING RSZ-0104] Net _053410_ only has one pin. Check if it is intended to be dangling.
[WARNING RSZ-0104] Net _053400_ only has one pin. Check if it is intended to be dangling.
[WARNING RSZ-0104] Net _053420_ only has one pin. Check if it is intended to be dangling.
[WARNING RSZ-0104] Net _053419_ only has one pin. Check if it is intended to be dangling.
[WARNING RSZ-0104] Net _053418_ only has one pin. Check if it is intended to be dangling.
[WARNING RSZ-0104] Net _053417_ only has one pin. Check if it is intended to be dangling.
[WARNING RSZ-0104] Net _053416_ only has one pin. Check if it is intended to be dangling.
[WARNING RSZ-0104] Net _053415_ only has one pin. Check if it is intended to be dangling.
[WARNING RSZ-0104] Net _053414_ only has one pin. Check if it is intended to be dangling.
[WARNING RSZ-0104] Net _053413_ only has one pin. Check if it is intended to be dangling.
[WARNING RSZ-0104] Net _053412_ only has one pin. Check if it is intended to be dangling.
[WARNING RSZ-0104] Net _050255_ only has one pin. Check if it is intended to be dangling.
[WARNING RSZ-0104] Net _053421_ only has one pin. Check if it is intended to be dangling.
[WARNING RSZ-0104] Net _053411_ only has one pin. Check if it is intended to be dangling.
[WARNING RSZ-0104] Net _053431_ only has one pin. Check if it is intended to be dangling.
[WARNING RSZ-0104] Net _053430_ only has one pin. Check if it is intended to be dangling.
[WARNING RSZ-0104] Net _053429_ only has one pin. Check if it is intended to be dangling.
[WARNING RSZ-0104] Net _053428_ only has one pin. Check if it is intended to be dangling.
[WARNING RSZ-0104] Net _053427_ only has one pin. Check if it is intended to be dangling.
[WARNING RSZ-0104] Net _053426_ only has one pin. Check if it is intended to be dangling.
[WARNING RSZ-0104] Net _053425_ only has one pin. Check if it is intended to be dangling.
[WARNING RSZ-0104] Net _053424_ only has one pin. Check if it is intended to be dangling.
[WARNING RSZ-0104] Net _053423_ only has one pin. Check if it is intended to be dangling.
[WARNING RSZ-0104] Net _050256_ only has one pin. Check if it is intended to be dangling.
[WARNING RSZ-0104] Net _053432_ only has one pin. Check if it is intended to be dangling.
[WARNING RSZ-0104] Net _053422_ only has one pin. Check if it is intended to be dangling.
[WARNING RSZ-0104] Net _053442_ only has one pin. Check if it is intended to be dangling.
[WARNING RSZ-0104] Net _053441_ only has one pin. Check if it is intended to be dangling.
[WARNING RSZ-0104] Net _053440_ only has one pin. Check if it is intended to be dangling.
[WARNING RSZ-0104] Net _053439_ only has one pin. Check if it is intended to be dangling.
[WARNING RSZ-0104] Net _053438_ only has one pin. Check if it is intended to be dangling.
[WARNING RSZ-0104] Net _053437_ only has one pin. Check if it is intended to be dangling.
[WARNING RSZ-0104] Net _053436_ only has one pin. Check if it is intended to be dangling.
[WARNING RSZ-0104] Net _053435_ only has one pin. Check if it is intended to be dangling.
[WARNING RSZ-0104] Net _053434_ only has one pin. Check if it is intended to be dangling.
[WARNING RSZ-0104] Net _050257_ only has one pin. Check if it is intended to be dangling.
[WARNING RSZ-0104] Net _053443_ only has one pin. Check if it is intended to be dangling.
[WARNING RSZ-0104] Net _053433_ only has one pin. Check if it is intended to be dangling.
[WARNING RSZ-0104] Net _053453_ only has one pin. Check if it is intended to be dangling.
[WARNING RSZ-0104] Net _053452_ only has one pin. Check if it is intended to be dangling.
[WARNING RSZ-0104] Net _053451_ only has one pin. Check if it is intended to be dangling.
[WARNING RSZ-0104] Net _053450_ only has one pin. Check if it is intended to be dangling.
[WARNING RSZ-0104] Net _053449_ only has one pin. Check if it is intended to be dangling.
[WARNING RSZ-0104] Net _053448_ only has one pin. Check if it is intended to be dangling.
[WARNING RSZ-0104] Net _053447_ only has one pin. Check if it is intended to be dangling.
[WARNING RSZ-0104] Net _053446_ only has one pin. Check if it is intended to be dangling.
[WARNING RSZ-0104] Net _053445_ only has one pin. Check if it is intended to be dangling.
[WARNING RSZ-0104] Net _050258_ only has one pin. Check if it is intended to be dangling.
[WARNING RSZ-0104] Net _053454_ only has one pin. Check if it is intended to be dangling.
[WARNING RSZ-0104] Net _053444_ only has one pin. Check if it is intended to be dangling.
[WARNING RSZ-0104] Net _053464_ only has one pin. Check if it is intended to be dangling.
[WARNING RSZ-0104] Net _053463_ only has one pin. Check if it is intended to be dangling.
[WARNING RSZ-0104] Net _053462_ only has one pin. Check if it is intended to be dangling.
[WARNING RSZ-0104] Net _053461_ only has one pin. Check if it is intended to be dangling.
[WARNING RSZ-0104] Net _053460_ only has one pin. Check if it is intended to be dangling.
[WARNING RSZ-0104] Net _053459_ only has one pin. Check if it is intended to be dangling.
[WARNING RSZ-0104] Net _053458_ only has one pin. Check if it is intended to be dangling.
[WARNING RSZ-0104] Net _053457_ only has one pin. Check if it is intended to be dangling.
[WARNING RSZ-0104] Net _053456_ only has one pin. Check if it is intended to be dangling.
[WARNING RSZ-0104] Net _050259_ only has one pin. Check if it is intended to be dangling.
[WARNING RSZ-0104] Net _053465_ only has one pin. Check if it is intended to be dangling.
[WARNING RSZ-0104] Net _053455_ only has one pin. Check if it is intended to be dangling.
[WARNING RSZ-0104] Net _053871_ only has one pin. Check if it is intended to be dangling.
[WARNING RSZ-0104] Net _053870_ only has one pin. Check if it is intended to be dangling.
[WARNING RSZ-0104] Net _053869_ only has one pin. Check if it is intended to be dangling.
[WARNING RSZ-0104] Net _053868_ only has one pin. Check if it is intended to be dangling.
[WARNING RSZ-0104] Net _053867_ only has one pin. Check if it is intended to be dangling.
[WARNING RSZ-0104] Net _053866_ only has one pin. Check if it is intended to be dangling.
[WARNING RSZ-0104] Net _053865_ only has one pin. Check if it is intended to be dangling.
[WARNING RSZ-0104] Net _053864_ only has one pin. Check if it is intended to be dangling.
[WARNING RSZ-0104] Net _053863_ only has one pin. Check if it is intended to be dangling.
[WARNING RSZ-0104] Net _050296_ only has one pin. Check if it is intended to be dangling.
[WARNING RSZ-0104] Net _053872_ only has one pin. Check if it is intended to be dangling.
[WARNING RSZ-0104] Net _053862_ only has one pin. Check if it is intended to be dangling.
[WARNING RSZ-0104] Net _053475_ only has one pin. Check if it is intended to be dangling.
[WARNING RSZ-0104] Net _053474_ only has one pin. Check if it is intended to be dangling.
[WARNING RSZ-0104] Net _053473_ only has one pin. Check if it is intended to be dangling.
[WARNING RSZ-0104] Net _053472_ only has one pin. Check if it is intended to be dangling.
[WARNING RSZ-0104] Net _053471_ only has one pin. Check if it is intended to be dangling.
[WARNING RSZ-0104] Net _053470_ only has one pin. Check if it is intended to be dangling.
[WARNING RSZ-0104] Net _053469_ only has one pin. Check if it is intended to be dangling.
[WARNING RSZ-0104] Net _053468_ only has one pin. Check if it is intended to be dangling.
[WARNING RSZ-0104] Net _053467_ only has one pin. Check if it is intended to be dangling.
[WARNING RSZ-0104] Net _050260_ only has one pin. Check if it is intended to be dangling.
[WARNING RSZ-0104] Net _053476_ only has one pin. Check if it is intended to be dangling.
[WARNING RSZ-0104] Net _053466_ only has one pin. Check if it is intended to be dangling.
[WARNING RSZ-0104] Net _053486_ only has one pin. Check if it is intended to be dangling.
[WARNING RSZ-0104] Net _053485_ only has one pin. Check if it is intended to be dangling.
[WARNING RSZ-0104] Net _053484_ only has one pin. Check if it is intended to be dangling.
[WARNING RSZ-0104] Net _053483_ only has one pin. Check if it is intended to be dangling.
[WARNING RSZ-0104] Net _053482_ only has one pin. Check if it is intended to be dangling.
[WARNING RSZ-0104] Net _053481_ only has one pin. Check if it is intended to be dangling.
[WARNING RSZ-0104] Net _053480_ only has one pin. Check if it is intended to be dangling.
[WARNING RSZ-0104] Net _053479_ only has one pin. Check if it is intended to be dangling.
    64000 |     +0.0% |       2 |       7 |             8 |      8091
[WARNING RSZ-0104] Net _053478_ only has one pin. Check if it is intended to be dangling.
[WARNING RSZ-0104] Net _050261_ only has one pin. Check if it is intended to be dangling.
[WARNING RSZ-0104] Net _053487_ only has one pin. Check if it is intended to be dangling.
[WARNING RSZ-0104] Net _053477_ only has one pin. Check if it is intended to be dangling.
[WARNING RSZ-0104] Net _053497_ only has one pin. Check if it is intended to be dangling.
[WARNING RSZ-0104] Net _053496_ only has one pin. Check if it is intended to be dangling.
[WARNING RSZ-0104] Net _053495_ only has one pin. Check if it is intended to be dangling.
[WARNING RSZ-0104] Net _053494_ only has one pin. Check if it is intended to be dangling.
[WARNING RSZ-0104] Net _053493_ only has one pin. Check if it is intended to be dangling.
[WARNING RSZ-0104] Net _053492_ only has one pin. Check if it is intended to be dangling.
[WARNING RSZ-0104] Net _053491_ only has one pin. Check if it is intended to be dangling.
[WARNING RSZ-0104] Net _053490_ only has one pin. Check if it is intended to be dangling.
[WARNING RSZ-0104] Net _053489_ only has one pin. Check if it is intended to be dangling.
[WARNING RSZ-0104] Net _050262_ only has one pin. Check if it is intended to be dangling.
[WARNING RSZ-0104] Net _053498_ only has one pin. Check if it is intended to be dangling.
[WARNING RSZ-0104] Net _053488_ only has one pin. Check if it is intended to be dangling.
[WARNING RSZ-0104] Net _053508_ only has one pin. Check if it is intended to be dangling.
[WARNING RSZ-0104] Net _053507_ only has one pin. Check if it is intended to be dangling.
[WARNING RSZ-0104] Net _053506_ only has one pin. Check if it is intended to be dangling.
[WARNING RSZ-0104] Net _053505_ only has one pin. Check if it is intended to be dangling.
[WARNING RSZ-0104] Net _053504_ only has one pin. Check if it is intended to be dangling.
[WARNING RSZ-0104] Net _053503_ only has one pin. Check if it is intended to be dangling.
[WARNING RSZ-0104] Net _053502_ only has one pin. Check if it is intended to be dangling.
[WARNING RSZ-0104] Net _053501_ only has one pin. Check if it is intended to be dangling.
[WARNING RSZ-0104] Net _053500_ only has one pin. Check if it is intended to be dangling.
[WARNING RSZ-0104] Net _050263_ only has one pin. Check if it is intended to be dangling.
[WARNING RSZ-0104] Net _053509_ only has one pin. Check if it is intended to be dangling.
[WARNING RSZ-0104] Net _053499_ only has one pin. Check if it is intended to be dangling.
[WARNING RSZ-0104] Net _053519_ only has one pin. Check if it is intended to be dangling.
[WARNING RSZ-0104] Net _053518_ only has one pin. Check if it is intended to be dangling.
[WARNING RSZ-0104] Net _053517_ only has one pin. Check if it is intended to be dangling.
[WARNING RSZ-0104] Net _053516_ only has one pin. Check if it is intended to be dangling.
[WARNING RSZ-0104] Net _053515_ only has one pin. Check if it is intended to be dangling.
[WARNING RSZ-0104] Net _053514_ only has one pin. Check if it is intended to be dangling.
[WARNING RSZ-0104] Net _053513_ only has one pin. Check if it is intended to be dangling.
[WARNING RSZ-0104] Net _053512_ only has one pin. Check if it is intended to be dangling.
[WARNING RSZ-0104] Net _053511_ only has one pin. Check if it is intended to be dangling.
[WARNING RSZ-0104] Net _050264_ only has one pin. Check if it is intended to be dangling.
[WARNING RSZ-0104] Net _053520_ only has one pin. Check if it is intended to be dangling.
[WARNING RSZ-0104] Net _053510_ only has one pin. Check if it is intended to be dangling.
[WARNING RSZ-0104] Net _053530_ only has one pin. Check if it is intended to be dangling.
[WARNING RSZ-0104] Net _053529_ only has one pin. Check if it is intended to be dangling.
[WARNING RSZ-0104] Net _053528_ only has one pin. Check if it is intended to be dangling.
[WARNING RSZ-0104] Net _053527_ only has one pin. Check if it is intended to be dangling.
[WARNING RSZ-0104] Net _053526_ only has one pin. Check if it is intended to be dangling.
[WARNING RSZ-0104] Net _053525_ only has one pin. Check if it is intended to be dangling.
[WARNING RSZ-0104] Net _053524_ only has one pin. Check if it is intended to be dangling.
[WARNING RSZ-0104] Net _053523_ only has one pin. Check if it is intended to be dangling.
[WARNING RSZ-0104] Net _053522_ only has one pin. Check if it is intended to be dangling.
[WARNING RSZ-0104] Net _050265_ only has one pin. Check if it is intended to be dangling.
[WARNING RSZ-0104] Net _053531_ only has one pin. Check if it is intended to be dangling.
[WARNING RSZ-0104] Net _053521_ only has one pin. Check if it is intended to be dangling.
[WARNING RSZ-0104] Net _053541_ only has one pin. Check if it is intended to be dangling.
[WARNING RSZ-0104] Net _053540_ only has one pin. Check if it is intended to be dangling.
[WARNING RSZ-0104] Net _053539_ only has one pin. Check if it is intended to be dangling.
[WARNING RSZ-0104] Net _053538_ only has one pin. Check if it is intended to be dangling.
[WARNING RSZ-0104] Net _053537_ only has one pin. Check if it is intended to be dangling.
[WARNING RSZ-0104] Net _053536_ only has one pin. Check if it is intended to be dangling.
[WARNING RSZ-0104] Net _053535_ only has one pin. Check if it is intended to be dangling.
[WARNING RSZ-0104] Net _053534_ only has one pin. Check if it is intended to be dangling.
[WARNING RSZ-0104] Net _053533_ only has one pin. Check if it is intended to be dangling.
[WARNING RSZ-0104] Net _050266_ only has one pin. Check if it is intended to be dangling.
[WARNING RSZ-0104] Net _053542_ only has one pin. Check if it is intended to be dangling.
[WARNING RSZ-0104] Net _053532_ only has one pin. Check if it is intended to be dangling.
[WARNING RSZ-0104] Net _053552_ only has one pin. Check if it is intended to be dangling.
[WARNING RSZ-0104] Net _053551_ only has one pin. Check if it is intended to be dangling.
[WARNING RSZ-0104] Net _053550_ only has one pin. Check if it is intended to be dangling.
[WARNING RSZ-0104] Net _053549_ only has one pin. Check if it is intended to be dangling.
[WARNING RSZ-0104] Net _053548_ only has one pin. Check if it is intended to be dangling.
[WARNING RSZ-0104] Net _053547_ only has one pin. Check if it is intended to be dangling.
[WARNING RSZ-0104] Net _053546_ only has one pin. Check if it is intended to be dangling.
[WARNING RSZ-0104] Net _053545_ only has one pin. Check if it is intended to be dangling.
[WARNING RSZ-0104] Net _053544_ only has one pin. Check if it is intended to be dangling.
[WARNING RSZ-0104] message limit (1000) reached. This message will no longer print.
    65000 |     +0.0% |       2 |       7 |             8 |      7091
    66000 |     +0.0% |       2 |       7 |             8 |      6091
    67000 |     +0.0% |       2 |       7 |             8 |      5091
    68000 |     +0.0% |       2 |       7 |             8 |      4091
    69000 |     +0.0% |       2 |       7 |             8 |      3091
    70000 |     +0.0% |       2 |       7 |             8 |      2091
    71000 |     +0.0% |       2 |       7 |             8 |      1091
    72000 |     +0.0% |       2 |       7 |             8 |        91
    final |     +0.0% |       2 |       8 |             9 |         0
---------------------------------------------------------------------
[INFO RSZ-0034] Found 2 slew violations.
[INFO RSZ-0036] Found 8 capacitance violations.
[INFO RSZ-0039] Resized 2 instances.
[INFO RSZ-0038] Inserted 8 buffers in 9 nets.
Took 8 seconds: repair_design -verbose
global_route -start_incremental
detailed_placement
[INFO DPL-0006] Core area: 97934.02 um^2, Instances area: 91248.64 um^2, Utilization: 93.2%
[INFO DPL-0005] Diamond search max displacement: +/- 500 sites horizontally, +/- 100 rows vertically.
[INFO DPL-1101] Legalizing using diamond search.
Movements Summary
---------------------------------------
Total cells:                   59816
Diamond Move Success:          59816 (100.00%)
Diamond Move Failure:              0
Rip-up and replace Success:        0 (  0.00% of diamond failures)
Rip-up and replace Failure:        0
Total Placement Failures:          0
---------------------------------------
Placement Analysis
---------------------------------
total displacement        932.3 u
average displacement        0.0 u
max displacement           33.3 u
original HPWL          588903.3 u
legalized HPWL         590161.3 u
delta HPWL                    0 %

global_route -end_incremental -congestion_report_file /work/reports/nangate45/jpeg/base/congestion_post_repair_design.rpt
Repair setup and hold violations...
estimate_parasitics -global_routing
repair_timing -setup_margin 0 -hold_margin 0 -repair_tns 100 -verbose
[INFO RSZ-0100] Repair move sequence: UnbufferMove SizeUpMove SwapPinsMove BufferMove CloneMove SplitLoadMove 
[INFO RSZ-0094] Found 701 endpoints with setup violations.
[INFO RSZ-0099] Repairing 701 out of 701 (100.00%) violating endpoints...
   Iter   | Removed | Resized | Inserted | Cloned |  Pin  |   Area   |    WNS   |   StTNS    |   EnTNS    |  Viol  |  Worst  
          | Buffers |  Gates  | Buffers  |  Gates | Swaps |          |          |            |            | Endpts | St/EnPt 
------------------------------------------------------------------------------------------------------------------------------
       0* |       0 |       0 |        0 |      0 |     0 |    +0.0% |   -0.351 |       -8.1 |      -62.4 |    701 | fdct_zigzag.dct_mod.dct_block_1.dct_unit_0.macu.mult_res\[18\]$_DFFE_PP_/D
      10* |       0 |       6 |        1 |      0 |     2 |    +0.0% |   -0.275 |       -6.4 |      -61.8 |    701 | fdct_zigzag.dct_mod.dct_block_4.dct_unit_2.macu.mult_res\[15\]$_DFFE_PP_/D
      20* |       0 |      11 |        5 |      0 |     4 |    +0.0% |   -0.253 |       -6.0 |      -71.6 |    701 | fdct_zigzag.dct_mod.dct_block_4.dct_unit_2.macu.mult_res\[10\]$_DFFE_PP_/D
      30* |       0 |      17 |        9 |      0 |     4 |    +0.0% |   -0.233 |       -5.7 |      -71.2 |    701 | fdct_zigzag.dct_mod.dct_block_3.dct_unit_0.macu.mult_res\[18\]$_DFFE_PP_/D
      40* |       0 |      24 |       13 |      0 |     4 |    +0.0% |   -0.220 |       -5.2 |      -71.1 |    701 | fdct_zigzag.dct_mod.dct_block_4.dct_unit_2.macu.mult_res\[17\]$_DFFE_PP_/D
      50* |       0 |      30 |       18 |      0 |     5 |    +0.0% |   -0.207 |       -4.9 |      -70.9 |    701 | fdct_zigzag.dct_mod.dct_block_4.dct_unit_2.macu.mult_res\[16\]$_DFFE_PP_/D
      60* |       0 |      36 |       21 |      0 |     7 |    +0.0% |   -0.193 |       -4.8 |      -70.4 |    701 | fdct_zigzag.dct_mod.dct_block_2.dct_unit_0.macu.mult_res\[16\]$_DFFE_PP_/D
      70* |       0 |      43 |       25 |      0 |     7 |    +0.1% |   -0.187 |       -4.4 |      -71.2 |    701 | fdct_zigzag.dct_mod.dct_block_1.dct_unit_0.macu.mult_res\[18\]$_DFFE_PP_/D
      80* |       0 |      50 |       28 |      0 |     7 |    +0.1% |   -0.180 |       -4.3 |      -71.0 |    701 | fdct_zigzag.dct_mod.dct_block_3.dct_unit_0.macu.mult_res\[18\]$_DFFE_PP_/D
      90* |       0 |      58 |       29 |      0 |     8 |    +0.1% |   -0.177 |       -4.2 |      -70.9 |    701 | fdct_zigzag.dct_mod.dct_block_3.dct_unit_0.macu.mult_res\[16\]$_DFFE_PP_/D
     100* |       0 |      65 |       31 |      0 |     9 |    +0.1% |   -0.172 |       -4.1 |      -70.8 |    701 | fdct_zigzag.dct_mod.dct_block_4.dct_unit_2.macu.mult_res\[10\]$_DFFE_PP_/D
     110* |       1 |      70 |       34 |      0 |    10 |    +0.1% |   -0.169 |       -3.9 |      -70.5 |    701 | fdct_zigzag.dct_mod.dct_block_4.dct_unit_2.macu.mult_res\[17\]$_DFFE_PP_/D
     120* |       1 |      77 |       36 |      0 |    11 |    +0.1% |   -0.165 |       -3.8 |      -70.3 |    701 | fdct_zigzag.dct_mod.dct_block_4.dct_unit_7.macu.mult_res\[16\]$_DFFE_PP_/D
     130* |       1 |      81 |       38 |      0 |    15 |    +0.1% |   -0.164 |       -3.8 |      -70.4 |    701 | fdct_zigzag.dct_mod.dct_block_4.dct_unit_2.macu.mult_res\[17\]$_DFFE_PP_/D
     140* |       1 |      88 |       41 |      0 |    16 |    +0.1% |   -0.163 |       -3.8 |      -70.5 |    701 | fdct_zigzag.dct_mod.dct_block_2.dct_unit_0.macu.mult_res\[16\]$_DFFE_PP_/D
     150* |       2 |      89 |       44 |      0 |    21 |    +0.1% |   -0.166 |       -3.8 |      -70.4 |    701 | fdct_zigzag.dct_mod.dct_block_4.dct_unit_3.macu.mult_res\[18\]$_DFFE_PP_/D
     160* |       2 |      93 |       46 |      0 |    25 |    +0.1% |   -0.161 |       -3.7 |      -70.3 |    701 | fdct_zigzag.dct_mod.dct_block_3.dct_unit_0.macu.mult_res\[17\]$_DFFE_PP_/D
     170* |       2 |      99 |       48 |      0 |    27 |    +0.1% |   -0.173 |       -3.8 |      -70.2 |    701 | fdct_zigzag.dct_mod.dct_block_4.dct_unit_2.macu.mult_res\[16\]$_DFFE_PP_/D
     180* |       2 |     106 |       49 |      0 |    29 |    +0.1% |   -0.161 |       -3.7 |      -70.3 |    701 | fdct_zigzag.dct_mod.dct_block_7.dct_unit_2.macu.mult_res\[17\]$_DFFE_PP_/D
     190* |       2 |     111 |       52 |      0 |    31 |    +0.1% |   -0.162 |       -3.7 |      -70.4 |    701 | fdct_zigzag.dct_mod.dct_block_4.dct_unit_3.macu.mult_res\[18\]$_DFFE_PP_/D
     200* |       2 |     121 |       52 |      0 |    31 |    +0.1% |   -0.157 |       -3.6 |      -68.8 |    701 | fdct_zigzag.dct_mod.dct_block_4.dct_unit_7.macu.mult_res\[17\]$_DFFE_PP_/D
     210* |       2 |     126 |       52 |      0 |    36 |    +0.1% |   -0.169 |       -3.7 |      -68.8 |    701 | fdct_zigzag.dct_mod.dct_block_4.dct_unit_5.macu.mult_res\[16\]$_DFFE_PP_/D
     220* |       3 |     134 |       52 |      0 |    37 |    +0.2% |   -0.155 |       -3.6 |      -64.8 |    701 | fdct_zigzag.dct_mod.dct_block_2.dct_unit_1.macu.mult_res\[16\]$_DFFE_PP_/D
     230* |       3 |     141 |       54 |      0 |    39 |    +0.2% |   -0.152 |       -3.5 |      -63.4 |    701 | fdct_zigzag.dct_mod.dct_block_3.dct_unit_0.macu.mult_res\[18\]$_DFFE_PP_/D
     240* |       3 |     147 |       56 |      0 |    41 |    +0.2% |   -0.147 |       -3.5 |      -60.5 |    701 | fdct_zigzag.dct_mod.dct_block_1.dct_unit_0.macu.mult_res\[18\]$_DFFE_PP_/D
     250* |       3 |     155 |       57 |      0 |    42 |    +0.2% |   -0.147 |       -3.4 |      -60.5 |    701 | fdct_zigzag.dct_mod.dct_block_4.dct_unit_2.macu.mult_res\[15\]$_DFFE_PP_/D
     260* |       3 |     162 |       58 |      0 |    44 |    +0.2% |   -0.155 |       -3.4 |      -60.4 |    701 | fdct_zigzag.dct_mod.dct_block_3.dct_unit_0.macu.mult_res\[18\]$_DFFE_PP_/D
     270* |       3 |     169 |       61 |      0 |    45 |    +0.2% |   -0.144 |       -3.3 |      -60.4 |    701 | fdct_zigzag.dct_mod.dct_block_4.dct_unit_2.macu.mult_res\[17\]$_DFFE_PP_/D
     280* |       3 |     175 |       62 |      0 |    48 |    +0.2% |   -0.142 |       -3.2 |      -60.3 |    701 | fdct_zigzag.dct_mod.dct_block_1.dct_unit_0.macu.mult_res\[18\]$_DFFE_PP_/D
     290* |       4 |     181 |       63 |      0 |    50 |    +0.2% |   -0.141 |       -3.2 |      -60.2 |    701 | fdct_zigzag.dct_mod.dct_block_2.dct_unit_1.macu.mult_res\[16\]$_DFFE_PP_/D
     300* |       4 |     188 |       64 |      0 |    52 |    +0.2% |   -0.140 |       -3.2 |      -60.2 |    701 | fdct_zigzag.dct_mod.dct_block_4.dct_unit_5.macu.mult_res\[16\]$_DFFE_PP_/D
     310* |       4 |     193 |       66 |      0 |    55 |    +0.2% |   -0.148 |       -3.2 |      -60.2 |    701 | fdct_zigzag.dct_mod.dct_block_1.dct_unit_0.macu.mult_res\[18\]$_DFFE_PP_/D
     320* |       5 |     197 |       69 |      0 |    58 |    +0.2% |   -0.170 |       -3.3 |      -60.2 |    701 | fdct_zigzag.dct_mod.dct_block_1.dct_unit_0.macu.mult_res\[18\]$_DFFE_PP_/D
     330* |      10 |     197 |       74 |      0 |    58 |    +0.2% |   -0.170 |       -3.3 |      -60.2 |    701 | fdct_zigzag.dct_mod.dct_block_1.dct_unit_0.macu.mult_res\[18\]$_DFFE_PP_/D
     340* |      15 |     197 |       79 |      0 |    58 |    +0.2% |   -0.170 |       -3.3 |      -60.2 |    701 | fdct_zigzag.dct_mod.dct_block_1.dct_unit_0.macu.mult_res\[18\]$_DFFE_PP_/D
     350* |      20 |     197 |       84 |      0 |    58 |    +0.2% |   -0.170 |       -3.3 |      -60.2 |    701 | fdct_zigzag.dct_mod.dct_block_1.dct_unit_0.macu.mult_res\[18\]$_DFFE_PP_/D
     357* |       4 |     193 |       65 |      0 |    53 |    +0.2% |   -0.139 |       -3.2 |      -60.1 |    701 | fdct_zigzag.dct_mod.dct_block_1.dct_unit_0.macu.mult_res\[18\]$_DFFE_PP_/D
     360* |       4 |     193 |       66 |      0 |    54 |    +0.2% |   -0.139 |       -3.2 |      -60.1 |    701 | fdct_zigzag.dct_mod.dct_block_1.dct_unit_0.macu.mult_res\[18\]$_DFFE_PP_/D
     370* |       4 |     198 |       69 |      0 |    56 |    +0.2% |   -0.145 |       -3.2 |      -61.2 |    701 | fdct_zigzag.dct_mod.dct_block_4.dct_unit_2.macu.mult_res\[15\]$_DFFE_PP_/D
     380* |       4 |     205 |       70 |      0 |    58 |    +0.2% |   -0.145 |       -3.2 |      -61.1 |    701 | fdct_zigzag.dct_mod.dct_block_4.dct_unit_2.macu.mult_res\[15\]$_DFFE_PP_/D
     390* |       4 |     211 |       70 |      0 |    62 |    +0.2% |   -0.145 |       -3.2 |      -61.1 |    701 | fdct_zigzag.dct_mod.dct_block_4.dct_unit_2.macu.mult_res\[15\]$_DFFE_PP_/D
     400* |       4 |     219 |       70 |      0 |    64 |    +0.2% |   -0.145 |       -3.2 |      -61.1 |    701 | fdct_zigzag.dct_mod.dct_block_4.dct_unit_2.macu.mult_res\[15\]$_DFFE_PP_/D
     410* |       4 |     225 |       72 |      0 |    66 |    +0.3% |   -0.145 |       -3.2 |      -61.1 |    701 | fdct_zigzag.dct_mod.dct_block_4.dct_unit_2.macu.mult_res\[15\]$_DFFE_PP_/D
     412* |       4 |     194 |       67 |      0 |    54 |    +0.2% |   -0.139 |       -3.2 |      -60.1 |    701 | fdct_zigzag.dct_mod.dct_block_1.dct_unit_0.macu.mult_res\[18\]$_DFFE_PP_/D
     420* |       4 |     198 |       69 |      0 |    56 |    +0.2% |   -0.148 |       -3.2 |      -60.1 |    701 | fdct_zigzag.dct_mod.dct_block_1.dct_unit_0.macu.mult_res\[18\]$_DFFE_PP_/D
     430* |       4 |     205 |       72 |      0 |    57 |    +0.2% |   -0.148 |       -3.2 |      -60.1 |    701 | fdct_zigzag.dct_mod.dct_block_1.dct_unit_0.macu.mult_res\[18\]$_DFFE_PP_/D
     440* |       4 |     210 |       75 |      0 |    59 |    +0.2% |   -0.149 |       -3.2 |      -60.1 |    701 | fdct_zigzag.dct_mod.dct_block_1.dct_unit_0.macu.mult_res\[18\]$_DFFE_PP_/D
     450* |       4 |     214 |       80 |      0 |    61 |    +0.2% |   -0.149 |       -3.2 |      -60.5 |    701 | fdct_zigzag.dct_mod.dct_block_1.dct_unit_0.macu.mult_res\[18\]$_DFFE_PP_/D
     460* |       4 |     219 |       81 |      0 |    65 |    +0.3% |   -0.150 |       -3.2 |      -60.6 |    701 | fdct_zigzag.dct_mod.dct_block_1.dct_unit_0.macu.mult_res\[18\]$_DFFE_PP_/D
     469* |       4 |     197 |       69 |      0 |    56 |    +0.2% |   -0.139 |       -3.1 |      -60.1 |    701 | fdct_zigzag.dct_mod.dct_block_1.dct_unit_0.macu.mult_res\[17\]$_DFFE_PP_/D
     470* |       4 |     197 |       69 |      0 |    56 |    +0.2% |   -0.139 |       -3.1 |      -60.1 |    701 | fdct_zigzag.dct_mod.dct_block_1.dct_unit_0.macu.mult_res\[17\]$_DFFE_PP_/D
     480* |       4 |     200 |       73 |      0 |    60 |    +0.2% |   -0.139 |       -3.1 |      -60.3 |    701 | fdct_zigzag.dct_mod.dct_block_1.dct_unit_0.macu.mult_res\[17\]$_DFFE_PP_/D
     490* |       4 |     205 |       74 |      0 |    64 |    +0.2% |   -0.139 |       -3.2 |      -60.3 |    701 | fdct_zigzag.dct_mod.dct_block_1.dct_unit_0.macu.mult_res\[17\]$_DFFE_PP_/D
     500* |       6 |     210 |       74 |      0 |    67 |    +0.2% |   -0.139 |       -3.2 |      -60.2 |    701 | fdct_zigzag.dct_mod.dct_block_1.dct_unit_0.macu.mult_res\[17\]$_DFFE_PP_/D
     507* |       6 |     211 |       77 |      0 |    68 |    +0.2% |   -0.139 |       -3.2 |      -60.1 |    701 | fdct_zigzag.dct_mod.dct_block_1.dct_unit_0.macu.mult_res\[17\]$_DFFE_PP_/D
     510* |       6 |     213 |       77 |      0 |    68 |    +0.2% |   -0.139 |       -3.2 |      -60.1 |    701 | fdct_zigzag.dct_mod.dct_block_1.dct_unit_0.macu.mult_res\[17\]$_DFFE_PP_/D
     520* |       6 |     217 |       82 |      0 |    71 |    +0.3% |   -0.141 |       -3.2 |      -60.2 |    701 | fdct_zigzag.dct_mod.dct_block_4.dct_unit_2.macu.mult_res\[17\]$_DFFE_PP_/D
     523* |       6 |     214 |       77 |      0 |    68 |    +0.3% |   -0.139 |       -3.2 |      -60.1 |    701 | fdct_zigzag.dct_mod.dct_block_1.dct_unit_0.macu.mult_res\[17\]$_DFFE_PP_/D
     530* |       6 |     218 |       78 |      0 |    69 |    +0.3% |   -0.139 |       -3.1 |      -60.1 |    701 | fdct_zigzag.dct_mod.dct_block_1.dct_unit_0.macu.mult_res\[17\]$_DFFE_PP_/D
     540* |       6 |     226 |       79 |      0 |    70 |    +0.3% |   -0.139 |       -3.1 |      -60.1 |    701 | fdct_zigzag.dct_mod.dct_block_1.dct_unit_0.macu.mult_res\[17\]$_DFFE_PP_/D
     550* |       8 |     230 |       80 |      0 |    73 |    +0.3% |   -0.139 |       -3.1 |      -60.1 |    701 | fdct_zigzag.dct_mod.dct_block_1.dct_unit_0.macu.mult_res\[17\]$_DFFE_PP_/D
     560* |       8 |     234 |       87 |      0 |    75 |    +0.3% |   -0.139 |       -3.1 |      -60.1 |    701 | fdct_zigzag.dct_mod.dct_block_1.dct_unit_0.macu.mult_res\[17\]$_DFFE_PP_/D
     570* |       8 |     239 |       91 |      0 |    77 |    +0.3% |   -0.161 |       -3.1 |      -62.1 |    701 | fdct_zigzag.dct_mod.dct_block_7.dct_unit_3.macu.mult_res\[15\]$_DFFE_PP_/D
     580* |       8 |     247 |       93 |      0 |    78 |    +0.3% |   -0.154 |       -3.1 |      -62.5 |    701 | fdct_zigzag.dct_mod.dct_block_7.dct_unit_3.macu.mult_res\[15\]$_DFFE_PP_/D
     590* |       9 |     253 |       93 |      0 |    81 |    +0.3% |   -0.154 |       -3.1 |      -62.7 |    701 | fdct_zigzag.dct_mod.dct_block_7.dct_unit_3.macu.mult_res\[15\]$_DFFE_PP_/D
     600* |       9 |     259 |       96 |      0 |    84 |    +0.3% |   -0.157 |       -3.1 |      -63.4 |    701 | fdct_zigzag.dct_mod.dct_block_7.dct_unit_3.macu.mult_res\[15\]$_DFFE_PP_/D
     609* |       8 |     234 |       86 |      0 |    75 |    +0.3% |   -0.139 |       -3.1 |      -60.1 |    701 | fdct_zigzag.dct_mod.dct_block_1.dct_unit_0.macu.mult_res\[17\]$_DFFE_PP_/D
     610* |       8 |     234 |       86 |      0 |    75 |    +0.3% |   -0.139 |       -3.1 |      -60.1 |    701 | fdct_zigzag.dct_mod.dct_block_1.dct_unit_0.macu.mult_res\[17\]$_DFFE_PP_/D
     620* |       8 |     239 |       87 |      0 |    79 |    +0.3% |   -0.139 |       -3.1 |      -60.0 |    701 | fdct_zigzag.dct_mod.dct_block_1.dct_unit_0.macu.mult_res\[17\]$_DFFE_PP_/D
     630* |       8 |     243 |       88 |      0 |    84 |    +0.3% |   -0.146 |       -3.1 |      -60.6 |    701 | fdct_zigzag.dct_mod.dct_block_2.dct_unit_0.macu.mult_res\[18\]$_DFFE_PP_/D
     640* |       8 |     249 |       94 |      0 |    85 |    +0.3% |   -0.162 |       -3.2 |      -61.5 |    701 | fdct_zigzag.dct_mod.dct_block_7.dct_unit_3.macu.mult_res\[15\]$_DFFE_PP_/D
     650* |       8 |     255 |       98 |      0 |    85 |    +0.3% |   -0.159 |       -3.2 |      -62.8 |    701 | fdct_zigzag.dct_mod.dct_block_7.dct_unit_3.macu.mult_res\[15\]$_DFFE_PP_/D
     660* |       8 |     260 |      103 |      0 |    87 |    +0.3% |   -0.159 |       -3.1 |      -63.1 |    701 | fdct_zigzag.dct_mod.dct_block_7.dct_unit_3.macu.mult_res\[15\]$_DFFE_PP_/D
     661* |       8 |     239 |       87 |      0 |    78 |    +0.3% |   -0.139 |       -3.1 |      -60.0 |    701 | fdct_zigzag.dct_mod.dct_block_1.dct_unit_0.macu.mult_res\[17\]$_DFFE_PP_/D
     670* |       8 |     244 |       89 |      0 |    79 |    +0.3% |   -0.140 |       -3.1 |      -60.0 |    701 | fdct_zigzag.dct_mod.dct_block_1.dct_unit_0.macu.mult_res\[17\]$_DFFE_PP_/D
     680* |       8 |     251 |       94 |      0 |    79 |    +0.3% |   -0.140 |       -3.1 |      -60.0 |    701 | fdct_zigzag.dct_mod.dct_block_1.dct_unit_0.macu.mult_res\[17\]$_DFFE_PP_/D
     690* |       8 |     257 |       96 |      0 |    81 |    +0.3% |   -0.143 |       -3.1 |      -60.0 |    701 | fdct_zigzag.dct_mod.dct_block_1.dct_unit_0.macu.mult_res\[17\]$_DFFE_PP_/D
     700* |       8 |     267 |       96 |      0 |    81 |    +0.3% |   -0.139 |       -3.1 |      -60.0 |    701 | fdct_zigzag.dct_mod.dct_block_2.dct_unit_0.macu.mult_res\[18\]$_DFFE_PP_/D
     710* |       8 |     273 |      103 |      0 |    84 |    +0.3% |   -0.139 |       -3.1 |      -60.0 |    701 | fdct_zigzag.dct_mod.dct_block_2.dct_unit_0.macu.mult_res\[18\]$_DFFE_PP_/D
     720* |       8 |     277 |      107 |      1 |    85 |    +0.4% |   -0.139 |       -3.1 |      -61.1 |    701 | fdct_zigzag.dct_mod.dct_block_2.dct_unit_0.macu.mult_res\[18\]$_DFFE_PP_/D
     730* |       8 |     285 |      110 |      1 |    85 |    +0.4% |   -0.143 |       -3.1 |      -61.3 |    701 | fdct_zigzag.dct_mod.dct_block_2.dct_unit_0.macu.mult_res\[16\]$_DFFE_PP_/D
     740* |       8 |     290 |      115 |      1 |    87 |    +0.4% |   -0.143 |       -3.1 |      -61.4 |    701 | fdct_zigzag.dct_mod.dct_block_2.dct_unit_0.macu.mult_res\[16\]$_DFFE_PP_/D
     750* |       8 |     298 |      116 |      1 |    88 |    +0.4% |   -0.143 |       -3.1 |      -61.7 |    701 | fdct_zigzag.dct_mod.dct_block_2.dct_unit_0.macu.mult_res\[16\]$_DFFE_PP_/D
     758* |       8 |     279 |      109 |      1 |    85 |    +0.4% |   -0.139 |       -3.1 |      -61.1 |    701 | fdct_zigzag.dct_mod.dct_block_2.dct_unit_0.macu.mult_res\[18\]$_DFFE_PP_/D
     760* |       8 |     280 |      109 |      1 |    85 |    +0.4% |   -0.139 |       -3.1 |      -61.1 |    701 | fdct_zigzag.dct_mod.dct_block_2.dct_unit_0.macu.mult_res\[18\]$_DFFE_PP_/D
     770* |       9 |     285 |      113 |      1 |    86 |    +0.4% |   -0.139 |       -3.1 |      -61.2 |    701 | fdct_zigzag.dct_mod.dct_block_2.dct_unit_0.macu.mult_res\[18\]$_DFFE_PP_/D
     776* |       8 |     283 |      109 |      1 |    85 |    +0.4% |   -0.139 |       -3.1 |      -61.2 |    701 | fdct_zigzag.dct_mod.dct_block_2.dct_unit_0.macu.mult_res\[18\]$_DFFE_PP_/D
     780* |       8 |     286 |      109 |      1 |    85 |    +0.4% |   -0.139 |       -3.1 |      -61.2 |    701 | fdct_zigzag.dct_mod.dct_block_2.dct_unit_0.macu.mult_res\[18\]$_DFFE_PP_/D
     790* |       8 |     292 |      111 |      1 |    87 |    +0.4% |   -0.139 |       -3.1 |      -61.2 |    701 | fdct_zigzag.dct_mod.dct_block_2.dct_unit_0.macu.mult_res\[18\]$_DFFE_PP_/D
     800* |       8 |     298 |      112 |      1 |    90 |    +0.4% |   -0.139 |       -3.1 |      -61.4 |    701 | fdct_zigzag.dct_mod.dct_block_4.dct_unit_4.macu.mult_res\[16\]$_DFFE_PP_/D
     810* |       8 |     305 |      114 |      1 |    91 |    +0.4% |   -0.139 |       -3.1 |      -61.4 |    701 | fdct_zigzag.dct_mod.dct_block_4.dct_unit_4.macu.mult_res\[16\]$_DFFE_PP_/D
     819* |       8 |     293 |      111 |      1 |    87 |    +0.4% |   -0.139 |       -3.1 |      -61.2 |    701 | fdct_zigzag.dct_mod.dct_block_2.dct_unit_0.macu.mult_res\[18\]$_DFFE_PP_/D
     820* |       8 |     293 |      111 |      1 |    87 |    +0.4% |   -0.139 |       -3.1 |      -61.2 |    701 | fdct_zigzag.dct_mod.dct_block_2.dct_unit_0.macu.mult_res\[18\]$_DFFE_PP_/D
     830* |       8 |     299 |      115 |      1 |    88 |    +0.4% |   -0.139 |       -3.1 |      -61.4 |    701 | fdct_zigzag.dct_mod.dct_block_4.dct_unit_4.macu.mult_res\[16\]$_DFFE_PP_/D
     840* |       8 |     304 |      122 |      1 |    88 |    +0.4% |   -0.164 |       -3.1 |      -63.1 |    701 | fdct_zigzag.dct_mod.dct_block_7.dct_unit_3.macu.mult_res\[15\]$_DFFE_PP_/D
     848* |       8 |     296 |      114 |      1 |    88 |    +0.4% |   -0.139 |       -3.1 |      -61.2 |    701 | fdct_zigzag.dct_mod.dct_block_2.dct_unit_0.macu.mult_res\[18\]$_DFFE_PP_/D
     850* |       8 |     297 |      114 |      1 |    88 |    +0.4% |   -0.139 |       -3.1 |      -61.2 |    701 | fdct_zigzag.dct_mod.dct_block_2.dct_unit_0.macu.mult_res\[18\]$_DFFE_PP_/D
     860* |       8 |     304 |      116 |      1 |    89 |    +0.4% |   -0.139 |       -3.1 |      -61.2 |    701 | fdct_zigzag.dct_mod.dct_block_2.dct_unit_0.macu.mult_res\[18\]$_DFFE_PP_/D
     870* |       8 |     313 |      116 |      1 |    90 |    +0.4% |   -0.139 |       -3.1 |      -61.2 |    701 | fdct_zigzag.dct_mod.dct_block_2.dct_unit_0.macu.mult_res\[18\]$_DFFE_PP_/D
     880* |       8 |     321 |      117 |      1 |    91 |    +0.4% |   -0.139 |       -3.1 |      -61.2 |    701 | fdct_zigzag.dct_mod.dct_block_2.dct_unit_0.macu.mult_res\[18\]$_DFFE_PP_/D
     890* |       8 |     329 |      117 |      2 |    92 |    +0.4% |   -0.142 |       -3.1 |      -61.4 |    701 | fdct_zigzag.dct_mod.dct_block_7.dct_unit_0.macu.mult_res\[16\]$_DFFE_PP_/D
     900* |       8 |     333 |      126 |      2 |    95 |    +0.4% |   -0.139 |       -3.1 |      -61.3 |    701 | fdct_zigzag.dct_mod.dct_block_2.dct_unit_0.macu.mult_res\[18\]$_DFFE_PP_/D
     910* |       8 |     339 |      130 |      2 |    95 |    +0.4% |   -0.162 |       -3.1 |      -62.8 |    701 | fdct_zigzag.dct_mod.dct_block_6.dct_unit_3.macu.mult_res\[16\]$_DFFE_PP_/D
     920* |       8 |     345 |      134 |      2 |    96 |    +0.5% |   -0.167 |       -3.1 |      -65.2 |    701 | fdct_zigzag.dct_mod.dct_block_1.dct_unit_0.macu.mult_res\[18\]$_DFFE_PP_/D
     925* |       8 |     327 |      117 |      1 |    91 |    +0.4% |   -0.139 |       -3.1 |      -61.2 |    701 | fdct_zigzag.dct_mod.dct_block_2.dct_unit_0.macu.mult_res\[18\]$_DFFE_PP_/D
     930* |       8 |     330 |      118 |      1 |    91 |    +0.4% |   -0.139 |       -3.1 |      -61.4 |    701 | fdct_zigzag.dct_mod.dct_block_4.dct_unit_4.macu.mult_res\[16\]$_DFFE_PP_/D
     940* |       8 |     336 |      123 |      1 |    91 |    +0.4% |   -0.164 |       -3.1 |      -63.2 |    701 | fdct_zigzag.dct_mod.dct_block_7.dct_unit_3.macu.mult_res\[15\]$_DFFE_PP_/D
     950* |       8 |     341 |      128 |      1 |    93 |    +0.4% |   -0.160 |       -3.1 |      -63.8 |    701 | fdct_zigzag.dct_mod.dct_block_7.dct_unit_3.macu.mult_res\[15\]$_DFFE_PP_/D
     950* |       8 |     328 |      117 |      1 |    91 |    +0.4% |   -0.139 |       -3.1 |      -61.2 |    701 | fdct_zigzag.dct_mod.dct_block_2.dct_unit_0.macu.mult_res\[18\]$_DFFE_PP_/D
     960* |       8 |     334 |      119 |      1 |    92 |    +0.4% |   -0.139 |       -3.1 |      -61.3 |    701 | fdct_zigzag.dct_mod.dct_block_2.dct_unit_0.macu.mult_res\[18\]$_DFFE_PP_/D
     966* |       8 |     330 |      117 |      1 |    91 |    +0.4% |   -0.139 |       -3.1 |      -61.2 |    701 | fdct_zigzag.dct_mod.dct_block_2.dct_unit_0.macu.mult_res\[18\]$_DFFE_PP_/D
     970* |       8 |     333 |      117 |      1 |    91 |    +0.4% |   -0.139 |       -3.1 |      -61.4 |    701 | fdct_zigzag.dct_mod.dct_block_4.dct_unit_4.macu.mult_res\[16\]$_DFFE_PP_/D
     980* |       8 |     338 |      122 |      1 |    92 |    +0.4% |   -0.164 |       -3.1 |      -63.1 |    701 | fdct_zigzag.dct_mod.dct_block_7.dct_unit_3.macu.mult_res\[15\]$_DFFE_PP_/D
     990* |       8 |     344 |      128 |      1 |    92 |    +0.4% |   -0.160 |       -3.1 |      -63.8 |    701 | fdct_zigzag.dct_mod.dct_block_7.dct_unit_3.macu.mult_res\[15\]$_DFFE_PP_/D
     995* |       8 |     331 |      117 |      1 |    91 |    +0.4% |   -0.139 |       -3.1 |      -61.2 |    701 | fdct_zigzag.dct_mod.dct_block_2.dct_unit_0.macu.mult_res\[18\]$_DFFE_PP_/D
    1000* |       9 |     333 |      117 |      1 |    92 |    +0.4% |   -0.139 |       -3.1 |      -61.2 |    701 | fdct_zigzag.dct_mod.dct_block_2.dct_unit_0.macu.mult_res\[18\]$_DFFE_PP_/D
    1004* |       9 |     334 |      121 |      1 |    92 |    +0.4% |   -0.139 |       -3.1 |      -61.1 |    701 | fdct_zigzag.dct_mod.dct_block_2.dct_unit_0.macu.mult_res\[18\]$_DFFE_PP_/D
    1010* |       9 |     337 |      123 |      1 |    92 |    +0.4% |   -0.139 |       -3.1 |      -61.4 |    701 | fdct_zigzag.dct_mod.dct_block_4.dct_unit_4.macu.mult_res\[16\]$_DFFE_PP_/D
    1020* |       9 |     342 |      128 |      1 |    93 |    +0.4% |   -0.160 |       -3.1 |      -63.5 |    701 | fdct_zigzag.dct_mod.dct_block_7.dct_unit_3.macu.mult_res\[15\]$_DFFE_PP_/D
    1028* |       9 |     335 |      122 |      1 |    92 |    +0.4% |   -0.139 |       -3.1 |      -61.1 |    701 | fdct_zigzag.dct_mod.dct_block_2.dct_unit_0.macu.mult_res\[18\]$_DFFE_PP_/D
    1030* |       9 |     336 |      122 |      1 |    92 |    +0.4% |   -0.138 |       -3.0 |      -61.1 |    701 | fdct_zigzag.dct_mod.dct_block_4.dct_unit_5.macu.mult_res\[16\]$_DFFE_PP_/D
    1040* |       9 |     344 |      123 |      1 |    93 |    +0.4% |   -0.138 |       -3.0 |      -61.1 |    701 | fdct_zigzag.dct_mod.dct_block_4.dct_unit_5.macu.mult_res\[16\]$_DFFE_PP_/D
    1050* |       9 |     349 |      125 |      1 |    96 |    +0.4% |   -0.138 |       -3.0 |      -61.1 |    701 | fdct_zigzag.dct_mod.dct_block_4.dct_unit_5.macu.mult_res\[16\]$_DFFE_PP_/D
    1060* |       9 |     356 |      127 |      1 |    97 |    +0.4% |   -0.138 |       -3.0 |      -61.1 |    701 | fdct_zigzag.dct_mod.dct_block_4.dct_unit_5.macu.mult_res\[16\]$_DFFE_PP_/D
    1070* |       9 |     365 |      128 |      1 |    97 |    +0.4% |   -0.138 |       -3.0 |      -61.0 |    701 | fdct_zigzag.dct_mod.dct_block_4.dct_unit_5.macu.mult_res\[16\]$_DFFE_PP_/D
    1080* |       9 |     371 |      130 |      1 |    99 |    +0.5% |   -0.138 |       -3.0 |      -61.1 |    701 | fdct_zigzag.dct_mod.dct_block_4.dct_unit_5.macu.mult_res\[16\]$_DFFE_PP_/D
    1090* |       9 |     376 |      131 |      1 |   103 |    +0.5% |   -0.138 |       -3.0 |      -61.1 |    701 | fdct_zigzag.dct_mod.dct_block_4.dct_unit_5.macu.mult_res\[16\]$_DFFE_PP_/D
    1100* |       9 |     386 |      131 |      1 |   103 |    +0.5% |   -0.138 |       -3.0 |      -61.0 |    701 | fdct_zigzag.dct_mod.dct_block_4.dct_unit_5.macu.mult_res\[16\]$_DFFE_PP_/D
    1110* |       9 |     390 |      133 |      1 |   108 |    +0.5% |   -0.138 |       -3.0 |      -61.2 |    701 | fdct_zigzag.dct_mod.dct_block_4.dct_unit_5.macu.mult_res\[16\]$_DFFE_PP_/D
    1120* |       9 |     396 |      134 |      1 |   111 |    +0.5% |   -0.138 |       -3.1 |      -61.3 |    701 | fdct_zigzag.dct_mod.dct_block_4.dct_unit_5.macu.mult_res\[16\]$_DFFE_PP_/D
    1125* |       9 |     371 |      129 |      1 |    98 |    +0.5% |   -0.138 |       -3.0 |      -61.0 |    701 | fdct_zigzag.dct_mod.dct_block_4.dct_unit_5.macu.mult_res\[16\]$_DFFE_PP_/D
    1130* |      10 |     371 |      132 |      1 |    99 |    +0.5% |   -0.140 |       -3.0 |      -61.0 |    701 | fdct_zigzag.dct_mod.dct_block_1.dct_unit_0.macu.mult_res\[17\]$_DFFE_PP_/D
    1140* |      10 |     374 |      137 |      1 |   102 |    +0.5% |   -0.138 |       -3.0 |      -60.9 |    701 | fdct_zigzag.dct_mod.dct_block_4.dct_unit_5.macu.mult_res\[16\]$_DFFE_PP_/D
    1150* |      10 |     381 |      138 |      1 |   104 |    +0.5% |   -0.140 |       -3.0 |      -61.4 |    701 | fdct_zigzag.dct_mod.dct_block_4.dct_unit_5.macu.mult_res\[16\]$_DFFE_PP_/D
    1160* |      10 |     391 |      138 |      1 |   104 |    +0.5% |   -0.140 |       -3.0 |      -61.4 |    701 | fdct_zigzag.dct_mod.dct_block_4.dct_unit_5.macu.mult_res\[16\]$_DFFE_PP_/D
    1166* |      10 |     378 |      138 |      1 |   103 |    +0.5% |   -0.138 |       -3.0 |      -60.9 |    701 | fdct_zigzag.dct_mod.dct_block_4.dct_unit_5.macu.mult_res\[16\]$_DFFE_PP_/D
    1170* |      10 |     381 |      138 |      1 |   103 |    +0.5% |   -0.138 |       -3.0 |      -60.9 |    701 | fdct_zigzag.dct_mod.dct_block_4.dct_unit_5.macu.mult_res\[16\]$_DFFE_PP_/D
    1180* |      10 |     390 |      139 |      1 |   103 |    +0.5% |   -0.138 |       -3.0 |      -60.9 |    701 | fdct_zigzag.dct_mod.dct_block_4.dct_unit_5.macu.mult_res\[16\]$_DFFE_PP_/D
    1190* |      10 |     400 |      139 |      1 |   103 |    +0.5% |   -0.138 |       -3.0 |      -60.8 |    701 | fdct_zigzag.dct_mod.dct_block_4.dct_unit_5.macu.mult_res\[16\]$_DFFE_PP_/D
    1200* |      10 |     408 |      142 |      1 |   103 |    +0.5% |   -0.142 |       -3.1 |      -61.0 |    701 | fdct_zigzag.dct_mod.dct_block_6.dct_unit_7.macu.mult_res\[17\]$_DFFE_PP_/D
    1210* |      10 |     414 |      143 |      1 |   106 |    +0.5% |   -0.142 |       -3.1 |      -61.0 |    701 | fdct_zigzag.dct_mod.dct_block_6.dct_unit_7.macu.mult_res\[17\]$_DFFE_PP_/D
    1220* |      10 |     422 |      144 |      1 |   107 |    +0.5% |   -0.142 |       -3.1 |      -61.0 |    701 | fdct_zigzag.dct_mod.dct_block_6.dct_unit_7.macu.mult_res\[17\]$_DFFE_PP_/D
    1230* |      10 |     430 |      146 |      1 |   107 |    +0.5% |   -0.142 |       -3.1 |      -61.0 |    701 | fdct_zigzag.dct_mod.dct_block_6.dct_unit_7.macu.mult_res\[17\]$_DFFE_PP_/D
    1240* |      10 |     439 |      146 |      1 |   108 |    +0.6% |   -0.142 |       -3.1 |      -61.0 |    701 | fdct_zigzag.dct_mod.dct_block_6.dct_unit_7.macu.mult_res\[17\]$_DFFE_PP_/D
    1243* |      10 |     403 |      139 |      1 |   103 |    +0.5% |   -0.138 |       -3.0 |      -60.8 |    701 | fdct_zigzag.dct_mod.dct_block_4.dct_unit_5.macu.mult_res\[16\]$_DFFE_PP_/D
    1250* |      11 |     404 |      140 |      1 |   106 |    +0.5% |   -0.138 |       -3.0 |      -60.7 |    701 | fdct_zigzag.dct_mod.dct_block_4.dct_unit_5.macu.mult_res\[16\]$_DFFE_PP_/D
    1260* |      11 |     410 |      141 |      1 |   109 |    +0.5% |   -0.138 |       -3.0 |      -60.5 |    701 | fdct_zigzag.dct_mod.dct_block_4.dct_unit_5.macu.mult_res\[16\]$_DFFE_PP_/D
    1270* |      11 |     414 |      142 |      1 |   114 |    +0.5% |   -0.138 |       -3.0 |      -60.5 |    701 | fdct_zigzag.dct_mod.dct_block_4.dct_unit_5.macu.mult_res\[16\]$_DFFE_PP_/D
    1280* |      11 |     421 |      142 |      1 |   117 |    +0.5% |   -0.138 |       -3.0 |      -60.4 |    701 | fdct_zigzag.dct_mod.dct_block_4.dct_unit_5.macu.mult_res\[16\]$_DFFE_PP_/D
    1290* |      11 |     427 |      142 |      1 |   121 |    +0.5% |   -0.138 |       -3.0 |      -60.4 |    701 | fdct_zigzag.dct_mod.dct_block_4.dct_unit_5.macu.mult_res\[16\]$_DFFE_PP_/D
    1300* |      11 |     433 |      143 |      1 |   124 |    +0.5% |   -0.138 |       -3.0 |      -60.4 |    701 | fdct_zigzag.dct_mod.dct_block_4.dct_unit_5.macu.mult_res\[16\]$_DFFE_PP_/D
    1300* |      11 |     425 |      142 |      1 |   118 |    +0.5% |   -0.138 |       -3.0 |      -60.4 |    701 | fdct_zigzag.dct_mod.dct_block_4.dct_unit_5.macu.mult_res\[16\]$_DFFE_PP_/D
    1310* |      11 |     431 |      144 |      1 |   119 |    +0.5% |   -0.138 |       -3.0 |      -60.3 |    701 | fdct_zigzag.dct_mod.dct_block_4.dct_unit_5.macu.mult_res\[16\]$_DFFE_PP_/D
    1320* |      11 |     437 |      146 |      1 |   121 |    +0.5% |   -0.138 |       -3.0 |      -60.3 |    701 | fdct_zigzag.dct_mod.dct_block_4.dct_unit_5.macu.mult_res\[16\]$_DFFE_PP_/D
    1330* |      11 |     444 |      152 |      1 |   121 |    +0.6% |   -0.138 |       -3.0 |      -60.3 |    701 | fdct_zigzag.dct_mod.dct_block_4.dct_unit_5.macu.mult_res\[16\]$_DFFE_PP_/D
    1340* |      11 |     449 |      154 |      1 |   124 |    +0.6% |   -0.138 |       -3.1 |      -60.5 |    701 | fdct_zigzag.dct_mod.dct_block_4.dct_unit_5.macu.mult_res\[16\]$_DFFE_PP_/D
    1350* |      12 |     453 |      157 |      1 |   127 |    +0.6% |   -0.138 |       -3.1 |      -60.5 |    701 | fdct_zigzag.dct_mod.dct_block_4.dct_unit_5.macu.mult_res\[16\]$_DFFE_PP_/D
    1360* |      12 |     458 |      163 |      2 |   128 |    +0.6% |   -0.139 |       -3.1 |      -60.7 |    701 | fdct_zigzag.dct_mod.dct_block_2.dct_unit_2.macu.mult_res\[17\]$_DFFE_PP_/D
    1370* |      12 |     466 |      165 |      2 |   128 |    +0.6% |   -0.139 |       -3.1 |      -60.7 |    701 | fdct_zigzag.dct_mod.dct_block_2.dct_unit_2.macu.mult_res\[17\]$_DFFE_PP_/D
    1378* |      11 |     443 |      151 |      1 |   121 |    +0.6% |   -0.138 |       -3.0 |      -60.3 |    701 | fdct_zigzag.dct_mod.dct_block_4.dct_unit_5.macu.mult_res\[16\]$_DFFE_PP_/D
    1380* |      11 |     444 |      151 |      1 |   121 |    +0.6% |   -0.138 |       -3.0 |      -60.3 |    701 | fdct_zigzag.dct_mod.dct_block_4.dct_unit_5.macu.mult_res\[16\]$_DFFE_PP_/D
    1390* |      12 |     450 |      153 |      1 |   122 |    +0.6% |   -0.140 |       -3.0 |      -60.8 |    701 | fdct_zigzag.dct_mod.dct_block_4.dct_unit_5.macu.mult_res\[16\]$_DFFE_PP_/D
    1400* |      12 |     458 |      155 |      1 |   122 |    +0.6% |   -0.140 |       -3.0 |      -61.0 |    701 | fdct_zigzag.dct_mod.dct_block_4.dct_unit_5.macu.mult_res\[16\]$_DFFE_PP_/D
    1400* |      11 |     444 |      151 |      1 |   121 |    +0.6% |   -0.138 |       -3.0 |      -60.3 |    701 | fdct_zigzag.dct_mod.dct_block_4.dct_unit_5.macu.mult_res\[16\]$_DFFE_PP_/D
    1410* |      11 |     450 |      151 |      1 |   124 |    +0.6% |   -0.138 |       -3.0 |      -60.3 |    701 | fdct_zigzag.dct_mod.dct_block_4.dct_unit_5.macu.mult_res\[16\]$_DFFE_PP_/D
    1420* |      11 |     457 |      151 |      1 |   127 |    +0.6% |   -0.138 |       -3.1 |      -60.3 |    701 | fdct_zigzag.dct_mod.dct_block_4.dct_unit_5.macu.mult_res\[16\]$_DFFE_PP_/D
    1430* |      11 |     466 |      151 |      1 |   128 |    +0.6% |   -0.138 |       -3.1 |      -60.3 |    701 | fdct_zigzag.dct_mod.dct_block_4.dct_unit_5.macu.mult_res\[16\]$_DFFE_PP_/D
    1439* |      11 |     448 |      151 |      1 |   121 |    +0.6% |   -0.138 |       -3.0 |      -60.3 |    701 | fdct_zigzag.dct_mod.dct_block_4.dct_unit_5.macu.mult_res\[16\]$_DFFE_PP_/D
    1440* |      11 |     448 |      151 |      1 |   121 |    +0.6% |   -0.138 |       -3.0 |      -60.3 |    701 | fdct_zigzag.dct_mod.dct_block_4.dct_unit_5.macu.mult_res\[16\]$_DFFE_PP_/D
    1450* |      11 |     454 |      152 |      1 |   124 |    +0.6% |   -0.138 |       -3.0 |      -60.3 |    701 | fdct_zigzag.dct_mod.dct_block_4.dct_unit_5.macu.mult_res\[16\]$_DFFE_PP_/D
    1460* |      11 |     461 |      156 |      1 |   124 |    +0.6% |   -0.138 |       -3.0 |      -60.3 |    701 | fdct_zigzag.dct_mod.dct_block_4.dct_unit_5.macu.mult_res\[16\]$_DFFE_PP_/D
    1470* |      11 |     469 |      157 |      1 |   125 |    +0.6% |   -0.138 |       -3.0 |      -60.3 |    701 | fdct_zigzag.dct_mod.dct_block_4.dct_unit_5.macu.mult_res\[16\]$_DFFE_PP_/D
    1480* |      11 |     477 |      157 |      1 |   127 |    +0.6% |   -0.138 |       -3.0 |      -60.3 |    701 | fdct_zigzag.dct_mod.dct_block_4.dct_unit_5.macu.mult_res\[16\]$_DFFE_PP_/D
    1490* |      11 |     483 |      162 |      1 |   129 |    +0.6% |   -0.140 |       -3.1 |      -60.8 |    701 | fdct_zigzag.dct_mod.dct_block_4.dct_unit_5.macu.mult_res\[16\]$_DFFE_PP_/D
    1492* |      11 |     464 |      156 |      1 |   124 |    +0.6% |   -0.138 |       -3.0 |      -60.3 |    701 | fdct_zigzag.dct_mod.dct_block_4.dct_unit_5.macu.mult_res\[16\]$_DFFE_PP_/D
    1500* |      11 |     469 |      156 |      1 |   126 |    +0.6% |   -0.138 |       -3.0 |      -60.3 |    701 | fdct_zigzag.dct_mod.dct_block_4.dct_unit_5.macu.mult_res\[16\]$_DFFE_PP_/D
    1510* |      11 |     474 |      161 |      1 |   127 |    +0.6% |   -0.138 |       -3.0 |      -60.5 |    701 | fdct_zigzag.dct_mod.dct_block_4.dct_unit_5.macu.mult_res\[16\]$_DFFE_PP_/D
    1520* |      11 |     482 |      161 |      1 |   129 |    +0.6% |   -0.138 |       -3.1 |      -60.7 |    701 | fdct_zigzag.dct_mod.dct_block_4.dct_unit_5.macu.mult_res\[16\]$_DFFE_PP_/D
    1529* |      11 |     472 |      156 |      1 |   126 |    +0.6% |   -0.138 |       -3.0 |      -60.3 |    701 | fdct_zigzag.dct_mod.dct_block_4.dct_unit_5.macu.mult_res\[16\]$_DFFE_PP_/D
    1530* |      11 |     472 |      156 |      1 |   126 |    +0.6% |   -0.138 |       -3.0 |      -60.3 |    701 | fdct_zigzag.dct_mod.dct_block_4.dct_unit_5.macu.mult_res\[16\]$_DFFE_PP_/D
    1540* |      11 |     480 |      156 |      1 |   128 |    +0.6% |   -0.138 |       -3.1 |      -60.3 |    701 | fdct_zigzag.dct_mod.dct_block_4.dct_unit_5.macu.mult_res\[16\]$_DFFE_PP_/D
    1550* |      11 |     485 |      159 |      1 |   130 |    +0.6% |   -0.139 |       -3.1 |      -60.6 |    701 | fdct_zigzag.dct_mod.dct_block_4.dct_unit_4.macu.mult_res\[16\]$_DFFE_PP_/D
    1560* |      11 |     492 |      160 |      1 |   132 |    +0.6% |   -0.139 |       -3.1 |      -60.6 |    701 | fdct_zigzag.dct_mod.dct_block_4.dct_unit_4.macu.mult_res\[16\]$_DFFE_PP_/D
    1563* |      11 |     483 |      157 |      1 |   129 |    +0.6% |   -0.138 |       -3.1 |      -60.3 |    701 | fdct_zigzag.dct_mod.dct_block_4.dct_unit_5.macu.mult_res\[16\]$_DFFE_PP_/D
    1570* |      11 |     489 |      157 |      1 |   129 |    +0.6% |   -0.138 |       -3.1 |      -60.3 |    701 | fdct_zigzag.dct_mod.dct_block_4.dct_unit_5.macu.mult_res\[16\]$_DFFE_PP_/D
    1580* |      11 |     497 |      158 |      1 |   130 |    +0.6% |   -0.138 |       -3.1 |      -60.4 |    701 | fdct_zigzag.dct_mod.dct_block_4.dct_unit_5.macu.mult_res\[16\]$_DFFE_PP_/D
    1590* |      12 |     501 |      159 |      1 |   134 |    +0.6% |   -0.138 |       -3.1 |      -60.3 |    701 | fdct_zigzag.dct_mod.dct_block_4.dct_unit_5.macu.mult_res\[16\]$_DFFE_PP_/D
    1600* |      14 |     505 |      159 |      1 |   138 |    +0.6% |   -0.138 |       -3.1 |      -60.3 |    701 | fdct_zigzag.dct_mod.dct_block_4.dct_unit_5.macu.mult_res\[16\]$_DFFE_PP_/D
    1610* |      14 |     510 |      160 |      1 |   142 |    +0.6% |   -0.138 |       -3.1 |      -60.3 |    701 | fdct_zigzag.dct_mod.dct_block_4.dct_unit_5.macu.mult_res\[16\]$_DFFE_PP_/D
    1620* |      14 |     518 |      161 |      2 |   142 |    +0.6% |   -0.138 |       -3.1 |      -60.5 |    701 | fdct_zigzag.dct_mod.dct_block_4.dct_unit_5.macu.mult_res\[16\]$_DFFE_PP_/D
    1630* |      15 |     522 |      170 |      2 |   143 |    +0.7% |   -0.138 |       -3.1 |      -60.3 |    701 | fdct_zigzag.dct_mod.dct_block_4.dct_unit_5.macu.mult_res\[16\]$_DFFE_PP_/D
    1640* |      15 |     527 |      173 |      2 |   146 |    +0.7% |   -0.147 |       -3.1 |      -61.6 |    701 | fdct_zigzag.dct_mod.dct_block_6.dct_unit_3.macu.mult_res\[16\]$_DFFE_PP_/D
    1641* |      14 |     509 |      159 |      1 |   138 |    +0.6% |   -0.138 |       -3.1 |      -60.3 |    701 | fdct_zigzag.dct_mod.dct_block_4.dct_unit_5.macu.mult_res\[16\]$_DFFE_PP_/D
    1650* |      14 |     514 |      162 |      1 |   138 |    +0.6% |   -0.138 |       -3.1 |      -60.3 |    701 | fdct_zigzag.dct_mod.dct_block_4.dct_unit_5.macu.mult_res\[16\]$_DFFE_PP_/D
    1660* |      15 |     523 |      162 |      1 |   138 |    +0.6% |   -0.138 |       -3.1 |      -60.3 |    701 | fdct_zigzag.dct_mod.dct_block_4.dct_unit_5.macu.mult_res\[16\]$_DFFE_PP_/D
    1670* |      15 |     531 |      168 |      2 |   138 |    +0.7% |   -0.138 |       -3.1 |      -60.3 |    701 | fdct_zigzag.dct_mod.dct_block_4.dct_unit_5.macu.mult_res\[16\]$_DFFE_PP_/D
    1680* |      15 |     538 |      168 |      3 |   140 |    +0.7% |   -0.138 |       -3.1 |      -60.3 |    701 | fdct_zigzag.dct_mod.dct_block_4.dct_unit_5.macu.mult_res\[16\]$_DFFE_PP_/D
    1684* |      15 |     537 |      168 |      3 |   140 |    +0.7% |   -0.138 |       -3.1 |      -60.3 |    701 | fdct_zigzag.dct_mod.dct_block_4.dct_unit_5.macu.mult_res\[16\]$_DFFE_PP_/D
    1690* |      15 |     537 |      170 |      3 |   143 |    +0.7% |   -0.138 |       -3.1 |      -60.2 |    701 | fdct_zigzag.dct_mod.dct_block_4.dct_unit_5.macu.mult_res\[16\]$_DFFE_PP_/D
    1700* |      15 |     542 |      170 |      3 |   148 |    +0.7% |   -0.139 |       -3.1 |      -60.3 |    701 | fdct_zigzag.dct_mod.dct_block_4.dct_unit_4.macu.mult_res\[16\]$_DFFE_PP_/D
    1700* |      15 |     537 |      170 |      3 |   141 |    +0.7% |   -0.138 |       -3.1 |      -60.2 |    701 | fdct_zigzag.dct_mod.dct_block_4.dct_unit_5.macu.mult_res\[16\]$_DFFE_PP_/D
    1710* |      15 |     543 |      172 |      3 |   142 |    +0.7% |   -0.138 |       -3.1 |      -60.0 |    701 | fdct_zigzag.dct_mod.dct_block_4.dct_unit_5.macu.mult_res\[16\]$_DFFE_PP_/D
    1720* |      15 |     550 |      173 |      3 |   144 |    +0.7% |   -0.138 |       -3.1 |      -60.0 |    701 | fdct_zigzag.dct_mod.dct_block_4.dct_unit_5.macu.mult_res\[16\]$_DFFE_PP_/D
    1730* |      15 |     557 |      174 |      3 |   146 |    +0.7% |   -0.138 |       -3.0 |      -59.8 |    701 | fdct_zigzag.dct_mod.dct_block_4.dct_unit_5.macu.mult_res\[16\]$_DFFE_PP_/D
    1740* |      15 |     563 |      175 |      3 |   149 |    +0.7% |   -0.138 |       -3.0 |      -60.2 |    701 | fdct_zigzag.dct_mod.dct_block_6.dct_unit_7.macu.mult_res\[17\]$_DFFE_PP_/D
    1750* |      15 |     568 |      177 |      3 |   152 |    +0.7% |   -0.138 |       -3.0 |      -60.2 |    701 | fdct_zigzag.dct_mod.dct_block_6.dct_unit_7.macu.mult_res\[17\]$_DFFE_PP_/D
    1760* |      15 |     576 |      178 |      3 |   153 |    +0.7% |   -0.138 |       -3.0 |      -60.2 |    701 | fdct_zigzag.dct_mod.dct_block_6.dct_unit_7.macu.mult_res\[17\]$_DFFE_PP_/D
    1770* |      15 |     581 |      180 |      3 |   156 |    +0.7% |   -0.138 |       -3.1 |      -60.1 |    701 | fdct_zigzag.dct_mod.dct_block_4.dct_unit_5.macu.mult_res\[16\]$_DFFE_PP_/D
    1780* |      15 |     587 |      180 |      3 |   160 |    +0.7% |   -0.138 |       -3.0 |      -60.1 |    701 | fdct_zigzag.dct_mod.dct_block_4.dct_unit_5.macu.mult_res\[16\]$_DFFE_PP_/D
    1790* |      15 |     593 |      182 |      3 |   162 |    +0.7% |   -0.138 |       -3.0 |      -60.3 |    701 | fdct_zigzag.dct_mod.dct_block_4.dct_unit_5.macu.mult_res\[16\]$_DFFE_PP_/D
    1800* |      15 |     599 |      185 |      3 |   163 |    +0.7% |   -0.138 |       -3.1 |      -60.4 |    701 | fdct_zigzag.dct_mod.dct_block_4.dct_unit_5.macu.mult_res\[16\]$_DFFE_PP_/D
    1800* |      15 |     593 |      182 |      3 |   162 |    +0.7% |   -0.138 |       -3.0 |      -60.3 |    701 | fdct_zigzag.dct_mod.dct_block_4.dct_unit_5.macu.mult_res\[16\]$_DFFE_PP_/D
    1800* |      15 |     593 |      182 |      3 |   162 |    +0.7% |   -0.138 |       -3.0 |      -60.3 |    701 | fdct_zigzag.dct_mod.dct_block_4.dct_unit_5.macu.mult_res\[16\]$_DFFE_PP_/D
    1800+ |      15 |     593 |      182 |      3 |   162 |    +0.7% |   -0.138 |       -3.0 |      -60.3 |    701 | fdct_zigzag.dct_mod.dct_block_4.dct_unit_5.macu.mult_res\[16\]$_DFFE_PP_/D
    1810+ |      15 |     600 |      182 |      3 |   164 |    +0.7% |   -0.135 |       -3.0 |      -59.6 |    701 | fdct_zigzag.dct_mod.dct_block_4.dct_unit_2.macu.mult_res\[16\]$_DFFE_PP_/D
    1810+ |      15 |     601 |      182 |      3 |   164 |    +0.7% |   -0.135 |       -3.0 |      -59.5 |    701 | fdct_zigzag.dct_mod.dct_block_5.dct_unit_7.macu.mult_res\[16\]$_DFFE_PP_/D
    1814+ |      15 |     604 |      182 |      3 |   164 |    +0.7% |   -0.135 |       -3.0 |      -59.5 |    701 | fdct_zigzag.dct_mod.dct_block_5.dct_unit_7.macu.mult_res\[16\]$_DFFE_PP_/D
    1818+ |      15 |     605 |      182 |      3 |   166 |    +0.7% |   -0.135 |       -3.0 |      -59.4 |    701 | fdct_zigzag.dct_mod.dct_block_5.dct_unit_7.macu.mult_res\[16\]$_DFFE_PP_/D
    1820+ |      15 |     605 |      182 |      3 |   167 |    +0.7% |   -0.135 |       -3.0 |      -59.4 |    701 | fdct_zigzag.dct_mod.dct_block_5.dct_unit_7.macu.mult_res\[16\]$_DFFE_PP_/D
    1822+ |      15 |     606 |      182 |      3 |   168 |    +0.7% |   -0.135 |       -3.0 |      -59.4 |    701 | fdct_zigzag.dct_mod.dct_block_5.dct_unit_7.macu.mult_res\[16\]$_DFFE_PP_/D
    1827+ |      15 |     608 |      182 |      3 |   170 |    +0.7% |   -0.135 |       -3.0 |      -59.3 |    701 | fdct_zigzag.dct_mod.dct_block_5.dct_unit_7.macu.mult_res\[16\]$_DFFE_PP_/D
    1829+ |      15 |     608 |      182 |      3 |   171 |    +0.7% |   -0.135 |       -3.0 |      -59.3 |    701 | fdct_zigzag.dct_mod.dct_block_5.dct_unit_7.macu.mult_res\[16\]$_DFFE_PP_/D
    1830+ |      15 |     608 |      182 |      3 |   171 |    +0.7% |   -0.135 |       -3.0 |      -59.3 |    701 | fdct_zigzag.dct_mod.dct_block_5.dct_unit_7.macu.mult_res\[16\]$_DFFE_PP_/D
    1831+ |      15 |     609 |      182 |      3 |   171 |    +0.7% |   -0.135 |       -3.0 |      -59.3 |    701 | fdct_zigzag.dct_mod.dct_block_5.dct_unit_7.macu.mult_res\[16\]$_DFFE_PP_/D
    1832+ |      15 |     609 |      182 |      3 |   171 |    +0.7% |   -0.135 |       -3.0 |      -59.3 |    701 | fdct_zigzag.dct_mod.dct_block_5.dct_unit_7.macu.mult_res\[16\]$_DFFE_PP_/D
    1834+ |      15 |     610 |      182 |      3 |   171 |    +0.8% |   -0.135 |       -3.0 |      -59.2 |    701 | fdct_zigzag.dct_mod.dct_block_5.dct_unit_7.macu.mult_res\[16\]$_DFFE_PP_/D
    1840+ |      15 |     614 |      182 |      3 |   172 |    +0.8% |   -0.135 |       -3.0 |      -58.6 |    701 | fdct_zigzag.dct_mod.dct_block_4.dct_unit_5.macu.mult_res\[16\]$_DFFE_PP_/D
    1840+ |      15 |     614 |      182 |      3 |   172 |    +0.8% |   -0.135 |       -3.0 |      -58.6 |    701 | fdct_zigzag.dct_mod.dct_block_4.dct_unit_5.macu.mult_res\[16\]$_DFFE_PP_/D
    1841+ |      15 |     614 |      182 |      3 |   172 |    +0.8% |   -0.135 |       -3.0 |      -58.6 |    701 | fdct_zigzag.dct_mod.dct_block_4.dct_unit_5.macu.mult_res\[16\]$_DFFE_PP_/D
    1843+ |      15 |     615 |      182 |      3 |   172 |    +0.8% |   -0.135 |       -3.0 |      -58.6 |    701 | fdct_zigzag.dct_mod.dct_block_4.dct_unit_5.macu.mult_res\[16\]$_DFFE_PP_/D
    1844+ |      15 |     615 |      182 |      3 |   172 |    +0.8% |   -0.135 |       -3.0 |      -58.6 |    701 | fdct_zigzag.dct_mod.dct_block_4.dct_unit_5.macu.mult_res\[16\]$_DFFE_PP_/D
    1845+ |      15 |     615 |      182 |      3 |   172 |    +0.8% |   -0.135 |       -3.0 |      -58.6 |    701 | fdct_zigzag.dct_mod.dct_block_4.dct_unit_5.macu.mult_res\[16\]$_DFFE_PP_/D
    1849+ |      15 |     618 |      182 |      3 |   172 |    +0.8% |   -0.135 |       -2.9 |      -58.5 |    701 | fdct_zigzag.dct_mod.dct_block_4.dct_unit_5.macu.mult_res\[16\]$_DFFE_PP_/D
    1850+ |      15 |     618 |      182 |      3 |   172 |    +0.8% |   -0.135 |       -2.9 |      -58.5 |    701 | fdct_zigzag.dct_mod.dct_block_4.dct_unit_5.macu.mult_res\[16\]$_DFFE_PP_/D
    1850+ |      15 |     618 |      182 |      3 |   172 |    +0.8% |   -0.135 |       -2.9 |      -58.5 |    701 | fdct_zigzag.dct_mod.dct_block_4.dct_unit_5.macu.mult_res\[16\]$_DFFE_PP_/D
    1851+ |      15 |     618 |      182 |      3 |   172 |    +0.8% |   -0.135 |       -2.9 |      -58.5 |    701 | fdct_zigzag.dct_mod.dct_block_4.dct_unit_5.macu.mult_res\[16\]$_DFFE_PP_/D
    1852+ |      15 |     618 |      182 |      3 |   172 |    +0.8% |   -0.135 |       -2.9 |      -58.5 |    701 | fdct_zigzag.dct_mod.dct_block_4.dct_unit_5.macu.mult_res\[16\]$_DFFE_PP_/D
    1853+ |      15 |     618 |      182 |      3 |   172 |    +0.8% |   -0.135 |       -2.9 |      -58.5 |    701 | fdct_zigzag.dct_mod.dct_block_4.dct_unit_5.macu.mult_res\[16\]$_DFFE_PP_/D
    1856+ |      15 |     620 |      182 |      3 |   172 |    +0.8% |   -0.135 |       -2.9 |      -58.5 |    701 | fdct_zigzag.dct_mod.dct_block_4.dct_unit_5.macu.mult_res\[16\]$_DFFE_PP_/D
    1857+ |      15 |     620 |      182 |      3 |   172 |    +0.8% |   -0.135 |       -2.9 |      -58.5 |    701 | fdct_zigzag.dct_mod.dct_block_4.dct_unit_5.macu.mult_res\[16\]$_DFFE_PP_/D
    1860+ |      15 |     621 |      182 |      3 |   173 |    +0.8% |   -0.135 |       -2.9 |      -58.5 |    701 | fdct_zigzag.dct_mod.dct_block_4.dct_unit_5.macu.mult_res\[16\]$_DFFE_PP_/D
    1861+ |      15 |     622 |      182 |      3 |   173 |    +0.8% |   -0.135 |       -2.9 |      -58.4 |    701 | fdct_zigzag.dct_mod.dct_block_4.dct_unit_5.macu.mult_res\[16\]$_DFFE_PP_/D
    1865+ |      15 |     624 |      182 |      3 |   174 |    +0.8% |   -0.135 |       -2.9 |      -58.4 |    701 | fdct_zigzag.dct_mod.dct_block_4.dct_unit_5.macu.mult_res\[16\]$_DFFE_PP_/D
    1866+ |      15 |     624 |      182 |      3 |   174 |    +0.8% |   -0.135 |       -2.9 |      -58.4 |    701 | fdct_zigzag.dct_mod.dct_block_4.dct_unit_5.macu.mult_res\[16\]$_DFFE_PP_/D
    1867+ |      15 |     624 |      182 |      3 |   174 |    +0.8% |   -0.135 |       -2.9 |      -58.4 |    701 | fdct_zigzag.dct_mod.dct_block_4.dct_unit_5.macu.mult_res\[16\]$_DFFE_PP_/D
    1868+ |      15 |     624 |      182 |      3 |   174 |    +0.8% |   -0.135 |       -2.9 |      -58.4 |    701 | fdct_zigzag.dct_mod.dct_block_4.dct_unit_5.macu.mult_res\[16\]$_DFFE_PP_/D
    1870+ |      15 |     624 |      182 |      3 |   175 |    +0.8% |   -0.135 |       -2.9 |      -58.4 |    701 | fdct_zigzag.dct_mod.dct_block_4.dct_unit_5.macu.mult_res\[16\]$_DFFE_PP_/D
    1873+ |      15 |     627 |      182 |      3 |   175 |    +0.8% |   -0.135 |       -2.9 |      -58.3 |    701 | fdct_zigzag.dct_mod.dct_block_4.dct_unit_5.macu.mult_res\[16\]$_DFFE_PP_/D
    1879+ |      15 |     632 |      182 |      3 |   175 |    +0.8% |   -0.135 |       -2.9 |      -58.2 |    701 | fdct_zigzag.dct_mod.dct_block_4.dct_unit_5.macu.mult_res\[16\]$_DFFE_PP_/D
    1880+ |      15 |     632 |      182 |      3 |   175 |    +0.8% |   -0.135 |       -2.9 |      -58.2 |    701 | fdct_zigzag.dct_mod.dct_block_4.dct_unit_5.macu.mult_res\[16\]$_DFFE_PP_/D
    1881+ |      15 |     633 |      182 |      3 |   175 |    +0.8% |   -0.135 |       -2.9 |      -58.2 |    701 | fdct_zigzag.dct_mod.dct_block_4.dct_unit_5.macu.mult_res\[16\]$_DFFE_PP_/D
    1882+ |      15 |     633 |      182 |      3 |   175 |    +0.8% |   -0.135 |       -2.9 |      -58.2 |    701 | fdct_zigzag.dct_mod.dct_block_4.dct_unit_5.macu.mult_res\[16\]$_DFFE_PP_/D
    1883+ |      15 |     633 |      182 |      3 |   175 |    +0.8% |   -0.135 |       -2.9 |      -58.2 |    701 | fdct_zigzag.dct_mod.dct_block_4.dct_unit_5.macu.mult_res\[16\]$_DFFE_PP_/D
    1884+ |      15 |     633 |      182 |      3 |   175 |    +0.8% |   -0.135 |       -2.9 |      -58.2 |    701 | fdct_zigzag.dct_mod.dct_block_4.dct_unit_5.macu.mult_res\[16\]$_DFFE_PP_/D
    1886+ |      15 |     634 |      182 |      3 |   175 |    +0.8% |   -0.135 |       -2.9 |      -58.2 |    701 | fdct_zigzag.dct_mod.dct_block_4.dct_unit_5.macu.mult_res\[16\]$_DFFE_PP_/D
    1887+ |      15 |     634 |      182 |      3 |   175 |    +0.8% |   -0.135 |       -2.9 |      -58.2 |    701 | fdct_zigzag.dct_mod.dct_block_4.dct_unit_5.macu.mult_res\[16\]$_DFFE_PP_/D
    1888+ |      15 |     634 |      182 |      3 |   175 |    +0.8% |   -0.135 |       -2.9 |      -58.2 |    701 | fdct_zigzag.dct_mod.dct_block_4.dct_unit_5.macu.mult_res\[16\]$_DFFE_PP_/D
    1889+ |      15 |     634 |      182 |      3 |   175 |    +0.8% |   -0.135 |       -2.9 |      -58.2 |    701 | fdct_zigzag.dct_mod.dct_block_4.dct_unit_5.macu.mult_res\[16\]$_DFFE_PP_/D
    1890+ |      15 |     634 |      182 |      3 |   175 |    +0.8% |   -0.135 |       -2.9 |      -58.2 |    701 | fdct_zigzag.dct_mod.dct_block_4.dct_unit_5.macu.mult_res\[16\]$_DFFE_PP_/D
    1893+ |      15 |     637 |      182 |      3 |   175 |    +0.8% |   -0.135 |       -2.9 |      -58.2 |    701 | fdct_zigzag.dct_mod.dct_block_4.dct_unit_5.macu.mult_res\[16\]$_DFFE_PP_/D
    1894+ |      15 |     637 |      182 |      3 |   175 |    +0.8% |   -0.135 |       -2.9 |      -58.2 |    701 | fdct_zigzag.dct_mod.dct_block_4.dct_unit_5.macu.mult_res\[16\]$_DFFE_PP_/D
    1897+ |      15 |     638 |      182 |      3 |   176 |    +0.8% |   -0.135 |       -2.9 |      -58.2 |    701 | fdct_zigzag.dct_mod.dct_block_4.dct_unit_5.macu.mult_res\[16\]$_DFFE_PP_/D
    1898+ |      15 |     638 |      182 |      3 |   176 |    +0.8% |   -0.135 |       -2.9 |      -58.2 |    701 | fdct_zigzag.dct_mod.dct_block_4.dct_unit_5.macu.mult_res\[16\]$_DFFE_PP_/D
    1899+ |      15 |     638 |      182 |      3 |   176 |    +0.8% |   -0.135 |       -2.9 |      -58.2 |    701 | fdct_zigzag.dct_mod.dct_block_4.dct_unit_5.macu.mult_res\[16\]$_DFFE_PP_/D
    1900+ |      15 |     638 |      182 |      3 |   176 |    +0.8% |   -0.135 |       -2.9 |      -58.2 |    701 | fdct_zigzag.dct_mod.dct_block_4.dct_unit_5.macu.mult_res\[16\]$_DFFE_PP_/D
    1902+ |      15 |     639 |      182 |      3 |   176 |    +0.8% |   -0.135 |       -2.9 |      -58.2 |    701 | fdct_zigzag.dct_mod.dct_block_4.dct_unit_5.macu.mult_res\[16\]$_DFFE_PP_/D
    1904+ |      15 |     640 |      182 |      3 |   176 |    +0.8% |   -0.135 |       -2.9 |      -58.2 |    701 | fdct_zigzag.dct_mod.dct_block_4.dct_unit_5.macu.mult_res\[16\]$_DFFE_PP_/D
    1909+ |      15 |     644 |      182 |      3 |   176 |    +0.8% |   -0.135 |       -2.9 |      -58.1 |    701 | fdct_zigzag.dct_mod.dct_block_4.dct_unit_5.macu.mult_res\[16\]$_DFFE_PP_/D
    1910+ |      15 |     644 |      182 |      3 |   176 |    +0.8% |   -0.135 |       -2.9 |      -58.1 |    701 | fdct_zigzag.dct_mod.dct_block_4.dct_unit_5.macu.mult_res\[16\]$_DFFE_PP_/D
    1911+ |      15 |     645 |      182 |      3 |   176 |    +0.8% |   -0.135 |       -2.9 |      -58.1 |    701 | fdct_zigzag.dct_mod.dct_block_4.dct_unit_5.macu.mult_res\[16\]$_DFFE_PP_/D
    1912+ |      15 |     645 |      182 |      3 |   176 |    +0.8% |   -0.135 |       -2.9 |      -58.1 |    701 | fdct_zigzag.dct_mod.dct_block_4.dct_unit_5.macu.mult_res\[16\]$_DFFE_PP_/D
    1913+ |      15 |     645 |      182 |      3 |   176 |    +0.8% |   -0.135 |       -2.9 |      -58.1 |    701 | fdct_zigzag.dct_mod.dct_block_4.dct_unit_5.macu.mult_res\[16\]$_DFFE_PP_/D
    1915+ |      15 |     646 |      182 |      3 |   176 |    +0.8% |   -0.135 |       -2.9 |      -58.1 |    701 | fdct_zigzag.dct_mod.dct_block_4.dct_unit_5.macu.mult_res\[16\]$_DFFE_PP_/D
    1916+ |      15 |     646 |      182 |      3 |   176 |    +0.8% |   -0.135 |       -2.9 |      -58.1 |    701 | fdct_zigzag.dct_mod.dct_block_4.dct_unit_5.macu.mult_res\[16\]$_DFFE_PP_/D
    1918+ |      15 |     647 |      182 |      3 |   176 |    +0.8% |   -0.135 |       -2.9 |      -58.1 |    701 | fdct_zigzag.dct_mod.dct_block_4.dct_unit_5.macu.mult_res\[16\]$_DFFE_PP_/D
    1920+ |      15 |     647 |      182 |      3 |   177 |    +0.8% |   -0.135 |       -2.9 |      -58.1 |    701 | fdct_zigzag.dct_mod.dct_block_4.dct_unit_5.macu.mult_res\[16\]$_DFFE_PP_/D
    1923+ |      15 |     648 |      182 |      3 |   179 |    +0.8% |   -0.135 |       -2.9 |      -58.0 |    701 | fdct_zigzag.dct_mod.dct_block_4.dct_unit_5.macu.mult_res\[16\]$_DFFE_PP_/D
    1930+ |      15 |     654 |      182 |      3 |   179 |    +0.8% |   -0.135 |       -2.8 |      -57.9 |    701 | fdct_zigzag.dct_mod.dct_block_4.dct_unit_5.macu.mult_res\[16\]$_DFFE_PP_/D
    1930+ |      15 |     654 |      182 |      3 |   179 |    +0.8% |   -0.135 |       -2.8 |      -57.9 |    701 | fdct_zigzag.dct_mod.dct_block_4.dct_unit_5.macu.mult_res\[16\]$_DFFE_PP_/D
    1933+ |      15 |     656 |      182 |      3 |   179 |    +0.8% |   -0.135 |       -2.8 |      -57.9 |    701 | fdct_zigzag.dct_mod.dct_block_4.dct_unit_5.macu.mult_res\[16\]$_DFFE_PP_/D
    1934+ |      15 |     656 |      182 |      3 |   179 |    +0.8% |   -0.135 |       -2.8 |      -57.9 |    701 | fdct_zigzag.dct_mod.dct_block_4.dct_unit_5.macu.mult_res\[16\]$_DFFE_PP_/D
    1938+ |      15 |     658 |      182 |      3 |   180 |    +0.8% |   -0.135 |       -2.8 |      -57.8 |    701 | fdct_zigzag.dct_mod.dct_block_4.dct_unit_5.macu.mult_res\[16\]$_DFFE_PP_/D
    1939+ |      15 |     658 |      182 |      3 |   180 |    +0.8% |   -0.135 |       -2.8 |      -57.8 |    701 | fdct_zigzag.dct_mod.dct_block_4.dct_unit_5.macu.mult_res\[16\]$_DFFE_PP_/D
    1940+ |      15 |     658 |      182 |      3 |   180 |    +0.8% |   -0.135 |       -2.8 |      -57.8 |    701 | fdct_zigzag.dct_mod.dct_block_4.dct_unit_5.macu.mult_res\[16\]$_DFFE_PP_/D
    1941+ |      15 |     659 |      182 |      3 |   180 |    +0.8% |   -0.135 |       -2.8 |      -57.8 |    701 | fdct_zigzag.dct_mod.dct_block_4.dct_unit_5.macu.mult_res\[16\]$_DFFE_PP_/D
    1942+ |      15 |     659 |      182 |      3 |   180 |    +0.8% |   -0.135 |       -2.8 |      -57.8 |    701 | fdct_zigzag.dct_mod.dct_block_4.dct_unit_5.macu.mult_res\[16\]$_DFFE_PP_/D
    1943+ |      15 |     659 |      182 |      3 |   180 |    +0.8% |   -0.135 |       -2.8 |      -57.8 |    701 | fdct_zigzag.dct_mod.dct_block_4.dct_unit_5.macu.mult_res\[16\]$_DFFE_PP_/D
    1944+ |      15 |     659 |      182 |      3 |   180 |    +0.8% |   -0.135 |       -2.8 |      -57.8 |    701 | fdct_zigzag.dct_mod.dct_block_4.dct_unit_5.macu.mult_res\[16\]$_DFFE_PP_/D
    1945+ |      15 |     659 |      182 |      3 |   180 |    +0.8% |   -0.135 |       -2.8 |      -57.8 |    701 | fdct_zigzag.dct_mod.dct_block_4.dct_unit_5.macu.mult_res\[16\]$_DFFE_PP_/D
    1946+ |      15 |     659 |      182 |      3 |   180 |    +0.8% |   -0.135 |       -2.8 |      -57.8 |    701 | fdct_zigzag.dct_mod.dct_block_4.dct_unit_5.macu.mult_res\[16\]$_DFFE_PP_/D
    1947+ |      15 |     659 |      182 |      3 |   180 |    +0.8% |   -0.135 |       -2.8 |      -57.8 |    701 | fdct_zigzag.dct_mod.dct_block_4.dct_unit_5.macu.mult_res\[16\]$_DFFE_PP_/D
    1948+ |      15 |     659 |      182 |      3 |   180 |    +0.8% |   -0.135 |       -2.8 |      -57.8 |    701 | fdct_zigzag.dct_mod.dct_block_4.dct_unit_5.macu.mult_res\[16\]$_DFFE_PP_/D
    1949+ |      15 |     659 |      182 |      3 |   180 |    +0.8% |   -0.135 |       -2.8 |      -57.8 |    701 | fdct_zigzag.dct_mod.dct_block_4.dct_unit_5.macu.mult_res\[16\]$_DFFE_PP_/D
    1950+ |      15 |     659 |      182 |      3 |   180 |    +0.8% |   -0.135 |       -2.8 |      -57.8 |    701 | fdct_zigzag.dct_mod.dct_block_4.dct_unit_5.macu.mult_res\[16\]$_DFFE_PP_/D
    1950+ |      15 |     659 |      182 |      3 |   180 |    +0.8% |   -0.135 |       -2.8 |      -57.8 |    701 | fdct_zigzag.dct_mod.dct_block_4.dct_unit_5.macu.mult_res\[16\]$_DFFE_PP_/D
    1951+ |      15 |     659 |      182 |      3 |   180 |    +0.8% |   -0.135 |       -2.8 |      -57.8 |    701 | fdct_zigzag.dct_mod.dct_block_4.dct_unit_5.macu.mult_res\[16\]$_DFFE_PP_/D
    1952+ |      15 |     659 |      182 |      3 |   180 |    +0.8% |   -0.135 |       -2.8 |      -57.8 |    701 | fdct_zigzag.dct_mod.dct_block_4.dct_unit_5.macu.mult_res\[16\]$_DFFE_PP_/D
    1953+ |      15 |     659 |      182 |      3 |   180 |    +0.8% |   -0.135 |       -2.8 |      -57.8 |    701 | fdct_zigzag.dct_mod.dct_block_4.dct_unit_5.macu.mult_res\[16\]$_DFFE_PP_/D
    1954+ |      15 |     659 |      182 |      3 |   180 |    +0.8% |   -0.135 |       -2.8 |      -57.8 |    701 | fdct_zigzag.dct_mod.dct_block_4.dct_unit_5.macu.mult_res\[16\]$_DFFE_PP_/D
    1955+ |      15 |     659 |      182 |      3 |   180 |    +0.8% |   -0.135 |       -2.8 |      -57.8 |    701 | fdct_zigzag.dct_mod.dct_block_4.dct_unit_5.macu.mult_res\[16\]$_DFFE_PP_/D
    1956+ |      15 |     659 |      182 |      3 |   180 |    +0.8% |   -0.135 |       -2.8 |      -57.8 |    701 | fdct_zigzag.dct_mod.dct_block_4.dct_unit_5.macu.mult_res\[16\]$_DFFE_PP_/D
    1957+ |      15 |     659 |      182 |      3 |   180 |    +0.8% |   -0.135 |       -2.8 |      -57.8 |    701 | fdct_zigzag.dct_mod.dct_block_4.dct_unit_5.macu.mult_res\[16\]$_DFFE_PP_/D
    1958+ |      15 |     659 |      182 |      3 |   180 |    +0.8% |   -0.135 |       -2.8 |      -57.8 |    701 | fdct_zigzag.dct_mod.dct_block_4.dct_unit_5.macu.mult_res\[16\]$_DFFE_PP_/D
    1959+ |      15 |     659 |      182 |      3 |   180 |    +0.8% |   -0.135 |       -2.8 |      -57.8 |    701 | fdct_zigzag.dct_mod.dct_block_4.dct_unit_5.macu.mult_res\[16\]$_DFFE_PP_/D
    1960+ |      15 |     659 |      182 |      3 |   180 |    +0.8% |   -0.135 |       -2.8 |      -57.8 |    701 | fdct_zigzag.dct_mod.dct_block_4.dct_unit_5.macu.mult_res\[16\]$_DFFE_PP_/D
    1960+ |      15 |     659 |      182 |      3 |   180 |    +0.8% |   -0.135 |       -2.8 |      -57.8 |    701 | fdct_zigzag.dct_mod.dct_block_4.dct_unit_5.macu.mult_res\[16\]$_DFFE_PP_/D
    1961+ |      15 |     659 |      182 |      3 |   180 |    +0.8% |   -0.135 |       -2.8 |      -57.8 |    701 | fdct_zigzag.dct_mod.dct_block_4.dct_unit_5.macu.mult_res\[16\]$_DFFE_PP_/D
    1962+ |      15 |     659 |      182 |      3 |   180 |    +0.8% |   -0.135 |       -2.8 |      -57.8 |    701 | fdct_zigzag.dct_mod.dct_block_4.dct_unit_5.macu.mult_res\[16\]$_DFFE_PP_/D
    1963+ |      15 |     659 |      182 |      3 |   180 |    +0.8% |   -0.135 |       -2.8 |      -57.8 |    701 | fdct_zigzag.dct_mod.dct_block_4.dct_unit_5.macu.mult_res\[16\]$_DFFE_PP_/D
    1964+ |      15 |     659 |      182 |      3 |   180 |    +0.8% |   -0.135 |       -2.8 |      -57.8 |    701 | fdct_zigzag.dct_mod.dct_block_4.dct_unit_5.macu.mult_res\[16\]$_DFFE_PP_/D
    1965+ |      15 |     659 |      182 |      3 |   180 |    +0.8% |   -0.135 |       -2.8 |      -57.8 |    701 | fdct_zigzag.dct_mod.dct_block_4.dct_unit_5.macu.mult_res\[16\]$_DFFE_PP_/D
    1966+ |      15 |     659 |      182 |      3 |   180 |    +0.8% |   -0.135 |       -2.8 |      -57.8 |    701 | fdct_zigzag.dct_mod.dct_block_4.dct_unit_5.macu.mult_res\[16\]$_DFFE_PP_/D
    1967+ |      15 |     659 |      182 |      3 |   180 |    +0.8% |   -0.135 |       -2.8 |      -57.8 |    701 | fdct_zigzag.dct_mod.dct_block_4.dct_unit_5.macu.mult_res\[16\]$_DFFE_PP_/D
    1968+ |      15 |     659 |      182 |      3 |   180 |    +0.8% |   -0.135 |       -2.8 |      -57.8 |    701 | fdct_zigzag.dct_mod.dct_block_4.dct_unit_5.macu.mult_res\[16\]$_DFFE_PP_/D
    1969+ |      15 |     659 |      182 |      3 |   180 |    +0.8% |   -0.135 |       -2.8 |      -57.8 |    701 | fdct_zigzag.dct_mod.dct_block_4.dct_unit_5.macu.mult_res\[16\]$_DFFE_PP_/D
    1970+ |      15 |     659 |      182 |      3 |   180 |    +0.8% |   -0.135 |       -2.8 |      -57.8 |    701 | fdct_zigzag.dct_mod.dct_block_4.dct_unit_5.macu.mult_res\[16\]$_DFFE_PP_/D
    1970+ |      15 |     659 |      182 |      3 |   180 |    +0.8% |   -0.135 |       -2.8 |      -57.8 |    701 | fdct_zigzag.dct_mod.dct_block_4.dct_unit_5.macu.mult_res\[16\]$_DFFE_PP_/D
    1971+ |      15 |     659 |      182 |      3 |   180 |    +0.8% |   -0.135 |       -2.8 |      -57.8 |    701 | fdct_zigzag.dct_mod.dct_block_4.dct_unit_5.macu.mult_res\[16\]$_DFFE_PP_/D
    1972+ |      15 |     659 |      182 |      3 |   180 |    +0.8% |   -0.135 |       -2.8 |      -57.8 |    701 | fdct_zigzag.dct_mod.dct_block_4.dct_unit_5.macu.mult_res\[16\]$_DFFE_PP_/D
    1973+ |      15 |     659 |      182 |      3 |   180 |    +0.8% |   -0.135 |       -2.8 |      -57.8 |    701 | fdct_zigzag.dct_mod.dct_block_4.dct_unit_5.macu.mult_res\[16\]$_DFFE_PP_/D
    1974+ |      15 |     659 |      182 |      3 |   180 |    +0.8% |   -0.135 |       -2.8 |      -57.8 |    701 | fdct_zigzag.dct_mod.dct_block_4.dct_unit_5.macu.mult_res\[16\]$_DFFE_PP_/D
    1975+ |      15 |     659 |      182 |      3 |   180 |    +0.8% |   -0.135 |       -2.8 |      -57.8 |    701 | fdct_zigzag.dct_mod.dct_block_4.dct_unit_5.macu.mult_res\[16\]$_DFFE_PP_/D
    1976+ |      15 |     659 |      182 |      3 |   180 |    +0.8% |   -0.135 |       -2.8 |      -57.8 |    701 | fdct_zigzag.dct_mod.dct_block_4.dct_unit_5.macu.mult_res\[16\]$_DFFE_PP_/D
    1977+ |      15 |     659 |      182 |      3 |   180 |    +0.8% |   -0.135 |       -2.8 |      -57.8 |    701 | fdct_zigzag.dct_mod.dct_block_4.dct_unit_5.macu.mult_res\[16\]$_DFFE_PP_/D
    1978+ |      15 |     659 |      182 |      3 |   180 |    +0.8% |   -0.135 |       -2.8 |      -57.8 |    701 | fdct_zigzag.dct_mod.dct_block_4.dct_unit_5.macu.mult_res\[16\]$_DFFE_PP_/D
    1979+ |      15 |     659 |      182 |      3 |   180 |    +0.8% |   -0.135 |       -2.8 |      -57.8 |    701 | fdct_zigzag.dct_mod.dct_block_4.dct_unit_5.macu.mult_res\[16\]$_DFFE_PP_/D
    1980+ |      15 |     659 |      182 |      3 |   180 |    +0.8% |   -0.135 |       -2.8 |      -57.8 |    701 | fdct_zigzag.dct_mod.dct_block_4.dct_unit_5.macu.mult_res\[16\]$_DFFE_PP_/D
    1980+ |      15 |     659 |      182 |      3 |   180 |    +0.8% |   -0.135 |       -2.8 |      -57.8 |    701 | fdct_zigzag.dct_mod.dct_block_4.dct_unit_5.macu.mult_res\[16\]$_DFFE_PP_/D
    1981+ |      15 |     659 |      182 |      3 |   180 |    +0.8% |   -0.135 |       -2.8 |      -57.8 |    701 | fdct_zigzag.dct_mod.dct_block_4.dct_unit_5.macu.mult_res\[16\]$_DFFE_PP_/D
    1982+ |      15 |     659 |      182 |      3 |   180 |    +0.8% |   -0.135 |       -2.8 |      -57.8 |    701 | fdct_zigzag.dct_mod.dct_block_4.dct_unit_5.macu.mult_res\[16\]$_DFFE_PP_/D
    1983+ |      15 |     659 |      182 |      3 |   180 |    +0.8% |   -0.135 |       -2.8 |      -57.8 |    701 | fdct_zigzag.dct_mod.dct_block_4.dct_unit_5.macu.mult_res\[16\]$_DFFE_PP_/D
    1984+ |      15 |     659 |      182 |      3 |   180 |    +0.8% |   -0.135 |       -2.8 |      -57.8 |    701 | fdct_zigzag.dct_mod.dct_block_4.dct_unit_5.macu.mult_res\[16\]$_DFFE_PP_/D
    1985+ |      15 |     659 |      182 |      3 |   180 |    +0.8% |   -0.135 |       -2.8 |      -57.8 |    701 | fdct_zigzag.dct_mod.dct_block_4.dct_unit_5.macu.mult_res\[16\]$_DFFE_PP_/D
    1986+ |      15 |     659 |      182 |      3 |   180 |    +0.8% |   -0.135 |       -2.8 |      -57.8 |    701 | fdct_zigzag.dct_mod.dct_block_4.dct_unit_5.macu.mult_res\[16\]$_DFFE_PP_/D
    1987+ |      15 |     659 |      182 |      3 |   180 |    +0.8% |   -0.135 |       -2.8 |      -57.8 |    701 | fdct_zigzag.dct_mod.dct_block_4.dct_unit_5.macu.mult_res\[16\]$_DFFE_PP_/D
    1988+ |      15 |     659 |      182 |      3 |   180 |    +0.8% |   -0.135 |       -2.8 |      -57.8 |    701 | fdct_zigzag.dct_mod.dct_block_4.dct_unit_5.macu.mult_res\[16\]$_DFFE_PP_/D
    1989+ |      15 |     659 |      182 |      3 |   180 |    +0.8% |   -0.135 |       -2.8 |      -57.8 |    701 | fdct_zigzag.dct_mod.dct_block_4.dct_unit_5.macu.mult_res\[16\]$_DFFE_PP_/D
    1990+ |      15 |     659 |      182 |      3 |   180 |    +0.8% |   -0.135 |       -2.8 |      -57.8 |    701 | fdct_zigzag.dct_mod.dct_block_4.dct_unit_5.macu.mult_res\[16\]$_DFFE_PP_/D
    1990+ |      15 |     659 |      182 |      3 |   180 |    +0.8% |   -0.135 |       -2.8 |      -57.8 |    701 | fdct_zigzag.dct_mod.dct_block_4.dct_unit_5.macu.mult_res\[16\]$_DFFE_PP_/D
    1991+ |      15 |     659 |      182 |      3 |   180 |    +0.8% |   -0.135 |       -2.8 |      -57.8 |    701 | fdct_zigzag.dct_mod.dct_block_4.dct_unit_5.macu.mult_res\[16\]$_DFFE_PP_/D
    1992+ |      15 |     659 |      182 |      3 |   180 |    +0.8% |   -0.135 |       -2.8 |      -57.8 |    701 | fdct_zigzag.dct_mod.dct_block_4.dct_unit_5.macu.mult_res\[16\]$_DFFE_PP_/D
    1993+ |      15 |     659 |      182 |      3 |   180 |    +0.8% |   -0.135 |       -2.8 |      -57.8 |    701 | fdct_zigzag.dct_mod.dct_block_4.dct_unit_5.macu.mult_res\[16\]$_DFFE_PP_/D
    1994+ |      15 |     659 |      182 |      3 |   180 |    +0.8% |   -0.135 |       -2.8 |      -57.8 |    701 | fdct_zigzag.dct_mod.dct_block_4.dct_unit_5.macu.mult_res\[16\]$_DFFE_PP_/D
    1995+ |      15 |     659 |      182 |      3 |   180 |    +0.8% |   -0.135 |       -2.8 |      -57.8 |    701 | fdct_zigzag.dct_mod.dct_block_4.dct_unit_5.macu.mult_res\[16\]$_DFFE_PP_/D
    1996+ |      15 |     659 |      182 |      3 |   180 |    +0.8% |   -0.135 |       -2.8 |      -57.8 |    701 | fdct_zigzag.dct_mod.dct_block_4.dct_unit_5.macu.mult_res\[16\]$_DFFE_PP_/D
    1997+ |      15 |     659 |      182 |      3 |   180 |    +0.8% |   -0.135 |       -2.8 |      -57.8 |    701 | fdct_zigzag.dct_mod.dct_block_4.dct_unit_5.macu.mult_res\[16\]$_DFFE_PP_/D
    1998+ |      15 |     659 |      182 |      3 |   180 |    +0.8% |   -0.135 |       -2.8 |      -57.8 |    701 | fdct_zigzag.dct_mod.dct_block_4.dct_unit_5.macu.mult_res\[16\]$_DFFE_PP_/D
    1999+ |      15 |     659 |      182 |      3 |   180 |    +0.8% |   -0.135 |       -2.8 |      -57.8 |    701 | fdct_zigzag.dct_mod.dct_block_4.dct_unit_5.macu.mult_res\[16\]$_DFFE_PP_/D
    2000+ |      15 |     659 |      182 |      3 |   180 |    +0.8% |   -0.135 |       -2.8 |      -57.8 |    701 | fdct_zigzag.dct_mod.dct_block_4.dct_unit_5.macu.mult_res\[16\]$_DFFE_PP_/D
    final |      15 |     659 |      182 |      3 |   180 |    +0.8% |   -0.135 |       -2.8 |      -57.8 |    692 | fdct_zigzag.dct_mod.dct_block_4.dct_unit_5.macu.mult_res\[16\]$_DFFE_PP_/D
------------------------------------------------------------------------------------------------------------------------------
[INFO RSZ-0059] Removed 15 buffers.
[INFO RSZ-0040] Inserted 182 buffers.
[INFO RSZ-0051] Resized 659 instances: 659 up, 0 up match, 0 down, 0 VT
[INFO RSZ-0043] Swapped pins on 180 instances.
[INFO RSZ-0049] Cloned 3 instances.
[WARNING RSZ-0062] Unable to repair all setup violations.
[INFO RSZ-0046] Found 6 endpoints with hold violations.
Iteration | Resized | Buffers | Cloned Gates |   Area   |   WNS   |   TNS   | Endpoint
--------------------------------------------------------------------------------------
        0 |       0 |       0 |            0 |    +0.0% |  -0.012 |  -0.038 | qnr.divider.id[6]$_DFFE_PP_/D
    final |       0 |       5 |            0 |    +0.0% |   0.001 |   0.000 | fdct_zigzag.dct_mod.ddin[5]$_DFFE_PN0P_/D
--------------------------------------------------------------------------------------
[INFO RSZ-0032] Inserted 5 hold buffers.
Took 129 seconds: repair_timing -setup_margin 0 -hold_margin 0 -repair_tns 100 -verbose
global_route -start_incremental
detailed_placement
[INFO DPL-0006] Core area: 97934.02 um^2, Instances area: 91969.77 um^2, Utilization: 93.9%
[INFO DPL-0005] Diamond search max displacement: +/- 500 sites horizontally, +/- 100 rows vertically.
[INFO DPL-1101] Legalizing using diamond search.
Movements Summary
---------------------------------------
Total cells:                   59991
Diamond Move Success:          59991 (100.00%)
Diamond Move Failure:              0
Rip-up and replace Success:        0 (  0.00% of diamond failures)
Rip-up and replace Failure:        0
Total Placement Failures:          0
---------------------------------------
Placement Analysis
---------------------------------
total displacement      87570.8 u
average displacement        1.4 u
max displacement          186.0 u
original HPWL          590825.0 u
legalized HPWL         705733.7 u
delta HPWL                   19 %

global_route -end_incremental -congestion_report_file /work/reports/nangate45/jpeg/base/congestion_post_repair_timing.rpt
[WARNING GRT-0273] Disabled NDR (to reduce congestion) for net: clk
[WARNING GRT-0273] Disabled NDR (to reduce congestion) for net: clknet_0_clk
[INFO DPL-0006] Core area: 97934.02 um^2, Instances area: 91969.77 um^2, Utilization: 93.9%
[INFO DPL-0005] Diamond search max displacement: +/- 500 sites horizontally, +/- 100 rows vertically.
[INFO DPL-1101] Legalizing using diamond search.
Movements Summary
---------------------------------------
Total cells:                   59991
Diamond Move Success:          59991 (100.00%)
Diamond Move Failure:              0
Rip-up and replace Success:        0 (  0.00% of diamond failures)
Rip-up and replace Failure:        0
Total Placement Failures:          0
---------------------------------------
[ERROR GRT-0232] Routing congestion too high. Check the congestion heatmap in the GUI.
Error: global_route.tcl, 125 GRT-0232
Elapsed time: 42:03.04[h:]min:sec. CPU time: user 3710.69 sys 23.13 (147%). Peak memory: 1141248KB.
make[1]: *** [Makefile:550: do-5_1_grt] Error 1
make: *** [Makefile:550: /work/results/nangate45/jpeg/pipeline_88/5_1_grt.odb] Error 2
