=========================================
Design: asap7_aes_base
  [SKIP] features already extracted
  [RUN]  extract_thermal_labels.py (timeout 3600s)
+ DEFAULT_IMAGE=openroad/orfs:latest
+ FLOW_DIR=/OpenROAD-flow-scripts/flow
+ USE_USER=false
+ DRY_RUN=false
+ PORTS=()
+ IMAGE=
+ CMD_ARGS=()
+ [[ 7 -gt 0 ]]
+ case "$1" in
+ CMD_ARGS=("$@")
+ break
+ IMAGE=openroad/orfs-ml:latest
+ get_container_engine
++ docker --version
+ local 'DOCKER_VERSION_STRING=Docker version 29.7.2, build a7dcaa6'
+ [[ Docker version 29.7.2, build a7dcaa6 == *Docker* ]]
+ container_engine=docker
++ pwd
+ WORKSPACE=/home/mispronounced/Code/JayRaj21/OpenROAD-flow-scripts/flow
+ YOSYS_EXE=/OpenROAD-flow-scripts/tools/install/yosys/bin/yosys
+ OPENROAD_EXE=/OpenROAD-flow-scripts/tools/install/OpenROAD/bin/openroad
+ KLAYOUT_CMD=/usr/bin/klayout
+ XSOCK=/tmp/.X11-unix
+ XAUTH=/tmp/.docker.xauth
+ false
+ xauth nlist :0
+ sed -e 's/^..../ffff/'
+ xauth -f /tmp/.docker.xauth nmerge -
+ test -t 0
+ DOCKER_INTERACTIVE=
+ false
+ [[ docker == podman ]]
++ id -u mispronounced
++ id -g mispronounced
+ user_args='-u 1000:1000'
+ user_env=
+ PORT_ARGS=()
+ CMD_STR=
+ [[ 7 -gt 0 ]]
+ CMD_STR='openroad -python /work/ml/congestion/data_collection/extract_thermal_labels.py --odb /work/results/asap7/aes/base/3_place.odb --out /work/ml/congestion/data/asap7_aes_base_thermal_labels.npz'
+ ENV_SH_CMD='if [ -f ../env.sh ]; then . ../env.sh; fi;'
+ DOCKER_CMD=("$container_engine" run --rm -i $DOCKER_INTERACTIVE $user_env $user_args -e LIBGL_ALWAYS_SOFTWARE=1 -e QT_X11_NO_MITSHM=1 -e XDG_RUNTIME_DIR=/tmp/xdg-run -e "DISPLAY=${DISPLAY:-:0}" -e QT_XKB_CONFIG_ROOT=/usr/share/X11/xkb -v "$XSOCK:$XSOCK" -v "$XAUTH:$XAUTH" -e "XAUTHORITY=$XAUTH" -e FLOW_HOME=/OpenROAD-flow-scripts/flow/ -e WORK_HOME=/work -e "YOSYS_EXE=$YOSYS_EXE" -e "OPENROAD_EXE=$OPENROAD_EXE" -e "KLAYOUT_CMD=$KLAYOUT_CMD" -v "$WORKSPACE:/work:Z" --network host "${PORT_ARGS[@]}" "$IMAGE" bash -c "set -ex; mkdir /tmp/xdg-run; cd ${FLOW_DIR}; ${ENV_SH_CMD}$CMD_STR")
+ false
+ exec docker run --rm -i -u 1000:1000 -e LIBGL_ALWAYS_SOFTWARE=1 -e QT_X11_NO_MITSHM=1 -e XDG_RUNTIME_DIR=/tmp/xdg-run -e DISPLAY=:0 -e QT_XKB_CONFIG_ROOT=/usr/share/X11/xkb -v /tmp/.X11-unix:/tmp/.X11-unix -v /tmp/.docker.xauth:/tmp/.docker.xauth -e XAUTHORITY=/tmp/.docker.xauth -e FLOW_HOME=/OpenROAD-flow-scripts/flow/ -e WORK_HOME=/work -e YOSYS_EXE=/OpenROAD-flow-scripts/tools/install/yosys/bin/yosys -e OPENROAD_EXE=/OpenROAD-flow-scripts/tools/install/OpenROAD/bin/openroad -e KLAYOUT_CMD=/usr/bin/klayout -v /home/mispronounced/Code/JayRaj21/OpenROAD-flow-scripts/flow:/work:Z --network host openroad/orfs-ml:latest bash -c 'set -ex; mkdir /tmp/xdg-run; cd /OpenROAD-flow-scripts/flow; if [ -f ../env.sh ]; then . ../env.sh; fi;openroad -python /work/ml/congestion/data_collection/extract_thermal_labels.py --odb /work/results/asap7/aes/base/3_place.odb --out /work/ml/congestion/data/asap7_aes_base_thermal_labels.npz'
+ mkdir /tmp/xdg-run
+ cd /OpenROAD-flow-scripts/flow
+ '[' -f ../env.sh ']'
+ . ../env.sh
++ __setpaths
++ [[ linux-gnu == \d\a\r\w\i\n* ]]
++++ readlink -f ../env.sh
+++ dirname /OpenROAD-flow-scripts/env.sh
OPENROAD: /OpenROAD-flow-scripts/tools/OpenROAD
++ DIR=/OpenROAD-flow-scripts
++ export OPENROAD=/OpenROAD-flow-scripts/tools/OpenROAD
++ OPENROAD=/OpenROAD-flow-scripts/tools/OpenROAD
++ echo 'OPENROAD: /OpenROAD-flow-scripts/tools/OpenROAD'
++ export PATH=/OpenROAD-flow-scripts/tools/install/OpenROAD/bin:/usr/local/bin/wrapped-cc:/usr/local/sbin:/usr/local/bin:/usr/sbin:/usr/bin:/sbin:/bin
++ PATH=/OpenROAD-flow-scripts/tools/install/OpenROAD/bin:/usr/local/bin/wrapped-cc:/usr/local/sbin:/usr/local/bin:/usr/sbin:/usr/bin:/sbin:/bin
++ export PATH=/OpenROAD-flow-scripts/tools/install/yosys/bin:/OpenROAD-flow-scripts/tools/install/OpenROAD/bin:/usr/local/bin/wrapped-cc:/usr/local/sbin:/usr/local/bin:/usr/sbin:/usr/bin:/sbin:/bin
++ PATH=/OpenROAD-flow-scripts/tools/install/yosys/bin:/OpenROAD-flow-scripts/tools/install/OpenROAD/bin:/usr/local/bin/wrapped-cc:/usr/local/sbin:/usr/local/bin:/usr/sbin:/usr/bin:/sbin:/bin
++ export PATH=/OpenROAD-flow-scripts/tools/install/kepler-formal/bin:/OpenROAD-flow-scripts/tools/install/yosys/bin:/OpenROAD-flow-scripts/tools/install/OpenROAD/bin:/usr/local/bin/wrapped-cc:/usr/local/sbin:/usr/local/bin:/usr/sbin:/usr/bin:/sbin:/bin
++ PATH=/OpenROAD-flow-scripts/tools/install/kepler-formal/bin:/OpenROAD-flow-scripts/tools/install/yosys/bin:/OpenROAD-flow-scripts/tools/install/OpenROAD/bin:/usr/local/bin/wrapped-cc:/usr/local/sbin:/usr/local/bin:/usr/sbin:/usr/bin:/sbin:/bin
++ [[ linux-gnu == \d\a\r\w\i\n* ]]
++ export FLOW_HOME=/OpenROAD-flow-scripts/flow
++ FLOW_HOME=/OpenROAD-flow-scripts/flow
++ unset -f __setpaths
+ openroad -python /work/ml/congestion/data_collection/extract_thermal_labels.py --odb /work/results/asap7/aes/base/3_place.odb --out /work/ml/congestion/data/asap7_aes_base_thermal_labels.npz
OpenROAD 26Q2-1671-g0a1b0872a0 
Features included (+) or not (-): +GPU +GUI +Python
This program is licensed under the BSD-3 license. See the LICENSE file for details.
Components of this program may be licensed under more restrictive licenses which must be honored.
[WARNING ORD-0039] .openroad ignored with -python
[thermal] Reading placement from /work/results/asap7/aes/base/3_place.odb
[thermal] Die 0.05×0.05 mm is small — using 10×10 HotSpot grid (min cell ≥5.0 µm), upsampling to 64×64 for output
[thermal] Cell-type power breakdown:
          clock:      0 cells (  0.0% count)  →    0.0% weighted power
          seq  :    562 cells (  3.7% count)  →   25.4% weighted power
          macro:      0 cells (  0.0% count)  →    0.0% weighted power
          comb :  14635 cells ( 96.3% count)  →   74.6% weighted power
[thermal] Total power: 26.1 mW
[thermal] Running HotSpot (10×10 = 100 blocks)...
[thermal] Temperature: min=110.0°C  max=110.0°C  peak-to-peak=0.1°C
[thermal] Saved → /work/ml/congestion/data/asap7_aes_base_thermal_labels.npz
  [OK]   asap7_aes_base_thermal_labels.npz
=========================================
Design: asap7_jpeg_hi_util_75
  [SKIP] features already extracted
  [RUN]  extract_thermal_labels.py (timeout 3600s)
+ DEFAULT_IMAGE=openroad/orfs:latest
+ FLOW_DIR=/OpenROAD-flow-scripts/flow
+ USE_USER=false
+ DRY_RUN=false
+ PORTS=()
+ IMAGE=
+ CMD_ARGS=()
+ [[ 7 -gt 0 ]]
+ case "$1" in
+ CMD_ARGS=("$@")
+ break
+ IMAGE=openroad/orfs-ml:latest
+ get_container_engine
++ docker --version
+ local 'DOCKER_VERSION_STRING=Docker version 29.7.2, build a7dcaa6'
+ [[ Docker version 29.7.2, build a7dcaa6 == *Docker* ]]
+ container_engine=docker
++ pwd
+ WORKSPACE=/home/mispronounced/Code/JayRaj21/OpenROAD-flow-scripts/flow
+ YOSYS_EXE=/OpenROAD-flow-scripts/tools/install/yosys/bin/yosys
+ OPENROAD_EXE=/OpenROAD-flow-scripts/tools/install/OpenROAD/bin/openroad
+ KLAYOUT_CMD=/usr/bin/klayout
+ XSOCK=/tmp/.X11-unix
+ XAUTH=/tmp/.docker.xauth
+ false
+ xauth nlist :0
+ sed -e 's/^..../ffff/'
+ xauth -f /tmp/.docker.xauth nmerge -
+ test -t 0
+ DOCKER_INTERACTIVE=
+ false
+ [[ docker == podman ]]
++ id -u mispronounced
++ id -g mispronounced
+ user_args='-u 1000:1000'
+ user_env=
+ PORT_ARGS=()
+ CMD_STR=
+ [[ 7 -gt 0 ]]
+ CMD_STR='openroad -python /work/ml/congestion/data_collection/extract_thermal_labels.py --odb /work/results/asap7/jpeg/hi_util_75/3_place.odb --out /work/ml/congestion/data/asap7_jpeg_hi_util_75_thermal_labels.npz'
+ ENV_SH_CMD='if [ -f ../env.sh ]; then . ../env.sh; fi;'
+ DOCKER_CMD=("$container_engine" run --rm -i $DOCKER_INTERACTIVE $user_env $user_args -e LIBGL_ALWAYS_SOFTWARE=1 -e QT_X11_NO_MITSHM=1 -e XDG_RUNTIME_DIR=/tmp/xdg-run -e "DISPLAY=${DISPLAY:-:0}" -e QT_XKB_CONFIG_ROOT=/usr/share/X11/xkb -v "$XSOCK:$XSOCK" -v "$XAUTH:$XAUTH" -e "XAUTHORITY=$XAUTH" -e FLOW_HOME=/OpenROAD-flow-scripts/flow/ -e WORK_HOME=/work -e "YOSYS_EXE=$YOSYS_EXE" -e "OPENROAD_EXE=$OPENROAD_EXE" -e "KLAYOUT_CMD=$KLAYOUT_CMD" -v "$WORKSPACE:/work:Z" --network host "${PORT_ARGS[@]}" "$IMAGE" bash -c "set -ex; mkdir /tmp/xdg-run; cd ${FLOW_DIR}; ${ENV_SH_CMD}$CMD_STR")
+ false
+ exec docker run --rm -i -u 1000:1000 -e LIBGL_ALWAYS_SOFTWARE=1 -e QT_X11_NO_MITSHM=1 -e XDG_RUNTIME_DIR=/tmp/xdg-run -e DISPLAY=:0 -e QT_XKB_CONFIG_ROOT=/usr/share/X11/xkb -v /tmp/.X11-unix:/tmp/.X11-unix -v /tmp/.docker.xauth:/tmp/.docker.xauth -e XAUTHORITY=/tmp/.docker.xauth -e FLOW_HOME=/OpenROAD-flow-scripts/flow/ -e WORK_HOME=/work -e YOSYS_EXE=/OpenROAD-flow-scripts/tools/install/yosys/bin/yosys -e OPENROAD_EXE=/OpenROAD-flow-scripts/tools/install/OpenROAD/bin/openroad -e KLAYOUT_CMD=/usr/bin/klayout -v /home/mispronounced/Code/JayRaj21/OpenROAD-flow-scripts/flow:/work:Z --network host openroad/orfs-ml:latest bash -c 'set -ex; mkdir /tmp/xdg-run; cd /OpenROAD-flow-scripts/flow; if [ -f ../env.sh ]; then . ../env.sh; fi;openroad -python /work/ml/congestion/data_collection/extract_thermal_labels.py --odb /work/results/asap7/jpeg/hi_util_75/3_place.odb --out /work/ml/congestion/data/asap7_jpeg_hi_util_75_thermal_labels.npz'
+ mkdir /tmp/xdg-run
+ cd /OpenROAD-flow-scripts/flow
+ '[' -f ../env.sh ']'
+ . ../env.sh
++ __setpaths
++ [[ linux-gnu == \d\a\r\w\i\n* ]]
++++ readlink -f ../env.sh
+++ dirname /OpenROAD-flow-scripts/env.sh
++ DIR=/OpenROAD-flow-scripts
++ export OPENROAD=/OpenROAD-flow-scripts/tools/OpenROAD
++ OPENROAD=/OpenROAD-flow-scripts/tools/OpenROAD
++ echo 'OPENROAD: /OpenROAD-flow-scripts/tools/OpenROAD'
++ export PATH=/OpenROAD-flow-scripts/tools/install/OpenROAD/bin:/usr/local/bin/wrapped-cc:/usr/local/sbin:/usr/local/bin:/usr/sbin:/usr/bin:/sbin:/bin
++ PATH=/OpenROAD-flow-scripts/tools/install/OpenROAD/bin:/usr/local/bin/wrapped-cc:/usr/local/sbin:/usr/local/bin:/usr/sbin:/usr/bin:/sbin:/bin
++ export PATH=/OpenROAD-flow-scripts/tools/install/yosys/bin:/OpenROAD-flow-scripts/tools/install/OpenROAD/bin:/usr/local/bin/wrapped-cc:/usr/local/sbin:/usr/local/bin:/usr/sbin:/usr/bin:/sbin:/bin
++ PATH=/OpenROAD-flow-scripts/tools/install/yosys/bin:/OpenROAD-flow-scripts/tools/install/OpenROAD/bin:/usr/local/bin/wrapped-cc:/usr/local/sbin:/usr/local/bin:/usr/sbin:/usr/bin:/sbin:/bin
++ export PATH=/OpenROAD-flow-scripts/tools/install/kepler-formal/bin:/OpenROAD-flow-scripts/tools/install/yosys/bin:/OpenROAD-flow-scripts/tools/install/OpenROAD/bin:/usr/local/bin/wrapped-cc:/usr/local/sbin:/usr/local/bin:/usr/sbin:/usr/bin:/sbin:/bin
++ PATH=/OpenROAD-flow-scripts/tools/install/kepler-formal/bin:/OpenROAD-flow-scripts/tools/install/yosys/bin:/OpenROAD-flow-scripts/tools/install/OpenROAD/bin:/usr/local/bin/wrapped-cc:/usr/local/sbin:/usr/local/bin:/usr/sbin:/usr/bin:/sbin:/bin
OPENROAD: /OpenROAD-flow-scripts/tools/OpenROAD
++ [[ linux-gnu == \d\a\r\w\i\n* ]]
++ export FLOW_HOME=/OpenROAD-flow-scripts/flow
++ FLOW_HOME=/OpenROAD-flow-scripts/flow
++ unset -f __setpaths
+ openroad -python /work/ml/congestion/data_collection/extract_thermal_labels.py --odb /work/results/asap7/jpeg/hi_util_75/3_place.odb --out /work/ml/congestion/data/asap7_jpeg_hi_util_75_thermal_labels.npz
OpenROAD 26Q2-1671-g0a1b0872a0 
Features included (+) or not (-): +GPU +GUI +Python
This program is licensed under the BSD-3 license. See the LICENSE file for details.
Components of this program may be licensed under more restrictive licenses which must be honored.
[WARNING ORD-0039] .openroad ignored with -python
[thermal] Reading placement from /work/results/asap7/jpeg/hi_util_75/3_place.odb
[thermal] Die 0.01×0.01 mm is small — using 2×2 HotSpot grid (min cell ≥5.0 µm), upsampling to 64×64 for output
[thermal] Cell-type power breakdown:
          clock:      0 cells (  0.0% count)  →    0.0% weighted power
          seq  :     35 cells (  6.3% count)  →   39.7% weighted power
          macro:      0 cells (  0.0% count)  →    0.0% weighted power
          comb :    520 cells ( 93.7% count)  →   60.3% weighted power
[thermal] Total power: 1.1 mW
[thermal] Running HotSpot (2×2 = 4 blocks)...
[thermal] Temperature: min=110.0°C  max=110.0°C  peak-to-peak=0.0°C
[thermal] Saved → /work/ml/congestion/data/asap7_jpeg_hi_util_75_thermal_labels.npz
  [OK]   asap7_jpeg_hi_util_75_thermal_labels.npz
=========================================
Design: asap7_jpeg_pipeline_85
  [SKIP] features already extracted
  [RUN]  extract_thermal_labels.py (timeout 3600s)
+ DEFAULT_IMAGE=openroad/orfs:latest
+ FLOW_DIR=/OpenROAD-flow-scripts/flow
+ USE_USER=false
+ DRY_RUN=false
+ PORTS=()
+ IMAGE=
+ CMD_ARGS=()
+ [[ 7 -gt 0 ]]
+ case "$1" in
+ CMD_ARGS=("$@")
+ break
+ IMAGE=openroad/orfs-ml:latest
+ get_container_engine
++ docker --version
+ local 'DOCKER_VERSION_STRING=Docker version 29.7.2, build a7dcaa6'
+ [[ Docker version 29.7.2, build a7dcaa6 == *Docker* ]]
+ container_engine=docker
++ pwd
+ WORKSPACE=/home/mispronounced/Code/JayRaj21/OpenROAD-flow-scripts/flow
+ YOSYS_EXE=/OpenROAD-flow-scripts/tools/install/yosys/bin/yosys
+ OPENROAD_EXE=/OpenROAD-flow-scripts/tools/install/OpenROAD/bin/openroad
+ KLAYOUT_CMD=/usr/bin/klayout
+ XSOCK=/tmp/.X11-unix
+ XAUTH=/tmp/.docker.xauth
+ false
+ xauth nlist :0
+ sed -e 's/^..../ffff/'
+ xauth -f /tmp/.docker.xauth nmerge -
+ test -t 0
+ DOCKER_INTERACTIVE=
+ false
+ [[ docker == podman ]]
++ id -u mispronounced
++ id -g mispronounced
+ user_args='-u 1000:1000'
+ user_env=
+ PORT_ARGS=()
+ CMD_STR=
+ [[ 7 -gt 0 ]]
+ CMD_STR='openroad -python /work/ml/congestion/data_collection/extract_thermal_labels.py --odb /work/results/asap7/jpeg/pipeline_85/3_place.odb --out /work/ml/congestion/data/asap7_jpeg_pipeline_85_thermal_labels.npz'
+ ENV_SH_CMD='if [ -f ../env.sh ]; then . ../env.sh; fi;'
+ DOCKER_CMD=("$container_engine" run --rm -i $DOCKER_INTERACTIVE $user_env $user_args -e LIBGL_ALWAYS_SOFTWARE=1 -e QT_X11_NO_MITSHM=1 -e XDG_RUNTIME_DIR=/tmp/xdg-run -e "DISPLAY=${DISPLAY:-:0}" -e QT_XKB_CONFIG_ROOT=/usr/share/X11/xkb -v "$XSOCK:$XSOCK" -v "$XAUTH:$XAUTH" -e "XAUTHORITY=$XAUTH" -e FLOW_HOME=/OpenROAD-flow-scripts/flow/ -e WORK_HOME=/work -e "YOSYS_EXE=$YOSYS_EXE" -e "OPENROAD_EXE=$OPENROAD_EXE" -e "KLAYOUT_CMD=$KLAYOUT_CMD" -v "$WORKSPACE:/work:Z" --network host "${PORT_ARGS[@]}" "$IMAGE" bash -c "set -ex; mkdir /tmp/xdg-run; cd ${FLOW_DIR}; ${ENV_SH_CMD}$CMD_STR")
+ false
+ exec docker run --rm -i -u 1000:1000 -e LIBGL_ALWAYS_SOFTWARE=1 -e QT_X11_NO_MITSHM=1 -e XDG_RUNTIME_DIR=/tmp/xdg-run -e DISPLAY=:0 -e QT_XKB_CONFIG_ROOT=/usr/share/X11/xkb -v /tmp/.X11-unix:/tmp/.X11-unix -v /tmp/.docker.xauth:/tmp/.docker.xauth -e XAUTHORITY=/tmp/.docker.xauth -e FLOW_HOME=/OpenROAD-flow-scripts/flow/ -e WORK_HOME=/work -e YOSYS_EXE=/OpenROAD-flow-scripts/tools/install/yosys/bin/yosys -e OPENROAD_EXE=/OpenROAD-flow-scripts/tools/install/OpenROAD/bin/openroad -e KLAYOUT_CMD=/usr/bin/klayout -v /home/mispronounced/Code/JayRaj21/OpenROAD-flow-scripts/flow:/work:Z --network host openroad/orfs-ml:latest bash -c 'set -ex; mkdir /tmp/xdg-run; cd /OpenROAD-flow-scripts/flow; if [ -f ../env.sh ]; then . ../env.sh; fi;openroad -python /work/ml/congestion/data_collection/extract_thermal_labels.py --odb /work/results/asap7/jpeg/pipeline_85/3_place.odb --out /work/ml/congestion/data/asap7_jpeg_pipeline_85_thermal_labels.npz'
+ mkdir /tmp/xdg-run
+ cd /OpenROAD-flow-scripts/flow
+ '[' -f ../env.sh ']'
+ . ../env.sh
++ __setpaths
++ [[ linux-gnu == \d\a\r\w\i\n* ]]
++++ readlink -f ../env.sh
+++ dirname /OpenROAD-flow-scripts/env.sh
++ DIR=/OpenROAD-flow-scripts
++ export OPENROAD=/OpenROAD-flow-scripts/tools/OpenROAD
++ OPENROAD=/OpenROAD-flow-scripts/tools/OpenROAD
++ echo 'OPENROAD: /OpenROAD-flow-scripts/tools/OpenROAD'
++ export PATH=/OpenROAD-flow-scripts/tools/install/OpenROAD/bin:/usr/local/bin/wrapped-cc:/usr/local/sbin:/usr/local/bin:/usr/sbin:/usr/bin:/sbin:/bin
++ PATH=/OpenROAD-flow-scripts/tools/install/OpenROAD/bin:/usr/local/bin/wrapped-cc:/usr/local/sbin:/usr/local/bin:/usr/sbin:/usr/bin:/sbin:/bin
++ export PATH=/OpenROAD-flow-scripts/tools/install/yosys/bin:/OpenROAD-flow-scripts/tools/install/OpenROAD/bin:/usr/local/bin/wrapped-cc:/usr/local/sbin:/usr/local/bin:/usr/sbin:/usr/bin:/sbin:/bin
++ PATH=/OpenROAD-flow-scripts/tools/install/yosys/bin:/OpenROAD-flow-scripts/tools/install/OpenROAD/bin:/usr/local/bin/wrapped-cc:/usr/local/sbin:/usr/local/bin:/usr/sbin:/usr/bin:/sbin:/bin
OPENROAD: /OpenROAD-flow-scripts/tools/OpenROAD
++ export PATH=/OpenROAD-flow-scripts/tools/install/kepler-formal/bin:/OpenROAD-flow-scripts/tools/install/yosys/bin:/OpenROAD-flow-scripts/tools/install/OpenROAD/bin:/usr/local/bin/wrapped-cc:/usr/local/sbin:/usr/local/bin:/usr/sbin:/usr/bin:/sbin:/bin
++ PATH=/OpenROAD-flow-scripts/tools/install/kepler-formal/bin:/OpenROAD-flow-scripts/tools/install/yosys/bin:/OpenROAD-flow-scripts/tools/install/OpenROAD/bin:/usr/local/bin/wrapped-cc:/usr/local/sbin:/usr/local/bin:/usr/sbin:/usr/bin:/sbin:/bin
++ [[ linux-gnu == \d\a\r\w\i\n* ]]
++ export FLOW_HOME=/OpenROAD-flow-scripts/flow
++ FLOW_HOME=/OpenROAD-flow-scripts/flow
++ unset -f __setpaths
+ openroad -python /work/ml/congestion/data_collection/extract_thermal_labels.py --odb /work/results/asap7/jpeg/pipeline_85/3_place.odb --out /work/ml/congestion/data/asap7_jpeg_pipeline_85_thermal_labels.npz
OpenROAD 26Q2-1671-g0a1b0872a0 
Features included (+) or not (-): +GPU +GUI +Python
This program is licensed under the BSD-3 license. See the LICENSE file for details.
Components of this program may be licensed under more restrictive licenses which must be honored.
[WARNING ORD-0039] .openroad ignored with -python
[thermal] Reading placement from /work/results/asap7/jpeg/pipeline_85/3_place.odb
[thermal] Die 0.09×0.09 mm is small — using 18×18 HotSpot grid (min cell ≥5.0 µm), upsampling to 64×64 for output
[thermal] Cell-type power breakdown:
          clock:      0 cells (  0.0% count)  →    0.0% weighted power
          seq  :   4384 cells (  7.2% count)  →   42.7% weighted power
          macro:      0 cells (  0.0% count)  →    0.0% weighted power
          comb :  56586 cells ( 92.8% count)  →   57.3% weighted power
[thermal] Total power: 82.3 mW
[thermal] Running HotSpot (18×18 = 324 blocks)...
[thermal] Temperature: min=110.0°C  max=110.1°C  peak-to-peak=0.1°C
[thermal] Saved → /work/ml/congestion/data/asap7_jpeg_pipeline_85_thermal_labels.npz
  [OK]   asap7_jpeg_pipeline_85_thermal_labels.npz
=========================================
Design: nangate45_adder4_base
  [SKIP] features already extracted
  [RUN]  extract_thermal_labels.py (timeout 3600s)
+ DEFAULT_IMAGE=openroad/orfs:latest
+ FLOW_DIR=/OpenROAD-flow-scripts/flow
+ USE_USER=false
+ DRY_RUN=false
+ PORTS=()
+ IMAGE=
+ CMD_ARGS=()
+ [[ 7 -gt 0 ]]
+ case "$1" in
+ CMD_ARGS=("$@")
+ break
+ IMAGE=openroad/orfs-ml:latest
+ get_container_engine
++ docker --version
+ local 'DOCKER_VERSION_STRING=Docker version 29.7.2, build a7dcaa6'
+ [[ Docker version 29.7.2, build a7dcaa6 == *Docker* ]]
+ container_engine=docker
++ pwd
+ WORKSPACE=/home/mispronounced/Code/JayRaj21/OpenROAD-flow-scripts/flow
+ YOSYS_EXE=/OpenROAD-flow-scripts/tools/install/yosys/bin/yosys
+ OPENROAD_EXE=/OpenROAD-flow-scripts/tools/install/OpenROAD/bin/openroad
+ KLAYOUT_CMD=/usr/bin/klayout
+ XSOCK=/tmp/.X11-unix
+ XAUTH=/tmp/.docker.xauth
+ false
+ xauth nlist :0
+ sed -e 's/^..../ffff/'
+ xauth -f /tmp/.docker.xauth nmerge -
+ test -t 0
+ DOCKER_INTERACTIVE=
+ false
+ [[ docker == podman ]]
++ id -u mispronounced
++ id -g mispronounced
+ user_args='-u 1000:1000'
+ user_env=
+ PORT_ARGS=()
+ CMD_STR=
+ [[ 7 -gt 0 ]]
+ CMD_STR='openroad -python /work/ml/congestion/data_collection/extract_thermal_labels.py --odb /work/results/nangate45/adder4/base/3_place.odb --out /work/ml/congestion/data/nangate45_adder4_base_thermal_labels.npz'
+ ENV_SH_CMD='if [ -f ../env.sh ]; then . ../env.sh; fi;'
+ DOCKER_CMD=("$container_engine" run --rm -i $DOCKER_INTERACTIVE $user_env $user_args -e LIBGL_ALWAYS_SOFTWARE=1 -e QT_X11_NO_MITSHM=1 -e XDG_RUNTIME_DIR=/tmp/xdg-run -e "DISPLAY=${DISPLAY:-:0}" -e QT_XKB_CONFIG_ROOT=/usr/share/X11/xkb -v "$XSOCK:$XSOCK" -v "$XAUTH:$XAUTH" -e "XAUTHORITY=$XAUTH" -e FLOW_HOME=/OpenROAD-flow-scripts/flow/ -e WORK_HOME=/work -e "YOSYS_EXE=$YOSYS_EXE" -e "OPENROAD_EXE=$OPENROAD_EXE" -e "KLAYOUT_CMD=$KLAYOUT_CMD" -v "$WORKSPACE:/work:Z" --network host "${PORT_ARGS[@]}" "$IMAGE" bash -c "set -ex; mkdir /tmp/xdg-run; cd ${FLOW_DIR}; ${ENV_SH_CMD}$CMD_STR")
+ false
+ exec docker run --rm -i -u 1000:1000 -e LIBGL_ALWAYS_SOFTWARE=1 -e QT_X11_NO_MITSHM=1 -e XDG_RUNTIME_DIR=/tmp/xdg-run -e DISPLAY=:0 -e QT_XKB_CONFIG_ROOT=/usr/share/X11/xkb -v /tmp/.X11-unix:/tmp/.X11-unix -v /tmp/.docker.xauth:/tmp/.docker.xauth -e XAUTHORITY=/tmp/.docker.xauth -e FLOW_HOME=/OpenROAD-flow-scripts/flow/ -e WORK_HOME=/work -e YOSYS_EXE=/OpenROAD-flow-scripts/tools/install/yosys/bin/yosys -e OPENROAD_EXE=/OpenROAD-flow-scripts/tools/install/OpenROAD/bin/openroad -e KLAYOUT_CMD=/usr/bin/klayout -v /home/mispronounced/Code/JayRaj21/OpenROAD-flow-scripts/flow:/work:Z --network host openroad/orfs-ml:latest bash -c 'set -ex; mkdir /tmp/xdg-run; cd /OpenROAD-flow-scripts/flow; if [ -f ../env.sh ]; then . ../env.sh; fi;openroad -python /work/ml/congestion/data_collection/extract_thermal_labels.py --odb /work/results/nangate45/adder4/base/3_place.odb --out /work/ml/congestion/data/nangate45_adder4_base_thermal_labels.npz'
+ mkdir /tmp/xdg-run
+ cd /OpenROAD-flow-scripts/flow
+ '[' -f ../env.sh ']'
+ . ../env.sh
++ __setpaths
++ [[ linux-gnu == \d\a\r\w\i\n* ]]
++++ readlink -f ../env.sh
+++ dirname /OpenROAD-flow-scripts/env.sh
++ DIR=/OpenROAD-flow-scripts
++ export OPENROAD=/OpenROAD-flow-scripts/tools/OpenROAD
++ OPENROAD=/OpenROAD-flow-scripts/tools/OpenROAD
++ echo 'OPENROAD: /OpenROAD-flow-scripts/tools/OpenROAD'
++ export PATH=/OpenROAD-flow-scripts/tools/install/OpenROAD/bin:/usr/local/bin/wrapped-cc:/usr/local/sbin:/usr/local/bin:/usr/sbin:/usr/bin:/sbin:/bin
++ PATH=/OpenROAD-flow-scripts/tools/install/OpenROAD/bin:/usr/local/bin/wrapped-cc:/usr/local/sbin:/usr/local/bin:/usr/sbin:/usr/bin:/sbin:/bin
++ export PATH=/OpenROAD-flow-scripts/tools/install/yosys/bin:/OpenROAD-flow-scripts/tools/install/OpenROAD/bin:/usr/local/bin/wrapped-cc:/usr/local/sbin:/usr/local/bin:/usr/sbin:/usr/bin:/sbin:/bin
++ PATH=/OpenROAD-flow-scripts/tools/install/yosys/bin:/OpenROAD-flow-scripts/tools/install/OpenROAD/bin:/usr/local/bin/wrapped-cc:/usr/local/sbin:/usr/local/bin:/usr/sbin:/usr/bin:/sbin:/bin
++ export PATH=/OpenROAD-flow-scripts/tools/install/kepler-formal/bin:/OpenROAD-flow-scripts/tools/install/yosys/bin:/OpenROAD-flow-scripts/tools/install/OpenROAD/bin:/usr/local/bin/wrapped-cc:/usr/local/sbin:/usr/local/bin:/usr/sbin:/usr/bin:/sbin:/bin
++ PATH=/OpenROAD-flow-scripts/tools/install/kepler-formal/bin:/OpenROAD-flow-scripts/tools/install/yosys/bin:/OpenROAD-flow-scripts/tools/install/OpenROAD/bin:/usr/local/bin/wrapped-cc:/usr/local/sbin:/usr/local/bin:/usr/sbin:/usr/bin:/sbin:/bin
++ [[ linux-gnu == \d\a\r\w\i\n* ]]
++ export FLOW_HOME=/OpenROAD-flow-scripts/flow
++ FLOW_HOME=/OpenROAD-flow-scripts/flow
OPENROAD: /OpenROAD-flow-scripts/tools/OpenROAD
++ unset -f __setpaths
+ openroad -python /work/ml/congestion/data_collection/extract_thermal_labels.py --odb /work/results/nangate45/adder4/base/3_place.odb --out /work/ml/congestion/data/nangate45_adder4_base_thermal_labels.npz
OpenROAD 26Q2-1671-g0a1b0872a0 
Features included (+) or not (-): +GPU +GUI +Python
This program is licensed under the BSD-3 license. See the LICENSE file for details.
Components of this program may be licensed under more restrictive licenses which must be honored.
[WARNING ORD-0039] .openroad ignored with -python
[thermal] Reading placement from /work/results/nangate45/adder4/base/3_place.odb
[thermal] Die 0.04×0.04 mm is small — using 8×8 HotSpot grid (min cell ≥5.0 µm), upsampling to 64×64 for output
[thermal] Cell-type power breakdown:
          clock:      0 cells (  0.0% count)  →    0.0% weighted power
          seq  :      5 cells (  5.7% count)  →   57.2% weighted power
          macro:      0 cells (  0.0% count)  →    0.0% weighted power
          comb :     82 cells ( 94.3% count)  →   42.8% weighted power
[thermal] Total power: 17.7 mW
[thermal] Running HotSpot (8×8 = 64 blocks)...
[thermal] Temperature: min=109.9°C  max=110.3°C  peak-to-peak=0.4°C
[thermal] Saved → /work/ml/congestion/data/nangate45_adder4_base_thermal_labels.npz
  [OK]   nangate45_adder4_base_thermal_labels.npz
=========================================
Design: nangate45_aes_base
  [SKIP] features already extracted
  [RUN]  extract_thermal_labels.py (timeout 3600s)
+ DEFAULT_IMAGE=openroad/orfs:latest
+ FLOW_DIR=/OpenROAD-flow-scripts/flow
+ USE_USER=false
+ DRY_RUN=false
+ PORTS=()
+ IMAGE=
+ CMD_ARGS=()
+ [[ 7 -gt 0 ]]
+ case "$1" in
+ CMD_ARGS=("$@")
+ break
+ IMAGE=openroad/orfs-ml:latest
+ get_container_engine
++ docker --version
+ local 'DOCKER_VERSION_STRING=Docker version 29.7.2, build a7dcaa6'
+ [[ Docker version 29.7.2, build a7dcaa6 == *Docker* ]]
+ container_engine=docker
++ pwd
+ WORKSPACE=/home/mispronounced/Code/JayRaj21/OpenROAD-flow-scripts/flow
+ YOSYS_EXE=/OpenROAD-flow-scripts/tools/install/yosys/bin/yosys
+ OPENROAD_EXE=/OpenROAD-flow-scripts/tools/install/OpenROAD/bin/openroad
+ KLAYOUT_CMD=/usr/bin/klayout
+ XSOCK=/tmp/.X11-unix
+ XAUTH=/tmp/.docker.xauth
+ false
+ xauth nlist :0
+ sed -e 's/^..../ffff/'
+ xauth -f /tmp/.docker.xauth nmerge -
+ test -t 0
+ DOCKER_INTERACTIVE=
+ false
+ [[ docker == podman ]]
++ id -u mispronounced
++ id -g mispronounced
+ user_args='-u 1000:1000'
+ user_env=
+ PORT_ARGS=()
+ CMD_STR=
+ [[ 7 -gt 0 ]]
+ CMD_STR='openroad -python /work/ml/congestion/data_collection/extract_thermal_labels.py --odb /work/results/nangate45/aes/base/3_place.odb --out /work/ml/congestion/data/nangate45_aes_base_thermal_labels.npz'
+ ENV_SH_CMD='if [ -f ../env.sh ]; then . ../env.sh; fi;'
+ DOCKER_CMD=("$container_engine" run --rm -i $DOCKER_INTERACTIVE $user_env $user_args -e LIBGL_ALWAYS_SOFTWARE=1 -e QT_X11_NO_MITSHM=1 -e XDG_RUNTIME_DIR=/tmp/xdg-run -e "DISPLAY=${DISPLAY:-:0}" -e QT_XKB_CONFIG_ROOT=/usr/share/X11/xkb -v "$XSOCK:$XSOCK" -v "$XAUTH:$XAUTH" -e "XAUTHORITY=$XAUTH" -e FLOW_HOME=/OpenROAD-flow-scripts/flow/ -e WORK_HOME=/work -e "YOSYS_EXE=$YOSYS_EXE" -e "OPENROAD_EXE=$OPENROAD_EXE" -e "KLAYOUT_CMD=$KLAYOUT_CMD" -v "$WORKSPACE:/work:Z" --network host "${PORT_ARGS[@]}" "$IMAGE" bash -c "set -ex; mkdir /tmp/xdg-run; cd ${FLOW_DIR}; ${ENV_SH_CMD}$CMD_STR")
+ false
+ exec docker run --rm -i -u 1000:1000 -e LIBGL_ALWAYS_SOFTWARE=1 -e QT_X11_NO_MITSHM=1 -e XDG_RUNTIME_DIR=/tmp/xdg-run -e DISPLAY=:0 -e QT_XKB_CONFIG_ROOT=/usr/share/X11/xkb -v /tmp/.X11-unix:/tmp/.X11-unix -v /tmp/.docker.xauth:/tmp/.docker.xauth -e XAUTHORITY=/tmp/.docker.xauth -e FLOW_HOME=/OpenROAD-flow-scripts/flow/ -e WORK_HOME=/work -e YOSYS_EXE=/OpenROAD-flow-scripts/tools/install/yosys/bin/yosys -e OPENROAD_EXE=/OpenROAD-flow-scripts/tools/install/OpenROAD/bin/openroad -e KLAYOUT_CMD=/usr/bin/klayout -v /home/mispronounced/Code/JayRaj21/OpenROAD-flow-scripts/flow:/work:Z --network host openroad/orfs-ml:latest bash -c 'set -ex; mkdir /tmp/xdg-run; cd /OpenROAD-flow-scripts/flow; if [ -f ../env.sh ]; then . ../env.sh; fi;openroad -python /work/ml/congestion/data_collection/extract_thermal_labels.py --odb /work/results/nangate45/aes/base/3_place.odb --out /work/ml/congestion/data/nangate45_aes_base_thermal_labels.npz'
+ mkdir /tmp/xdg-run
+ cd /OpenROAD-flow-scripts/flow
+ '[' -f ../env.sh ']'
+ . ../env.sh
++ __setpaths
++ [[ linux-gnu == \d\a\r\w\i\n* ]]
++++ readlink -f ../env.sh
+++ dirname /OpenROAD-flow-scripts/env.sh
++ DIR=/OpenROAD-flow-scripts
++ export OPENROAD=/OpenROAD-flow-scripts/tools/OpenROAD
++ OPENROAD=/OpenROAD-flow-scripts/tools/OpenROAD
++ echo 'OPENROAD: /OpenROAD-flow-scripts/tools/OpenROAD'
++ export PATH=/OpenROAD-flow-scripts/tools/install/OpenROAD/bin:/usr/local/bin/wrapped-cc:/usr/local/sbin:/usr/local/bin:/usr/sbin:/usr/bin:/sbin:/bin
++ PATH=/OpenROAD-flow-scripts/tools/install/OpenROAD/bin:/usr/local/bin/wrapped-cc:/usr/local/sbin:/usr/local/bin:/usr/sbin:/usr/bin:/sbin:/bin
++ export PATH=/OpenROAD-flow-scripts/tools/install/yosys/bin:/OpenROAD-flow-scripts/tools/install/OpenROAD/bin:/usr/local/bin/wrapped-cc:/usr/local/sbin:/usr/local/bin:/usr/sbin:/usr/bin:/sbin:/bin
++ PATH=/OpenROAD-flow-scripts/tools/install/yosys/bin:/OpenROAD-flow-scripts/tools/install/OpenROAD/bin:/usr/local/bin/wrapped-cc:/usr/local/sbin:/usr/local/bin:/usr/sbin:/usr/bin:/sbin:/bin
++ export PATH=/OpenROAD-flow-scripts/tools/install/kepler-formal/bin:/OpenROAD-flow-scripts/tools/install/yosys/bin:/OpenROAD-flow-scripts/tools/install/OpenROAD/bin:/usr/local/bin/wrapped-cc:/usr/local/sbin:/usr/local/bin:/usr/sbin:/usr/bin:/sbin:/bin
++ PATH=/OpenROAD-flow-scripts/tools/install/kepler-formal/bin:/OpenROAD-flow-scripts/tools/install/yosys/bin:/OpenROAD-flow-scripts/tools/install/OpenROAD/bin:/usr/local/bin/wrapped-cc:/usr/local/sbin:/usr/local/bin:/usr/sbin:/usr/bin:/sbin:/bin
OPENROAD: /OpenROAD-flow-scripts/tools/OpenROAD
++ [[ linux-gnu == \d\a\r\w\i\n* ]]
++ export FLOW_HOME=/OpenROAD-flow-scripts/flow
++ FLOW_HOME=/OpenROAD-flow-scripts/flow
++ unset -f __setpaths
+ openroad -python /work/ml/congestion/data_collection/extract_thermal_labels.py --odb /work/results/nangate45/aes/base/3_place.odb --out /work/ml/congestion/data/nangate45_aes_base_thermal_labels.npz
OpenROAD 26Q2-1671-g0a1b0872a0 
Features included (+) or not (-): +GPU +GUI +Python
This program is licensed under the BSD-3 license. See the LICENSE file for details.
Components of this program may be licensed under more restrictive licenses which must be honored.
[WARNING ORD-0039] .openroad ignored with -python
[WARNING ORD-0012] Hierarchical flow (-hier) is currently in development and may cause multiple issues. Do not use in production environments.
[thermal] Reading placement from /work/results/nangate45/aes/base/3_place.odb
[thermal] Die 0.25×0.25 mm is small — using 49×49 HotSpot grid (min cell ≥5.0 µm), upsampling to 64×64 for output
[thermal] Cell-type power breakdown:
          clock:      1 cells (  0.0% count)  →    0.0% weighted power
          seq  :    562 cells (  3.8% count)  →   32.1% weighted power
          macro:      0 cells (  0.0% count)  →    0.0% weighted power
          comb :  14143 cells ( 96.2% count)  →   67.9% weighted power
[thermal] Total power: 626.1 mW
[thermal] Running HotSpot (49×49 = 2401 blocks)...
[thermal] Temperature: min=108.3°C  max=111.8°C  peak-to-peak=3.5°C
[thermal] Saved → /work/ml/congestion/data/nangate45_aes_base_thermal_labels.npz
  [OK]   nangate45_aes_base_thermal_labels.npz
=========================================
Design: nangate45_ariane133_base
  [SKIP] features already extracted
  [RUN]  extract_thermal_labels.py (timeout 3600s)
+ DEFAULT_IMAGE=openroad/orfs:latest
+ FLOW_DIR=/OpenROAD-flow-scripts/flow
+ USE_USER=false
+ DRY_RUN=false
+ PORTS=()
+ IMAGE=
+ CMD_ARGS=()
+ [[ 7 -gt 0 ]]
+ case "$1" in
+ CMD_ARGS=("$@")
+ break
+ IMAGE=openroad/orfs-ml:latest
+ get_container_engine
++ docker --version
+ local 'DOCKER_VERSION_STRING=Docker version 29.7.2, build a7dcaa6'
+ [[ Docker version 29.7.2, build a7dcaa6 == *Docker* ]]
+ container_engine=docker
++ pwd
+ WORKSPACE=/home/mispronounced/Code/JayRaj21/OpenROAD-flow-scripts/flow
+ YOSYS_EXE=/OpenROAD-flow-scripts/tools/install/yosys/bin/yosys
+ OPENROAD_EXE=/OpenROAD-flow-scripts/tools/install/OpenROAD/bin/openroad
+ KLAYOUT_CMD=/usr/bin/klayout
+ XSOCK=/tmp/.X11-unix
+ XAUTH=/tmp/.docker.xauth
+ false
+ xauth nlist :0
+ sed -e 's/^..../ffff/'
+ xauth -f /tmp/.docker.xauth nmerge -
+ test -t 0
+ DOCKER_INTERACTIVE=
+ false
+ [[ docker == podman ]]
++ id -u mispronounced
++ id -g mispronounced
+ user_args='-u 1000:1000'
+ user_env=
+ PORT_ARGS=()
+ CMD_STR=
+ [[ 7 -gt 0 ]]
+ CMD_STR='openroad -python /work/ml/congestion/data_collection/extract_thermal_labels.py --odb /work/results/nangate45/ariane133/base/3_place.odb --out /work/ml/congestion/data/nangate45_ariane133_base_thermal_labels.npz'
+ ENV_SH_CMD='if [ -f ../env.sh ]; then . ../env.sh; fi;'
+ DOCKER_CMD=("$container_engine" run --rm -i $DOCKER_INTERACTIVE $user_env $user_args -e LIBGL_ALWAYS_SOFTWARE=1 -e QT_X11_NO_MITSHM=1 -e XDG_RUNTIME_DIR=/tmp/xdg-run -e "DISPLAY=${DISPLAY:-:0}" -e QT_XKB_CONFIG_ROOT=/usr/share/X11/xkb -v "$XSOCK:$XSOCK" -v "$XAUTH:$XAUTH" -e "XAUTHORITY=$XAUTH" -e FLOW_HOME=/OpenROAD-flow-scripts/flow/ -e WORK_HOME=/work -e "YOSYS_EXE=$YOSYS_EXE" -e "OPENROAD_EXE=$OPENROAD_EXE" -e "KLAYOUT_CMD=$KLAYOUT_CMD" -v "$WORKSPACE:/work:Z" --network host "${PORT_ARGS[@]}" "$IMAGE" bash -c "set -ex; mkdir /tmp/xdg-run; cd ${FLOW_DIR}; ${ENV_SH_CMD}$CMD_STR")
+ false
+ exec docker run --rm -i -u 1000:1000 -e LIBGL_ALWAYS_SOFTWARE=1 -e QT_X11_NO_MITSHM=1 -e XDG_RUNTIME_DIR=/tmp/xdg-run -e DISPLAY=:0 -e QT_XKB_CONFIG_ROOT=/usr/share/X11/xkb -v /tmp/.X11-unix:/tmp/.X11-unix -v /tmp/.docker.xauth:/tmp/.docker.xauth -e XAUTHORITY=/tmp/.docker.xauth -e FLOW_HOME=/OpenROAD-flow-scripts/flow/ -e WORK_HOME=/work -e YOSYS_EXE=/OpenROAD-flow-scripts/tools/install/yosys/bin/yosys -e OPENROAD_EXE=/OpenROAD-flow-scripts/tools/install/OpenROAD/bin/openroad -e KLAYOUT_CMD=/usr/bin/klayout -v /home/mispronounced/Code/JayRaj21/OpenROAD-flow-scripts/flow:/work:Z --network host openroad/orfs-ml:latest bash -c 'set -ex; mkdir /tmp/xdg-run; cd /OpenROAD-flow-scripts/flow; if [ -f ../env.sh ]; then . ../env.sh; fi;openroad -python /work/ml/congestion/data_collection/extract_thermal_labels.py --odb /work/results/nangate45/ariane133/base/3_place.odb --out /work/ml/congestion/data/nangate45_ariane133_base_thermal_labels.npz'
+ mkdir /tmp/xdg-run
+ cd /OpenROAD-flow-scripts/flow
+ '[' -f ../env.sh ']'
+ . ../env.sh
++ __setpaths
++ [[ linux-gnu == \d\a\r\w\i\n* ]]
++++ readlink -f ../env.sh
+++ dirname /OpenROAD-flow-scripts/env.sh
OPENROAD: /OpenROAD-flow-scripts/tools/OpenROAD
++ DIR=/OpenROAD-flow-scripts
++ export OPENROAD=/OpenROAD-flow-scripts/tools/OpenROAD
++ OPENROAD=/OpenROAD-flow-scripts/tools/OpenROAD
++ echo 'OPENROAD: /OpenROAD-flow-scripts/tools/OpenROAD'
++ export PATH=/OpenROAD-flow-scripts/tools/install/OpenROAD/bin:/usr/local/bin/wrapped-cc:/usr/local/sbin:/usr/local/bin:/usr/sbin:/usr/bin:/sbin:/bin
++ PATH=/OpenROAD-flow-scripts/tools/install/OpenROAD/bin:/usr/local/bin/wrapped-cc:/usr/local/sbin:/usr/local/bin:/usr/sbin:/usr/bin:/sbin:/bin
++ export PATH=/OpenROAD-flow-scripts/tools/install/yosys/bin:/OpenROAD-flow-scripts/tools/install/OpenROAD/bin:/usr/local/bin/wrapped-cc:/usr/local/sbin:/usr/local/bin:/usr/sbin:/usr/bin:/sbin:/bin
++ PATH=/OpenROAD-flow-scripts/tools/install/yosys/bin:/OpenROAD-flow-scripts/tools/install/OpenROAD/bin:/usr/local/bin/wrapped-cc:/usr/local/sbin:/usr/local/bin:/usr/sbin:/usr/bin:/sbin:/bin
++ export PATH=/OpenROAD-flow-scripts/tools/install/kepler-formal/bin:/OpenROAD-flow-scripts/tools/install/yosys/bin:/OpenROAD-flow-scripts/tools/install/OpenROAD/bin:/usr/local/bin/wrapped-cc:/usr/local/sbin:/usr/local/bin:/usr/sbin:/usr/bin:/sbin:/bin
++ PATH=/OpenROAD-flow-scripts/tools/install/kepler-formal/bin:/OpenROAD-flow-scripts/tools/install/yosys/bin:/OpenROAD-flow-scripts/tools/install/OpenROAD/bin:/usr/local/bin/wrapped-cc:/usr/local/sbin:/usr/local/bin:/usr/sbin:/usr/bin:/sbin:/bin
++ [[ linux-gnu == \d\a\r\w\i\n* ]]
++ export FLOW_HOME=/OpenROAD-flow-scripts/flow
++ FLOW_HOME=/OpenROAD-flow-scripts/flow
++ unset -f __setpaths
+ openroad -python /work/ml/congestion/data_collection/extract_thermal_labels.py --odb /work/results/nangate45/ariane133/base/3_place.odb --out /work/ml/congestion/data/nangate45_ariane133_base_thermal_labels.npz
OpenROAD 26Q2-1671-g0a1b0872a0 
Features included (+) or not (-): +GPU +GUI +Python
This program is licensed under the BSD-3 license. See the LICENSE file for details.
Components of this program may be licensed under more restrictive licenses which must be honored.
[WARNING ORD-0039] .openroad ignored with -python
[thermal] Reading placement from /work/results/nangate45/ariane133/base/3_place.odb
[thermal] Die: 1.20×1.20 mm  (1.4437 mm²)  Grid: 64×64
[thermal] Cell-type power breakdown:
          clock:     40 cells (  0.0% count)  →    0.0% weighted power
          seq  :  20636 cells ( 12.2% count)  →   24.3% weighted power
          macro:    132 cells (  0.1% count)  →   61.4% weighted power
          comb : 148797 cells ( 87.7% count)  →   14.2% weighted power
[thermal] Total power: 14436.7 mW
[thermal] Running HotSpot (64×64 = 4096 blocks)...
[thermal] Temperature: min=109.4°C  max=130.4°C  peak-to-peak=21.0°C
[thermal] Saved → /work/ml/congestion/data/nangate45_ariane133_base_thermal_labels.npz
  [OK]   nangate45_ariane133_base_thermal_labels.npz
=========================================
Design: nangate45_ariane133_util_60
  [SKIP] features already extracted
  [RUN]  extract_thermal_labels.py (timeout 3600s)
+ DEFAULT_IMAGE=openroad/orfs:latest
+ FLOW_DIR=/OpenROAD-flow-scripts/flow
+ USE_USER=false
+ DRY_RUN=false
+ PORTS=()
+ IMAGE=
+ CMD_ARGS=()
+ [[ 7 -gt 0 ]]
+ case "$1" in
+ CMD_ARGS=("$@")
+ break
+ IMAGE=openroad/orfs-ml:latest
+ get_container_engine
++ docker --version
+ local 'DOCKER_VERSION_STRING=Docker version 29.7.2, build a7dcaa6'
+ [[ Docker version 29.7.2, build a7dcaa6 == *Docker* ]]
+ container_engine=docker
++ pwd
+ WORKSPACE=/home/mispronounced/Code/JayRaj21/OpenROAD-flow-scripts/flow
+ YOSYS_EXE=/OpenROAD-flow-scripts/tools/install/yosys/bin/yosys
+ OPENROAD_EXE=/OpenROAD-flow-scripts/tools/install/OpenROAD/bin/openroad
+ KLAYOUT_CMD=/usr/bin/klayout
+ XSOCK=/tmp/.X11-unix
+ XAUTH=/tmp/.docker.xauth
+ false
+ xauth nlist :0
+ sed -e 's/^..../ffff/'
+ xauth -f /tmp/.docker.xauth nmerge -
+ test -t 0
+ DOCKER_INTERACTIVE=
+ false
+ [[ docker == podman ]]
++ id -u mispronounced
++ id -g mispronounced
+ user_args='-u 1000:1000'
+ user_env=
+ PORT_ARGS=()
+ CMD_STR=
+ [[ 7 -gt 0 ]]
+ CMD_STR='openroad -python /work/ml/congestion/data_collection/extract_thermal_labels.py --odb /work/results/nangate45/ariane133/util_60/3_place.odb --out /work/ml/congestion/data/nangate45_ariane133_util_60_thermal_labels.npz'
+ ENV_SH_CMD='if [ -f ../env.sh ]; then . ../env.sh; fi;'
+ DOCKER_CMD=("$container_engine" run --rm -i $DOCKER_INTERACTIVE $user_env $user_args -e LIBGL_ALWAYS_SOFTWARE=1 -e QT_X11_NO_MITSHM=1 -e XDG_RUNTIME_DIR=/tmp/xdg-run -e "DISPLAY=${DISPLAY:-:0}" -e QT_XKB_CONFIG_ROOT=/usr/share/X11/xkb -v "$XSOCK:$XSOCK" -v "$XAUTH:$XAUTH" -e "XAUTHORITY=$XAUTH" -e FLOW_HOME=/OpenROAD-flow-scripts/flow/ -e WORK_HOME=/work -e "YOSYS_EXE=$YOSYS_EXE" -e "OPENROAD_EXE=$OPENROAD_EXE" -e "KLAYOUT_CMD=$KLAYOUT_CMD" -v "$WORKSPACE:/work:Z" --network host "${PORT_ARGS[@]}" "$IMAGE" bash -c "set -ex; mkdir /tmp/xdg-run; cd ${FLOW_DIR}; ${ENV_SH_CMD}$CMD_STR")
+ false
+ exec docker run --rm -i -u 1000:1000 -e LIBGL_ALWAYS_SOFTWARE=1 -e QT_X11_NO_MITSHM=1 -e XDG_RUNTIME_DIR=/tmp/xdg-run -e DISPLAY=:0 -e QT_XKB_CONFIG_ROOT=/usr/share/X11/xkb -v /tmp/.X11-unix:/tmp/.X11-unix -v /tmp/.docker.xauth:/tmp/.docker.xauth -e XAUTHORITY=/tmp/.docker.xauth -e FLOW_HOME=/OpenROAD-flow-scripts/flow/ -e WORK_HOME=/work -e YOSYS_EXE=/OpenROAD-flow-scripts/tools/install/yosys/bin/yosys -e OPENROAD_EXE=/OpenROAD-flow-scripts/tools/install/OpenROAD/bin/openroad -e KLAYOUT_CMD=/usr/bin/klayout -v /home/mispronounced/Code/JayRaj21/OpenROAD-flow-scripts/flow:/work:Z --network host openroad/orfs-ml:latest bash -c 'set -ex; mkdir /tmp/xdg-run; cd /OpenROAD-flow-scripts/flow; if [ -f ../env.sh ]; then . ../env.sh; fi;openroad -python /work/ml/congestion/data_collection/extract_thermal_labels.py --odb /work/results/nangate45/ariane133/util_60/3_place.odb --out /work/ml/congestion/data/nangate45_ariane133_util_60_thermal_labels.npz'
+ mkdir /tmp/xdg-run
+ cd /OpenROAD-flow-scripts/flow
+ '[' -f ../env.sh ']'
+ . ../env.sh
++ __setpaths
++ [[ linux-gnu == \d\a\r\w\i\n* ]]
++++ readlink -f ../env.sh
+++ dirname /OpenROAD-flow-scripts/env.sh
OPENROAD: /OpenROAD-flow-scripts/tools/OpenROAD
++ DIR=/OpenROAD-flow-scripts
++ export OPENROAD=/OpenROAD-flow-scripts/tools/OpenROAD
++ OPENROAD=/OpenROAD-flow-scripts/tools/OpenROAD
++ echo 'OPENROAD: /OpenROAD-flow-scripts/tools/OpenROAD'
++ export PATH=/OpenROAD-flow-scripts/tools/install/OpenROAD/bin:/usr/local/bin/wrapped-cc:/usr/local/sbin:/usr/local/bin:/usr/sbin:/usr/bin:/sbin:/bin
++ PATH=/OpenROAD-flow-scripts/tools/install/OpenROAD/bin:/usr/local/bin/wrapped-cc:/usr/local/sbin:/usr/local/bin:/usr/sbin:/usr/bin:/sbin:/bin
++ export PATH=/OpenROAD-flow-scripts/tools/install/yosys/bin:/OpenROAD-flow-scripts/tools/install/OpenROAD/bin:/usr/local/bin/wrapped-cc:/usr/local/sbin:/usr/local/bin:/usr/sbin:/usr/bin:/sbin:/bin
++ PATH=/OpenROAD-flow-scripts/tools/install/yosys/bin:/OpenROAD-flow-scripts/tools/install/OpenROAD/bin:/usr/local/bin/wrapped-cc:/usr/local/sbin:/usr/local/bin:/usr/sbin:/usr/bin:/sbin:/bin
++ export PATH=/OpenROAD-flow-scripts/tools/install/kepler-formal/bin:/OpenROAD-flow-scripts/tools/install/yosys/bin:/OpenROAD-flow-scripts/tools/install/OpenROAD/bin:/usr/local/bin/wrapped-cc:/usr/local/sbin:/usr/local/bin:/usr/sbin:/usr/bin:/sbin:/bin
++ PATH=/OpenROAD-flow-scripts/tools/install/kepler-formal/bin:/OpenROAD-flow-scripts/tools/install/yosys/bin:/OpenROAD-flow-scripts/tools/install/OpenROAD/bin:/usr/local/bin/wrapped-cc:/usr/local/sbin:/usr/local/bin:/usr/sbin:/usr/bin:/sbin:/bin
++ [[ linux-gnu == \d\a\r\w\i\n* ]]
++ export FLOW_HOME=/OpenROAD-flow-scripts/flow
++ FLOW_HOME=/OpenROAD-flow-scripts/flow
++ unset -f __setpaths
+ openroad -python /work/ml/congestion/data_collection/extract_thermal_labels.py --odb /work/results/nangate45/ariane133/util_60/3_place.odb --out /work/ml/congestion/data/nangate45_ariane133_util_60_thermal_labels.npz
OpenROAD 26Q2-1671-g0a1b0872a0 
Features included (+) or not (-): +GPU +GUI +Python
This program is licensed under the BSD-3 license. See the LICENSE file for details.
Components of this program may be licensed under more restrictive licenses which must be honored.
[WARNING ORD-0039] .openroad ignored with -python
[thermal] Reading placement from /work/results/nangate45/ariane133/util_60/3_place.odb
[thermal] Die: 1.10×1.10 mm  (1.2050 mm²)  Grid: 64×64
[thermal] Cell-type power breakdown:
          clock:    146 cells (  0.1% count)  →    0.1% weighted power
          seq  :  20636 cells ( 12.2% count)  →   24.3% weighted power
          macro:    132 cells (  0.1% count)  →   61.4% weighted power
          comb : 147854 cells ( 87.6% count)  →   14.2% weighted power
[thermal] Total power: 12049.8 mW
[thermal] Running HotSpot (64×64 = 4096 blocks)...
[thermal] Temperature: min=115.1°C  max=121.3°C  peak-to-peak=6.2°C
[thermal] Saved → /work/ml/congestion/data/nangate45_ariane133_util_60_thermal_labels.npz
  [OK]   nangate45_ariane133_util_60_thermal_labels.npz
=========================================
Design: nangate45_ariane136_base
  [SKIP] features already extracted
  [RUN]  extract_thermal_labels.py (timeout 3600s)
+ DEFAULT_IMAGE=openroad/orfs:latest
+ FLOW_DIR=/OpenROAD-flow-scripts/flow
+ USE_USER=false
+ DRY_RUN=false
+ PORTS=()
+ IMAGE=
+ CMD_ARGS=()
+ [[ 7 -gt 0 ]]
+ case "$1" in
+ CMD_ARGS=("$@")
+ break
+ IMAGE=openroad/orfs-ml:latest
+ get_container_engine
++ docker --version
+ local 'DOCKER_VERSION_STRING=Docker version 29.7.2, build a7dcaa6'
+ [[ Docker version 29.7.2, build a7dcaa6 == *Docker* ]]
+ container_engine=docker
++ pwd
+ WORKSPACE=/home/mispronounced/Code/JayRaj21/OpenROAD-flow-scripts/flow
+ YOSYS_EXE=/OpenROAD-flow-scripts/tools/install/yosys/bin/yosys
+ OPENROAD_EXE=/OpenROAD-flow-scripts/tools/install/OpenROAD/bin/openroad
+ KLAYOUT_CMD=/usr/bin/klayout
+ XSOCK=/tmp/.X11-unix
+ XAUTH=/tmp/.docker.xauth
+ false
+ xauth nlist :0
+ sed -e 's/^..../ffff/'
+ xauth -f /tmp/.docker.xauth nmerge -
+ test -t 0
+ DOCKER_INTERACTIVE=
+ false
+ [[ docker == podman ]]
++ id -u mispronounced
++ id -g mispronounced
+ user_args='-u 1000:1000'
+ user_env=
+ PORT_ARGS=()
+ CMD_STR=
+ [[ 7 -gt 0 ]]
+ CMD_STR='openroad -python /work/ml/congestion/data_collection/extract_thermal_labels.py --odb /work/results/nangate45/ariane136/base/3_place.odb --out /work/ml/congestion/data/nangate45_ariane136_base_thermal_labels.npz'
+ ENV_SH_CMD='if [ -f ../env.sh ]; then . ../env.sh; fi;'
+ DOCKER_CMD=("$container_engine" run --rm -i $DOCKER_INTERACTIVE $user_env $user_args -e LIBGL_ALWAYS_SOFTWARE=1 -e QT_X11_NO_MITSHM=1 -e XDG_RUNTIME_DIR=/tmp/xdg-run -e "DISPLAY=${DISPLAY:-:0}" -e QT_XKB_CONFIG_ROOT=/usr/share/X11/xkb -v "$XSOCK:$XSOCK" -v "$XAUTH:$XAUTH" -e "XAUTHORITY=$XAUTH" -e FLOW_HOME=/OpenROAD-flow-scripts/flow/ -e WORK_HOME=/work -e "YOSYS_EXE=$YOSYS_EXE" -e "OPENROAD_EXE=$OPENROAD_EXE" -e "KLAYOUT_CMD=$KLAYOUT_CMD" -v "$WORKSPACE:/work:Z" --network host "${PORT_ARGS[@]}" "$IMAGE" bash -c "set -ex; mkdir /tmp/xdg-run; cd ${FLOW_DIR}; ${ENV_SH_CMD}$CMD_STR")
+ false
+ exec docker run --rm -i -u 1000:1000 -e LIBGL_ALWAYS_SOFTWARE=1 -e QT_X11_NO_MITSHM=1 -e XDG_RUNTIME_DIR=/tmp/xdg-run -e DISPLAY=:0 -e QT_XKB_CONFIG_ROOT=/usr/share/X11/xkb -v /tmp/.X11-unix:/tmp/.X11-unix -v /tmp/.docker.xauth:/tmp/.docker.xauth -e XAUTHORITY=/tmp/.docker.xauth -e FLOW_HOME=/OpenROAD-flow-scripts/flow/ -e WORK_HOME=/work -e YOSYS_EXE=/OpenROAD-flow-scripts/tools/install/yosys/bin/yosys -e OPENROAD_EXE=/OpenROAD-flow-scripts/tools/install/OpenROAD/bin/openroad -e KLAYOUT_CMD=/usr/bin/klayout -v /home/mispronounced/Code/JayRaj21/OpenROAD-flow-scripts/flow:/work:Z --network host openroad/orfs-ml:latest bash -c 'set -ex; mkdir /tmp/xdg-run; cd /OpenROAD-flow-scripts/flow; if [ -f ../env.sh ]; then . ../env.sh; fi;openroad -python /work/ml/congestion/data_collection/extract_thermal_labels.py --odb /work/results/nangate45/ariane136/base/3_place.odb --out /work/ml/congestion/data/nangate45_ariane136_base_thermal_labels.npz'
+ mkdir /tmp/xdg-run
+ cd /OpenROAD-flow-scripts/flow
+ '[' -f ../env.sh ']'
+ . ../env.sh
++ __setpaths
++ [[ linux-gnu == \d\a\r\w\i\n* ]]
++++ readlink -f ../env.sh
+++ dirname /OpenROAD-flow-scripts/env.sh
++ DIR=/OpenROAD-flow-scripts
++ export OPENROAD=/OpenROAD-flow-scripts/tools/OpenROAD
++ OPENROAD=/OpenROAD-flow-scripts/tools/OpenROAD
++ echo 'OPENROAD: /OpenROAD-flow-scripts/tools/OpenROAD'
++ export PATH=/OpenROAD-flow-scripts/tools/install/OpenROAD/bin:/usr/local/bin/wrapped-cc:/usr/local/sbin:/usr/local/bin:/usr/sbin:/usr/bin:/sbin:/bin
++ PATH=/OpenROAD-flow-scripts/tools/install/OpenROAD/bin:/usr/local/bin/wrapped-cc:/usr/local/sbin:/usr/local/bin:/usr/sbin:/usr/bin:/sbin:/bin
OPENROAD: /OpenROAD-flow-scripts/tools/OpenROAD
++ export PATH=/OpenROAD-flow-scripts/tools/install/yosys/bin:/OpenROAD-flow-scripts/tools/install/OpenROAD/bin:/usr/local/bin/wrapped-cc:/usr/local/sbin:/usr/local/bin:/usr/sbin:/usr/bin:/sbin:/bin
++ PATH=/OpenROAD-flow-scripts/tools/install/yosys/bin:/OpenROAD-flow-scripts/tools/install/OpenROAD/bin:/usr/local/bin/wrapped-cc:/usr/local/sbin:/usr/local/bin:/usr/sbin:/usr/bin:/sbin:/bin
++ export PATH=/OpenROAD-flow-scripts/tools/install/kepler-formal/bin:/OpenROAD-flow-scripts/tools/install/yosys/bin:/OpenROAD-flow-scripts/tools/install/OpenROAD/bin:/usr/local/bin/wrapped-cc:/usr/local/sbin:/usr/local/bin:/usr/sbin:/usr/bin:/sbin:/bin
++ PATH=/OpenROAD-flow-scripts/tools/install/kepler-formal/bin:/OpenROAD-flow-scripts/tools/install/yosys/bin:/OpenROAD-flow-scripts/tools/install/OpenROAD/bin:/usr/local/bin/wrapped-cc:/usr/local/sbin:/usr/local/bin:/usr/sbin:/usr/bin:/sbin:/bin
++ [[ linux-gnu == \d\a\r\w\i\n* ]]
++ export FLOW_HOME=/OpenROAD-flow-scripts/flow
++ FLOW_HOME=/OpenROAD-flow-scripts/flow
++ unset -f __setpaths
+ openroad -python /work/ml/congestion/data_collection/extract_thermal_labels.py --odb /work/results/nangate45/ariane136/base/3_place.odb --out /work/ml/congestion/data/nangate45_ariane136_base_thermal_labels.npz
OpenROAD 26Q2-1671-g0a1b0872a0 
Features included (+) or not (-): +GPU +GUI +Python
This program is licensed under the BSD-3 license. See the LICENSE file for details.
Components of this program may be licensed under more restrictive licenses which must be honored.
[WARNING ORD-0039] .openroad ignored with -python
[thermal] Reading placement from /work/results/nangate45/ariane136/base/3_place.odb
[thermal] Die: 1.50×1.50 mm  (2.2500 mm²)  Grid: 64×64
[thermal] Cell-type power breakdown:
          clock:     21 cells (  0.0% count)  →    0.0% weighted power
          seq  :  20663 cells ( 11.6% count)  →   23.8% weighted power
          macro:    136 cells (  0.1% count)  →   61.8% weighted power
          comb : 157319 cells ( 88.3% count)  →   14.4% weighted power
[thermal] Total power: 22500.0 mW
[thermal] Running HotSpot (64×64 = 4096 blocks)...
[thermal] Temperature: min=87.0°C  max=147.9°C  peak-to-peak=60.9°C
[thermal] Saved → /work/ml/congestion/data/nangate45_ariane136_base_thermal_labels.npz
  [OK]   nangate45_ariane136_base_thermal_labels.npz
=========================================
Design: nangate45_dynamic_node_base
  [SKIP] features already extracted
  [RUN]  extract_thermal_labels.py (timeout 3600s)
+ DEFAULT_IMAGE=openroad/orfs:latest
+ FLOW_DIR=/OpenROAD-flow-scripts/flow
+ USE_USER=false
+ DRY_RUN=false
+ PORTS=()
+ IMAGE=
+ CMD_ARGS=()
+ [[ 7 -gt 0 ]]
+ case "$1" in
+ CMD_ARGS=("$@")
+ break
+ IMAGE=openroad/orfs-ml:latest
+ get_container_engine
++ docker --version
+ local 'DOCKER_VERSION_STRING=Docker version 29.7.2, build a7dcaa6'
+ [[ Docker version 29.7.2, build a7dcaa6 == *Docker* ]]
+ container_engine=docker
++ pwd
+ WORKSPACE=/home/mispronounced/Code/JayRaj21/OpenROAD-flow-scripts/flow
+ YOSYS_EXE=/OpenROAD-flow-scripts/tools/install/yosys/bin/yosys
+ OPENROAD_EXE=/OpenROAD-flow-scripts/tools/install/OpenROAD/bin/openroad
+ KLAYOUT_CMD=/usr/bin/klayout
+ XSOCK=/tmp/.X11-unix
+ XAUTH=/tmp/.docker.xauth
+ false
+ xauth nlist :0
+ sed -e 's/^..../ffff/'
+ xauth -f /tmp/.docker.xauth nmerge -
+ test -t 0
+ DOCKER_INTERACTIVE=
+ false
+ [[ docker == podman ]]
++ id -u mispronounced
++ id -g mispronounced
+ user_args='-u 1000:1000'
+ user_env=
+ PORT_ARGS=()
+ CMD_STR=
+ [[ 7 -gt 0 ]]
+ CMD_STR='openroad -python /work/ml/congestion/data_collection/extract_thermal_labels.py --odb /work/results/nangate45/dynamic_node/base/3_place.odb --out /work/ml/congestion/data/nangate45_dynamic_node_base_thermal_labels.npz'
+ ENV_SH_CMD='if [ -f ../env.sh ]; then . ../env.sh; fi;'
+ DOCKER_CMD=("$container_engine" run --rm -i $DOCKER_INTERACTIVE $user_env $user_args -e LIBGL_ALWAYS_SOFTWARE=1 -e QT_X11_NO_MITSHM=1 -e XDG_RUNTIME_DIR=/tmp/xdg-run -e "DISPLAY=${DISPLAY:-:0}" -e QT_XKB_CONFIG_ROOT=/usr/share/X11/xkb -v "$XSOCK:$XSOCK" -v "$XAUTH:$XAUTH" -e "XAUTHORITY=$XAUTH" -e FLOW_HOME=/OpenROAD-flow-scripts/flow/ -e WORK_HOME=/work -e "YOSYS_EXE=$YOSYS_EXE" -e "OPENROAD_EXE=$OPENROAD_EXE" -e "KLAYOUT_CMD=$KLAYOUT_CMD" -v "$WORKSPACE:/work:Z" --network host "${PORT_ARGS[@]}" "$IMAGE" bash -c "set -ex; mkdir /tmp/xdg-run; cd ${FLOW_DIR}; ${ENV_SH_CMD}$CMD_STR")
+ false
+ exec docker run --rm -i -u 1000:1000 -e LIBGL_ALWAYS_SOFTWARE=1 -e QT_X11_NO_MITSHM=1 -e XDG_RUNTIME_DIR=/tmp/xdg-run -e DISPLAY=:0 -e QT_XKB_CONFIG_ROOT=/usr/share/X11/xkb -v /tmp/.X11-unix:/tmp/.X11-unix -v /tmp/.docker.xauth:/tmp/.docker.xauth -e XAUTHORITY=/tmp/.docker.xauth -e FLOW_HOME=/OpenROAD-flow-scripts/flow/ -e WORK_HOME=/work -e YOSYS_EXE=/OpenROAD-flow-scripts/tools/install/yosys/bin/yosys -e OPENROAD_EXE=/OpenROAD-flow-scripts/tools/install/OpenROAD/bin/openroad -e KLAYOUT_CMD=/usr/bin/klayout -v /home/mispronounced/Code/JayRaj21/OpenROAD-flow-scripts/flow:/work:Z --network host openroad/orfs-ml:latest bash -c 'set -ex; mkdir /tmp/xdg-run; cd /OpenROAD-flow-scripts/flow; if [ -f ../env.sh ]; then . ../env.sh; fi;openroad -python /work/ml/congestion/data_collection/extract_thermal_labels.py --odb /work/results/nangate45/dynamic_node/base/3_place.odb --out /work/ml/congestion/data/nangate45_dynamic_node_base_thermal_labels.npz'
+ mkdir /tmp/xdg-run
+ cd /OpenROAD-flow-scripts/flow
+ '[' -f ../env.sh ']'
+ . ../env.sh
++ __setpaths
++ [[ linux-gnu == \d\a\r\w\i\n* ]]
++++ readlink -f ../env.sh
+++ dirname /OpenROAD-flow-scripts/env.sh
OPENROAD: /OpenROAD-flow-scripts/tools/OpenROAD
++ DIR=/OpenROAD-flow-scripts
++ export OPENROAD=/OpenROAD-flow-scripts/tools/OpenROAD
++ OPENROAD=/OpenROAD-flow-scripts/tools/OpenROAD
++ echo 'OPENROAD: /OpenROAD-flow-scripts/tools/OpenROAD'
++ export PATH=/OpenROAD-flow-scripts/tools/install/OpenROAD/bin:/usr/local/bin/wrapped-cc:/usr/local/sbin:/usr/local/bin:/usr/sbin:/usr/bin:/sbin:/bin
++ PATH=/OpenROAD-flow-scripts/tools/install/OpenROAD/bin:/usr/local/bin/wrapped-cc:/usr/local/sbin:/usr/local/bin:/usr/sbin:/usr/bin:/sbin:/bin
++ export PATH=/OpenROAD-flow-scripts/tools/install/yosys/bin:/OpenROAD-flow-scripts/tools/install/OpenROAD/bin:/usr/local/bin/wrapped-cc:/usr/local/sbin:/usr/local/bin:/usr/sbin:/usr/bin:/sbin:/bin
++ PATH=/OpenROAD-flow-scripts/tools/install/yosys/bin:/OpenROAD-flow-scripts/tools/install/OpenROAD/bin:/usr/local/bin/wrapped-cc:/usr/local/sbin:/usr/local/bin:/usr/sbin:/usr/bin:/sbin:/bin
++ export PATH=/OpenROAD-flow-scripts/tools/install/kepler-formal/bin:/OpenROAD-flow-scripts/tools/install/yosys/bin:/OpenROAD-flow-scripts/tools/install/OpenROAD/bin:/usr/local/bin/wrapped-cc:/usr/local/sbin:/usr/local/bin:/usr/sbin:/usr/bin:/sbin:/bin
++ PATH=/OpenROAD-flow-scripts/tools/install/kepler-formal/bin:/OpenROAD-flow-scripts/tools/install/yosys/bin:/OpenROAD-flow-scripts/tools/install/OpenROAD/bin:/usr/local/bin/wrapped-cc:/usr/local/sbin:/usr/local/bin:/usr/sbin:/usr/bin:/sbin:/bin
++ [[ linux-gnu == \d\a\r\w\i\n* ]]
++ export FLOW_HOME=/OpenROAD-flow-scripts/flow
++ FLOW_HOME=/OpenROAD-flow-scripts/flow
++ unset -f __setpaths
+ openroad -python /work/ml/congestion/data_collection/extract_thermal_labels.py --odb /work/results/nangate45/dynamic_node/base/3_place.odb --out /work/ml/congestion/data/nangate45_dynamic_node_base_thermal_labels.npz
OpenROAD 26Q2-1671-g0a1b0872a0 
Features included (+) or not (-): +GPU +GUI +Python
This program is licensed under the BSD-3 license. See the LICENSE file for details.
Components of this program may be licensed under more restrictive licenses which must be honored.
[WARNING ORD-0039] .openroad ignored with -python
[WARNING ORD-0012] Hierarchical flow (-hier) is currently in development and may cause multiple issues. Do not use in production environments.
[thermal] Reading placement from /work/results/nangate45/dynamic_node/base/3_place.odb
[thermal] Die 0.24×0.24 mm is small — using 47×47 HotSpot grid (min cell ≥5.0 µm), upsampling to 64×64 for output
[thermal] Cell-type power breakdown:
          clock:      0 cells (  0.0% count)  →    0.0% weighted power
          seq  :   2257 cells ( 21.5% count)  →   72.4% weighted power
          macro:      0 cells (  0.0% count)  →    0.0% weighted power
          comb :   8235 cells ( 78.5% count)  →   27.6% weighted power
[thermal] Total power: 567.7 mW
[thermal] Running HotSpot (47×47 = 2209 blocks)...
[thermal] Temperature: min=108.8°C  max=111.4°C  peak-to-peak=2.7°C
[thermal] Saved → /work/ml/congestion/data/nangate45_dynamic_node_base_thermal_labels.npz
  [OK]   nangate45_dynamic_node_base_thermal_labels.npz
=========================================
Design: nangate45_gcd_base
  [SKIP] features already extracted
  [RUN]  extract_thermal_labels.py (timeout 3600s)
+ DEFAULT_IMAGE=openroad/orfs:latest
+ FLOW_DIR=/OpenROAD-flow-scripts/flow
+ USE_USER=false
+ DRY_RUN=false
+ PORTS=()
+ IMAGE=
+ CMD_ARGS=()
+ [[ 7 -gt 0 ]]
+ case "$1" in
+ CMD_ARGS=("$@")
+ break
+ IMAGE=openroad/orfs-ml:latest
+ get_container_engine
++ docker --version
+ local 'DOCKER_VERSION_STRING=Docker version 29.7.2, build a7dcaa6'
+ [[ Docker version 29.7.2, build a7dcaa6 == *Docker* ]]
+ container_engine=docker
++ pwd
+ WORKSPACE=/home/mispronounced/Code/JayRaj21/OpenROAD-flow-scripts/flow
+ YOSYS_EXE=/OpenROAD-flow-scripts/tools/install/yosys/bin/yosys
+ OPENROAD_EXE=/OpenROAD-flow-scripts/tools/install/OpenROAD/bin/openroad
+ KLAYOUT_CMD=/usr/bin/klayout
+ XSOCK=/tmp/.X11-unix
+ XAUTH=/tmp/.docker.xauth
+ false
+ xauth nlist :0
+ sed -e 's/^..../ffff/'
+ xauth -f /tmp/.docker.xauth nmerge -
+ test -t 0
+ DOCKER_INTERACTIVE=
+ false
+ [[ docker == podman ]]
++ id -u mispronounced
++ id -g mispronounced
+ user_args='-u 1000:1000'
+ user_env=
+ PORT_ARGS=()
+ CMD_STR=
+ [[ 7 -gt 0 ]]
+ CMD_STR='openroad -python /work/ml/congestion/data_collection/extract_thermal_labels.py --odb /work/results/nangate45/gcd/base/3_place.odb --out /work/ml/congestion/data/nangate45_gcd_base_thermal_labels.npz'
+ ENV_SH_CMD='if [ -f ../env.sh ]; then . ../env.sh; fi;'
+ DOCKER_CMD=("$container_engine" run --rm -i $DOCKER_INTERACTIVE $user_env $user_args -e LIBGL_ALWAYS_SOFTWARE=1 -e QT_X11_NO_MITSHM=1 -e XDG_RUNTIME_DIR=/tmp/xdg-run -e "DISPLAY=${DISPLAY:-:0}" -e QT_XKB_CONFIG_ROOT=/usr/share/X11/xkb -v "$XSOCK:$XSOCK" -v "$XAUTH:$XAUTH" -e "XAUTHORITY=$XAUTH" -e FLOW_HOME=/OpenROAD-flow-scripts/flow/ -e WORK_HOME=/work -e "YOSYS_EXE=$YOSYS_EXE" -e "OPENROAD_EXE=$OPENROAD_EXE" -e "KLAYOUT_CMD=$KLAYOUT_CMD" -v "$WORKSPACE:/work:Z" --network host "${PORT_ARGS[@]}" "$IMAGE" bash -c "set -ex; mkdir /tmp/xdg-run; cd ${FLOW_DIR}; ${ENV_SH_CMD}$CMD_STR")
+ false
+ exec docker run --rm -i -u 1000:1000 -e LIBGL_ALWAYS_SOFTWARE=1 -e QT_X11_NO_MITSHM=1 -e XDG_RUNTIME_DIR=/tmp/xdg-run -e DISPLAY=:0 -e QT_XKB_CONFIG_ROOT=/usr/share/X11/xkb -v /tmp/.X11-unix:/tmp/.X11-unix -v /tmp/.docker.xauth:/tmp/.docker.xauth -e XAUTHORITY=/tmp/.docker.xauth -e FLOW_HOME=/OpenROAD-flow-scripts/flow/ -e WORK_HOME=/work -e YOSYS_EXE=/OpenROAD-flow-scripts/tools/install/yosys/bin/yosys -e OPENROAD_EXE=/OpenROAD-flow-scripts/tools/install/OpenROAD/bin/openroad -e KLAYOUT_CMD=/usr/bin/klayout -v /home/mispronounced/Code/JayRaj21/OpenROAD-flow-scripts/flow:/work:Z --network host openroad/orfs-ml:latest bash -c 'set -ex; mkdir /tmp/xdg-run; cd /OpenROAD-flow-scripts/flow; if [ -f ../env.sh ]; then . ../env.sh; fi;openroad -python /work/ml/congestion/data_collection/extract_thermal_labels.py --odb /work/results/nangate45/gcd/base/3_place.odb --out /work/ml/congestion/data/nangate45_gcd_base_thermal_labels.npz'
+ mkdir /tmp/xdg-run
+ cd /OpenROAD-flow-scripts/flow
+ '[' -f ../env.sh ']'
+ . ../env.sh
++ __setpaths
++ [[ linux-gnu == \d\a\r\w\i\n* ]]
++++ readlink -f ../env.sh
+++ dirname /OpenROAD-flow-scripts/env.sh
++ DIR=/OpenROAD-flow-scripts
++ export OPENROAD=/OpenROAD-flow-scripts/tools/OpenROAD
++ OPENROAD=/OpenROAD-flow-scripts/tools/OpenROAD
++ echo 'OPENROAD: /OpenROAD-flow-scripts/tools/OpenROAD'
++ export PATH=/OpenROAD-flow-scripts/tools/install/OpenROAD/bin:/usr/local/bin/wrapped-cc:/usr/local/sbin:/usr/local/bin:/usr/sbin:/usr/bin:/sbin:/bin
++ PATH=/OpenROAD-flow-scripts/tools/install/OpenROAD/bin:/usr/local/bin/wrapped-cc:/usr/local/sbin:/usr/local/bin:/usr/sbin:/usr/bin:/sbin:/bin
++ export PATH=/OpenROAD-flow-scripts/tools/install/yosys/bin:/OpenROAD-flow-scripts/tools/install/OpenROAD/bin:/usr/local/bin/wrapped-cc:/usr/local/sbin:/usr/local/bin:/usr/sbin:/usr/bin:/sbin:/bin
++ PATH=/OpenROAD-flow-scripts/tools/install/yosys/bin:/OpenROAD-flow-scripts/tools/install/OpenROAD/bin:/usr/local/bin/wrapped-cc:/usr/local/sbin:/usr/local/bin:/usr/sbin:/usr/bin:/sbin:/bin
OPENROAD: /OpenROAD-flow-scripts/tools/OpenROAD
++ export PATH=/OpenROAD-flow-scripts/tools/install/kepler-formal/bin:/OpenROAD-flow-scripts/tools/install/yosys/bin:/OpenROAD-flow-scripts/tools/install/OpenROAD/bin:/usr/local/bin/wrapped-cc:/usr/local/sbin:/usr/local/bin:/usr/sbin:/usr/bin:/sbin:/bin
++ PATH=/OpenROAD-flow-scripts/tools/install/kepler-formal/bin:/OpenROAD-flow-scripts/tools/install/yosys/bin:/OpenROAD-flow-scripts/tools/install/OpenROAD/bin:/usr/local/bin/wrapped-cc:/usr/local/sbin:/usr/local/bin:/usr/sbin:/usr/bin:/sbin:/bin
++ [[ linux-gnu == \d\a\r\w\i\n* ]]
++ export FLOW_HOME=/OpenROAD-flow-scripts/flow
++ FLOW_HOME=/OpenROAD-flow-scripts/flow
++ unset -f __setpaths
+ openroad -python /work/ml/congestion/data_collection/extract_thermal_labels.py --odb /work/results/nangate45/gcd/base/3_place.odb --out /work/ml/congestion/data/nangate45_gcd_base_thermal_labels.npz
OpenROAD 26Q2-1671-g0a1b0872a0 
Features included (+) or not (-): +GPU +GUI +Python
This program is licensed under the BSD-3 license. See the LICENSE file for details.
Components of this program may be licensed under more restrictive licenses which must be honored.
[WARNING ORD-0039] .openroad ignored with -python
[thermal] Reading placement from /work/results/nangate45/gcd/base/3_place.odb
[thermal] Die 0.04×0.04 mm is small — using 7×7 HotSpot grid (min cell ≥5.0 µm), upsampling to 64×64 for output
[thermal] Cell-type power breakdown:
          clock:      0 cells (  0.0% count)  →    0.0% weighted power
          seq  :     35 cells (  5.7% count)  →   46.6% weighted power
          macro:      0 cells (  0.0% count)  →    0.0% weighted power
          comb :    583 cells ( 94.3% count)  →   53.4% weighted power
[thermal] Total power: 13.5 mW
[thermal] Running HotSpot (7×7 = 49 blocks)...
[thermal] Temperature: min=110.0°C  max=110.0°C  peak-to-peak=0.0°C
[thermal] Saved → /work/ml/congestion/data/nangate45_gcd_base_thermal_labels.npz
  [OK]   nangate45_gcd_base_thermal_labels.npz
=========================================
Design: nangate45_gcd_hi_util
  [SKIP] features already extracted
  [RUN]  extract_thermal_labels.py (timeout 3600s)
+ DEFAULT_IMAGE=openroad/orfs:latest
+ FLOW_DIR=/OpenROAD-flow-scripts/flow
+ USE_USER=false
+ DRY_RUN=false
+ PORTS=()
+ IMAGE=
+ CMD_ARGS=()
+ [[ 7 -gt 0 ]]
+ case "$1" in
+ CMD_ARGS=("$@")
+ break
+ IMAGE=openroad/orfs-ml:latest
+ get_container_engine
++ docker --version
+ local 'DOCKER_VERSION_STRING=Docker version 29.7.2, build a7dcaa6'
+ [[ Docker version 29.7.2, build a7dcaa6 == *Docker* ]]
+ container_engine=docker
++ pwd
+ WORKSPACE=/home/mispronounced/Code/JayRaj21/OpenROAD-flow-scripts/flow
+ YOSYS_EXE=/OpenROAD-flow-scripts/tools/install/yosys/bin/yosys
+ OPENROAD_EXE=/OpenROAD-flow-scripts/tools/install/OpenROAD/bin/openroad
+ KLAYOUT_CMD=/usr/bin/klayout
+ XSOCK=/tmp/.X11-unix
+ XAUTH=/tmp/.docker.xauth
+ false
+ xauth nlist :0
+ sed -e 's/^..../ffff/'
+ xauth -f /tmp/.docker.xauth nmerge -
+ test -t 0
+ DOCKER_INTERACTIVE=
+ false
+ [[ docker == podman ]]
++ id -u mispronounced
++ id -g mispronounced
+ user_args='-u 1000:1000'
+ user_env=
+ PORT_ARGS=()
+ CMD_STR=
+ [[ 7 -gt 0 ]]
+ CMD_STR='openroad -python /work/ml/congestion/data_collection/extract_thermal_labels.py --odb /work/results/nangate45/gcd/hi_util/3_place.odb --out /work/ml/congestion/data/nangate45_gcd_hi_util_thermal_labels.npz'
+ ENV_SH_CMD='if [ -f ../env.sh ]; then . ../env.sh; fi;'
+ DOCKER_CMD=("$container_engine" run --rm -i $DOCKER_INTERACTIVE $user_env $user_args -e LIBGL_ALWAYS_SOFTWARE=1 -e QT_X11_NO_MITSHM=1 -e XDG_RUNTIME_DIR=/tmp/xdg-run -e "DISPLAY=${DISPLAY:-:0}" -e QT_XKB_CONFIG_ROOT=/usr/share/X11/xkb -v "$XSOCK:$XSOCK" -v "$XAUTH:$XAUTH" -e "XAUTHORITY=$XAUTH" -e FLOW_HOME=/OpenROAD-flow-scripts/flow/ -e WORK_HOME=/work -e "YOSYS_EXE=$YOSYS_EXE" -e "OPENROAD_EXE=$OPENROAD_EXE" -e "KLAYOUT_CMD=$KLAYOUT_CMD" -v "$WORKSPACE:/work:Z" --network host "${PORT_ARGS[@]}" "$IMAGE" bash -c "set -ex; mkdir /tmp/xdg-run; cd ${FLOW_DIR}; ${ENV_SH_CMD}$CMD_STR")
+ false
+ exec docker run --rm -i -u 1000:1000 -e LIBGL_ALWAYS_SOFTWARE=1 -e QT_X11_NO_MITSHM=1 -e XDG_RUNTIME_DIR=/tmp/xdg-run -e DISPLAY=:0 -e QT_XKB_CONFIG_ROOT=/usr/share/X11/xkb -v /tmp/.X11-unix:/tmp/.X11-unix -v /tmp/.docker.xauth:/tmp/.docker.xauth -e XAUTHORITY=/tmp/.docker.xauth -e FLOW_HOME=/OpenROAD-flow-scripts/flow/ -e WORK_HOME=/work -e YOSYS_EXE=/OpenROAD-flow-scripts/tools/install/yosys/bin/yosys -e OPENROAD_EXE=/OpenROAD-flow-scripts/tools/install/OpenROAD/bin/openroad -e KLAYOUT_CMD=/usr/bin/klayout -v /home/mispronounced/Code/JayRaj21/OpenROAD-flow-scripts/flow:/work:Z --network host openroad/orfs-ml:latest bash -c 'set -ex; mkdir /tmp/xdg-run; cd /OpenROAD-flow-scripts/flow; if [ -f ../env.sh ]; then . ../env.sh; fi;openroad -python /work/ml/congestion/data_collection/extract_thermal_labels.py --odb /work/results/nangate45/gcd/hi_util/3_place.odb --out /work/ml/congestion/data/nangate45_gcd_hi_util_thermal_labels.npz'
+ mkdir /tmp/xdg-run
+ cd /OpenROAD-flow-scripts/flow
+ '[' -f ../env.sh ']'
+ . ../env.sh
++ __setpaths
++ [[ linux-gnu == \d\a\r\w\i\n* ]]
++++ readlink -f ../env.sh
+++ dirname /OpenROAD-flow-scripts/env.sh
++ DIR=/OpenROAD-flow-scripts
++ export OPENROAD=/OpenROAD-flow-scripts/tools/OpenROAD
++ OPENROAD=/OpenROAD-flow-scripts/tools/OpenROAD
++ echo 'OPENROAD: /OpenROAD-flow-scripts/tools/OpenROAD'
++ export PATH=/OpenROAD-flow-scripts/tools/install/OpenROAD/bin:/usr/local/bin/wrapped-cc:/usr/local/sbin:/usr/local/bin:/usr/sbin:/usr/bin:/sbin:/bin
++ PATH=/OpenROAD-flow-scripts/tools/install/OpenROAD/bin:/usr/local/bin/wrapped-cc:/usr/local/sbin:/usr/local/bin:/usr/sbin:/usr/bin:/sbin:/bin
++ export PATH=/OpenROAD-flow-scripts/tools/install/yosys/bin:/OpenROAD-flow-scripts/tools/install/OpenROAD/bin:/usr/local/bin/wrapped-cc:/usr/local/sbin:/usr/local/bin:/usr/sbin:/usr/bin:/sbin:/bin
++ PATH=/OpenROAD-flow-scripts/tools/install/yosys/bin:/OpenROAD-flow-scripts/tools/install/OpenROAD/bin:/usr/local/bin/wrapped-cc:/usr/local/sbin:/usr/local/bin:/usr/sbin:/usr/bin:/sbin:/bin
++ export PATH=/OpenROAD-flow-scripts/tools/install/kepler-formal/bin:/OpenROAD-flow-scripts/tools/install/yosys/bin:/OpenROAD-flow-scripts/tools/install/OpenROAD/bin:/usr/local/bin/wrapped-cc:/usr/local/sbin:/usr/local/bin:/usr/sbin:/usr/bin:/sbin:/bin
++ PATH=/OpenROAD-flow-scripts/tools/install/kepler-formal/bin:/OpenROAD-flow-scripts/tools/install/yosys/bin:/OpenROAD-flow-scripts/tools/install/OpenROAD/bin:/usr/local/bin/wrapped-cc:/usr/local/sbin:/usr/local/bin:/usr/sbin:/usr/bin:/sbin:/bin
OPENROAD: /OpenROAD-flow-scripts/tools/OpenROAD
++ [[ linux-gnu == \d\a\r\w\i\n* ]]
++ export FLOW_HOME=/OpenROAD-flow-scripts/flow
++ FLOW_HOME=/OpenROAD-flow-scripts/flow
++ unset -f __setpaths
+ openroad -python /work/ml/congestion/data_collection/extract_thermal_labels.py --odb /work/results/nangate45/gcd/hi_util/3_place.odb --out /work/ml/congestion/data/nangate45_gcd_hi_util_thermal_labels.npz
OpenROAD 26Q2-1671-g0a1b0872a0 
Features included (+) or not (-): +GPU +GUI +Python
This program is licensed under the BSD-3 license. See the LICENSE file for details.
Components of this program may be licensed under more restrictive licenses which must be honored.
[WARNING ORD-0039] .openroad ignored with -python
[thermal] Reading placement from /work/results/nangate45/gcd/hi_util/3_place.odb
[thermal] Die 0.03×0.03 mm is small — using 6×6 HotSpot grid (min cell ≥5.0 µm), upsampling to 64×64 for output
[thermal] Cell-type power breakdown:
          clock:      0 cells (  0.0% count)  →    0.0% weighted power
          seq  :     35 cells (  5.8% count)  →   46.8% weighted power
          macro:      0 cells (  0.0% count)  →    0.0% weighted power
          comb :    572 cells ( 94.2% count)  →   53.2% weighted power
[thermal] Total power: 9.5 mW
[thermal] Running HotSpot (6×6 = 36 blocks)...
[thermal] Temperature: min=110.0°C  max=110.0°C  peak-to-peak=0.0°C
[thermal] Saved → /work/ml/congestion/data/nangate45_gcd_hi_util_thermal_labels.npz
  [OK]   nangate45_gcd_hi_util_thermal_labels.npz
=========================================
Design: nangate45_ibex_ar_05
  [SKIP] features already extracted
  [RUN]  extract_thermal_labels.py (timeout 3600s)
+ DEFAULT_IMAGE=openroad/orfs:latest
+ FLOW_DIR=/OpenROAD-flow-scripts/flow
+ USE_USER=false
+ DRY_RUN=false
+ PORTS=()
+ IMAGE=
+ CMD_ARGS=()
+ [[ 7 -gt 0 ]]
+ case "$1" in
+ CMD_ARGS=("$@")
+ break
+ IMAGE=openroad/orfs-ml:latest
+ get_container_engine
++ docker --version
+ local 'DOCKER_VERSION_STRING=Docker version 29.7.2, build a7dcaa6'
+ [[ Docker version 29.7.2, build a7dcaa6 == *Docker* ]]
+ container_engine=docker
++ pwd
+ WORKSPACE=/home/mispronounced/Code/JayRaj21/OpenROAD-flow-scripts/flow
+ YOSYS_EXE=/OpenROAD-flow-scripts/tools/install/yosys/bin/yosys
+ OPENROAD_EXE=/OpenROAD-flow-scripts/tools/install/OpenROAD/bin/openroad
+ KLAYOUT_CMD=/usr/bin/klayout
+ XSOCK=/tmp/.X11-unix
+ XAUTH=/tmp/.docker.xauth
+ false
+ xauth nlist :0
+ sed -e 's/^..../ffff/'
+ xauth -f /tmp/.docker.xauth nmerge -
+ test -t 0
+ DOCKER_INTERACTIVE=
+ false
+ [[ docker == podman ]]
++ id -u mispronounced
++ id -g mispronounced
+ user_args='-u 1000:1000'
+ user_env=
+ PORT_ARGS=()
+ CMD_STR=
+ [[ 7 -gt 0 ]]
+ CMD_STR='openroad -python /work/ml/congestion/data_collection/extract_thermal_labels.py --odb /work/results/nangate45/ibex/ar_05/3_place.odb --out /work/ml/congestion/data/nangate45_ibex_ar_05_thermal_labels.npz'
+ ENV_SH_CMD='if [ -f ../env.sh ]; then . ../env.sh; fi;'
+ DOCKER_CMD=("$container_engine" run --rm -i $DOCKER_INTERACTIVE $user_env $user_args -e LIBGL_ALWAYS_SOFTWARE=1 -e QT_X11_NO_MITSHM=1 -e XDG_RUNTIME_DIR=/tmp/xdg-run -e "DISPLAY=${DISPLAY:-:0}" -e QT_XKB_CONFIG_ROOT=/usr/share/X11/xkb -v "$XSOCK:$XSOCK" -v "$XAUTH:$XAUTH" -e "XAUTHORITY=$XAUTH" -e FLOW_HOME=/OpenROAD-flow-scripts/flow/ -e WORK_HOME=/work -e "YOSYS_EXE=$YOSYS_EXE" -e "OPENROAD_EXE=$OPENROAD_EXE" -e "KLAYOUT_CMD=$KLAYOUT_CMD" -v "$WORKSPACE:/work:Z" --network host "${PORT_ARGS[@]}" "$IMAGE" bash -c "set -ex; mkdir /tmp/xdg-run; cd ${FLOW_DIR}; ${ENV_SH_CMD}$CMD_STR")
+ false
+ exec docker run --rm -i -u 1000:1000 -e LIBGL_ALWAYS_SOFTWARE=1 -e QT_X11_NO_MITSHM=1 -e XDG_RUNTIME_DIR=/tmp/xdg-run -e DISPLAY=:0 -e QT_XKB_CONFIG_ROOT=/usr/share/X11/xkb -v /tmp/.X11-unix:/tmp/.X11-unix -v /tmp/.docker.xauth:/tmp/.docker.xauth -e XAUTHORITY=/tmp/.docker.xauth -e FLOW_HOME=/OpenROAD-flow-scripts/flow/ -e WORK_HOME=/work -e YOSYS_EXE=/OpenROAD-flow-scripts/tools/install/yosys/bin/yosys -e OPENROAD_EXE=/OpenROAD-flow-scripts/tools/install/OpenROAD/bin/openroad -e KLAYOUT_CMD=/usr/bin/klayout -v /home/mispronounced/Code/JayRaj21/OpenROAD-flow-scripts/flow:/work:Z --network host openroad/orfs-ml:latest bash -c 'set -ex; mkdir /tmp/xdg-run; cd /OpenROAD-flow-scripts/flow; if [ -f ../env.sh ]; then . ../env.sh; fi;openroad -python /work/ml/congestion/data_collection/extract_thermal_labels.py --odb /work/results/nangate45/ibex/ar_05/3_place.odb --out /work/ml/congestion/data/nangate45_ibex_ar_05_thermal_labels.npz'
+ mkdir /tmp/xdg-run
+ cd /OpenROAD-flow-scripts/flow
+ '[' -f ../env.sh ']'
+ . ../env.sh
++ __setpaths
++ [[ linux-gnu == \d\a\r\w\i\n* ]]
++++ readlink -f ../env.sh
+++ dirname /OpenROAD-flow-scripts/env.sh
++ DIR=/OpenROAD-flow-scripts
++ export OPENROAD=/OpenROAD-flow-scripts/tools/OpenROAD
++ OPENROAD=/OpenROAD-flow-scripts/tools/OpenROAD
++ echo 'OPENROAD: /OpenROAD-flow-scripts/tools/OpenROAD'
OPENROAD: /OpenROAD-flow-scripts/tools/OpenROAD
++ export PATH=/OpenROAD-flow-scripts/tools/install/OpenROAD/bin:/usr/local/bin/wrapped-cc:/usr/local/sbin:/usr/local/bin:/usr/sbin:/usr/bin:/sbin:/bin
++ PATH=/OpenROAD-flow-scripts/tools/install/OpenROAD/bin:/usr/local/bin/wrapped-cc:/usr/local/sbin:/usr/local/bin:/usr/sbin:/usr/bin:/sbin:/bin
++ export PATH=/OpenROAD-flow-scripts/tools/install/yosys/bin:/OpenROAD-flow-scripts/tools/install/OpenROAD/bin:/usr/local/bin/wrapped-cc:/usr/local/sbin:/usr/local/bin:/usr/sbin:/usr/bin:/sbin:/bin
++ PATH=/OpenROAD-flow-scripts/tools/install/yosys/bin:/OpenROAD-flow-scripts/tools/install/OpenROAD/bin:/usr/local/bin/wrapped-cc:/usr/local/sbin:/usr/local/bin:/usr/sbin:/usr/bin:/sbin:/bin
++ export PATH=/OpenROAD-flow-scripts/tools/install/kepler-formal/bin:/OpenROAD-flow-scripts/tools/install/yosys/bin:/OpenROAD-flow-scripts/tools/install/OpenROAD/bin:/usr/local/bin/wrapped-cc:/usr/local/sbin:/usr/local/bin:/usr/sbin:/usr/bin:/sbin:/bin
++ PATH=/OpenROAD-flow-scripts/tools/install/kepler-formal/bin:/OpenROAD-flow-scripts/tools/install/yosys/bin:/OpenROAD-flow-scripts/tools/install/OpenROAD/bin:/usr/local/bin/wrapped-cc:/usr/local/sbin:/usr/local/bin:/usr/sbin:/usr/bin:/sbin:/bin
++ [[ linux-gnu == \d\a\r\w\i\n* ]]
++ export FLOW_HOME=/OpenROAD-flow-scripts/flow
++ FLOW_HOME=/OpenROAD-flow-scripts/flow
++ unset -f __setpaths
+ openroad -python /work/ml/congestion/data_collection/extract_thermal_labels.py --odb /work/results/nangate45/ibex/ar_05/3_place.odb --out /work/ml/congestion/data/nangate45_ibex_ar_05_thermal_labels.npz
OpenROAD 26Q2-1671-g0a1b0872a0 
Features included (+) or not (-): +GPU +GUI +Python
This program is licensed under the BSD-3 license. See the LICENSE file for details.
Components of this program may be licensed under more restrictive licenses which must be honored.
[WARNING ORD-0039] .openroad ignored with -python
[thermal] Reading placement from /work/results/nangate45/ibex/ar_05/3_place.odb
[thermal] Die 0.34×0.17 mm is small — using 34×34 HotSpot grid (min cell ≥5.0 µm), upsampling to 64×64 for output
[thermal] Cell-type power breakdown:
          clock:      1 cells (  0.0% count)  →    0.0% weighted power
          seq  :   1937 cells ( 12.9% count)  →   62.0% weighted power
          macro:      0 cells (  0.0% count)  →    0.0% weighted power
          comb :  13022 cells ( 87.0% count)  →   38.0% weighted power
[thermal] Total power: 579.9 mW
[thermal] Running HotSpot (34×34 = 1156 blocks)...
[thermal] Temperature: min=108.2°C  max=111.6°C  peak-to-peak=3.4°C
[thermal] Saved → /work/ml/congestion/data/nangate45_ibex_ar_05_thermal_labels.npz
  [OK]   nangate45_ibex_ar_05_thermal_labels.npz
=========================================
Design: nangate45_ibex_ar_15
  [SKIP] features already extracted
  [RUN]  extract_thermal_labels.py (timeout 3600s)
+ DEFAULT_IMAGE=openroad/orfs:latest
+ FLOW_DIR=/OpenROAD-flow-scripts/flow
+ USE_USER=false
+ DRY_RUN=false
+ PORTS=()
+ IMAGE=
+ CMD_ARGS=()
+ [[ 7 -gt 0 ]]
+ case "$1" in
+ CMD_ARGS=("$@")
+ break
+ IMAGE=openroad/orfs-ml:latest
+ get_container_engine
++ docker --version
+ local 'DOCKER_VERSION_STRING=Docker version 29.7.2, build a7dcaa6'
+ [[ Docker version 29.7.2, build a7dcaa6 == *Docker* ]]
+ container_engine=docker
++ pwd
+ WORKSPACE=/home/mispronounced/Code/JayRaj21/OpenROAD-flow-scripts/flow
+ YOSYS_EXE=/OpenROAD-flow-scripts/tools/install/yosys/bin/yosys
+ OPENROAD_EXE=/OpenROAD-flow-scripts/tools/install/OpenROAD/bin/openroad
+ KLAYOUT_CMD=/usr/bin/klayout
+ XSOCK=/tmp/.X11-unix
+ XAUTH=/tmp/.docker.xauth
+ false
+ xauth nlist :0
+ sed -e 's/^..../ffff/'
+ xauth -f /tmp/.docker.xauth nmerge -
+ test -t 0
+ DOCKER_INTERACTIVE=
+ false
+ [[ docker == podman ]]
++ id -u mispronounced
++ id -g mispronounced
+ user_args='-u 1000:1000'
+ user_env=
+ PORT_ARGS=()
+ CMD_STR=
+ [[ 7 -gt 0 ]]
+ CMD_STR='openroad -python /work/ml/congestion/data_collection/extract_thermal_labels.py --odb /work/results/nangate45/ibex/ar_15/3_place.odb --out /work/ml/congestion/data/nangate45_ibex_ar_15_thermal_labels.npz'
+ ENV_SH_CMD='if [ -f ../env.sh ]; then . ../env.sh; fi;'
+ DOCKER_CMD=("$container_engine" run --rm -i $DOCKER_INTERACTIVE $user_env $user_args -e LIBGL_ALWAYS_SOFTWARE=1 -e QT_X11_NO_MITSHM=1 -e XDG_RUNTIME_DIR=/tmp/xdg-run -e "DISPLAY=${DISPLAY:-:0}" -e QT_XKB_CONFIG_ROOT=/usr/share/X11/xkb -v "$XSOCK:$XSOCK" -v "$XAUTH:$XAUTH" -e "XAUTHORITY=$XAUTH" -e FLOW_HOME=/OpenROAD-flow-scripts/flow/ -e WORK_HOME=/work -e "YOSYS_EXE=$YOSYS_EXE" -e "OPENROAD_EXE=$OPENROAD_EXE" -e "KLAYOUT_CMD=$KLAYOUT_CMD" -v "$WORKSPACE:/work:Z" --network host "${PORT_ARGS[@]}" "$IMAGE" bash -c "set -ex; mkdir /tmp/xdg-run; cd ${FLOW_DIR}; ${ENV_SH_CMD}$CMD_STR")
+ false
+ exec docker run --rm -i -u 1000:1000 -e LIBGL_ALWAYS_SOFTWARE=1 -e QT_X11_NO_MITSHM=1 -e XDG_RUNTIME_DIR=/tmp/xdg-run -e DISPLAY=:0 -e QT_XKB_CONFIG_ROOT=/usr/share/X11/xkb -v /tmp/.X11-unix:/tmp/.X11-unix -v /tmp/.docker.xauth:/tmp/.docker.xauth -e XAUTHORITY=/tmp/.docker.xauth -e FLOW_HOME=/OpenROAD-flow-scripts/flow/ -e WORK_HOME=/work -e YOSYS_EXE=/OpenROAD-flow-scripts/tools/install/yosys/bin/yosys -e OPENROAD_EXE=/OpenROAD-flow-scripts/tools/install/OpenROAD/bin/openroad -e KLAYOUT_CMD=/usr/bin/klayout -v /home/mispronounced/Code/JayRaj21/OpenROAD-flow-scripts/flow:/work:Z --network host openroad/orfs-ml:latest bash -c 'set -ex; mkdir /tmp/xdg-run; cd /OpenROAD-flow-scripts/flow; if [ -f ../env.sh ]; then . ../env.sh; fi;openroad -python /work/ml/congestion/data_collection/extract_thermal_labels.py --odb /work/results/nangate45/ibex/ar_15/3_place.odb --out /work/ml/congestion/data/nangate45_ibex_ar_15_thermal_labels.npz'
+ mkdir /tmp/xdg-run
+ cd /OpenROAD-flow-scripts/flow
+ '[' -f ../env.sh ']'
+ . ../env.sh
++ __setpaths
++ [[ linux-gnu == \d\a\r\w\i\n* ]]
++++ readlink -f ../env.sh
+++ dirname /OpenROAD-flow-scripts/env.sh
++ DIR=/OpenROAD-flow-scripts
++ export OPENROAD=/OpenROAD-flow-scripts/tools/OpenROAD
++ OPENROAD=/OpenROAD-flow-scripts/tools/OpenROAD
++ echo 'OPENROAD: /OpenROAD-flow-scripts/tools/OpenROAD'
OPENROAD: /OpenROAD-flow-scripts/tools/OpenROAD
++ export PATH=/OpenROAD-flow-scripts/tools/install/OpenROAD/bin:/usr/local/bin/wrapped-cc:/usr/local/sbin:/usr/local/bin:/usr/sbin:/usr/bin:/sbin:/bin
++ PATH=/OpenROAD-flow-scripts/tools/install/OpenROAD/bin:/usr/local/bin/wrapped-cc:/usr/local/sbin:/usr/local/bin:/usr/sbin:/usr/bin:/sbin:/bin
++ export PATH=/OpenROAD-flow-scripts/tools/install/yosys/bin:/OpenROAD-flow-scripts/tools/install/OpenROAD/bin:/usr/local/bin/wrapped-cc:/usr/local/sbin:/usr/local/bin:/usr/sbin:/usr/bin:/sbin:/bin
++ PATH=/OpenROAD-flow-scripts/tools/install/yosys/bin:/OpenROAD-flow-scripts/tools/install/OpenROAD/bin:/usr/local/bin/wrapped-cc:/usr/local/sbin:/usr/local/bin:/usr/sbin:/usr/bin:/sbin:/bin
++ export PATH=/OpenROAD-flow-scripts/tools/install/kepler-formal/bin:/OpenROAD-flow-scripts/tools/install/yosys/bin:/OpenROAD-flow-scripts/tools/install/OpenROAD/bin:/usr/local/bin/wrapped-cc:/usr/local/sbin:/usr/local/bin:/usr/sbin:/usr/bin:/sbin:/bin
++ PATH=/OpenROAD-flow-scripts/tools/install/kepler-formal/bin:/OpenROAD-flow-scripts/tools/install/yosys/bin:/OpenROAD-flow-scripts/tools/install/OpenROAD/bin:/usr/local/bin/wrapped-cc:/usr/local/sbin:/usr/local/bin:/usr/sbin:/usr/bin:/sbin:/bin
++ [[ linux-gnu == \d\a\r\w\i\n* ]]
++ export FLOW_HOME=/OpenROAD-flow-scripts/flow
++ FLOW_HOME=/OpenROAD-flow-scripts/flow
++ unset -f __setpaths
+ openroad -python /work/ml/congestion/data_collection/extract_thermal_labels.py --odb /work/results/nangate45/ibex/ar_15/3_place.odb --out /work/ml/congestion/data/nangate45_ibex_ar_15_thermal_labels.npz
OpenROAD 26Q2-1671-g0a1b0872a0 
Features included (+) or not (-): +GPU +GUI +Python
This program is licensed under the BSD-3 license. See the LICENSE file for details.
Components of this program may be licensed under more restrictive licenses which must be honored.
[WARNING ORD-0039] .openroad ignored with -python
[thermal] Reading placement from /work/results/nangate45/ibex/ar_15/3_place.odb
[thermal] Die 0.20×0.29 mm is small — using 39×39 HotSpot grid (min cell ≥5.0 µm), upsampling to 64×64 for output
[thermal] Cell-type power breakdown:
          clock:      1 cells (  0.0% count)  →    0.0% weighted power
          seq  :   1937 cells ( 12.8% count)  →   62.0% weighted power
          macro:      0 cells (  0.0% count)  →    0.0% weighted power
          comb :  13145 cells ( 87.2% count)  →   38.0% weighted power
[thermal] Total power: 579.5 mW
[thermal] Running HotSpot (39×39 = 1521 blocks)...
[thermal] Temperature: min=109.1°C  max=111.1°C  peak-to-peak=2.0°C
[thermal] Saved → /work/ml/congestion/data/nangate45_ibex_ar_15_thermal_labels.npz
  [OK]   nangate45_ibex_ar_15_thermal_labels.npz
=========================================
Design: nangate45_ibex_ar_20
  [SKIP] features already extracted
  [RUN]  extract_thermal_labels.py (timeout 3600s)
+ DEFAULT_IMAGE=openroad/orfs:latest
+ FLOW_DIR=/OpenROAD-flow-scripts/flow
+ USE_USER=false
+ DRY_RUN=false
+ PORTS=()
+ IMAGE=
+ CMD_ARGS=()
+ [[ 7 -gt 0 ]]
+ case "$1" in
+ CMD_ARGS=("$@")
+ break
+ IMAGE=openroad/orfs-ml:latest
+ get_container_engine
++ docker --version
+ local 'DOCKER_VERSION_STRING=Docker version 29.7.2, build a7dcaa6'
+ [[ Docker version 29.7.2, build a7dcaa6 == *Docker* ]]
+ container_engine=docker
++ pwd
+ WORKSPACE=/home/mispronounced/Code/JayRaj21/OpenROAD-flow-scripts/flow
+ YOSYS_EXE=/OpenROAD-flow-scripts/tools/install/yosys/bin/yosys
+ OPENROAD_EXE=/OpenROAD-flow-scripts/tools/install/OpenROAD/bin/openroad
+ KLAYOUT_CMD=/usr/bin/klayout
+ XSOCK=/tmp/.X11-unix
+ XAUTH=/tmp/.docker.xauth
+ false
+ xauth nlist :0
+ sed -e 's/^..../ffff/'
+ xauth -f /tmp/.docker.xauth nmerge -
+ test -t 0
+ DOCKER_INTERACTIVE=
+ false
+ [[ docker == podman ]]
++ id -u mispronounced
++ id -g mispronounced
+ user_args='-u 1000:1000'
+ user_env=
+ PORT_ARGS=()
+ CMD_STR=
+ [[ 7 -gt 0 ]]
+ CMD_STR='openroad -python /work/ml/congestion/data_collection/extract_thermal_labels.py --odb /work/results/nangate45/ibex/ar_20/3_place.odb --out /work/ml/congestion/data/nangate45_ibex_ar_20_thermal_labels.npz'
+ ENV_SH_CMD='if [ -f ../env.sh ]; then . ../env.sh; fi;'
+ DOCKER_CMD=("$container_engine" run --rm -i $DOCKER_INTERACTIVE $user_env $user_args -e LIBGL_ALWAYS_SOFTWARE=1 -e QT_X11_NO_MITSHM=1 -e XDG_RUNTIME_DIR=/tmp/xdg-run -e "DISPLAY=${DISPLAY:-:0}" -e QT_XKB_CONFIG_ROOT=/usr/share/X11/xkb -v "$XSOCK:$XSOCK" -v "$XAUTH:$XAUTH" -e "XAUTHORITY=$XAUTH" -e FLOW_HOME=/OpenROAD-flow-scripts/flow/ -e WORK_HOME=/work -e "YOSYS_EXE=$YOSYS_EXE" -e "OPENROAD_EXE=$OPENROAD_EXE" -e "KLAYOUT_CMD=$KLAYOUT_CMD" -v "$WORKSPACE:/work:Z" --network host "${PORT_ARGS[@]}" "$IMAGE" bash -c "set -ex; mkdir /tmp/xdg-run; cd ${FLOW_DIR}; ${ENV_SH_CMD}$CMD_STR")
+ false
+ exec docker run --rm -i -u 1000:1000 -e LIBGL_ALWAYS_SOFTWARE=1 -e QT_X11_NO_MITSHM=1 -e XDG_RUNTIME_DIR=/tmp/xdg-run -e DISPLAY=:0 -e QT_XKB_CONFIG_ROOT=/usr/share/X11/xkb -v /tmp/.X11-unix:/tmp/.X11-unix -v /tmp/.docker.xauth:/tmp/.docker.xauth -e XAUTHORITY=/tmp/.docker.xauth -e FLOW_HOME=/OpenROAD-flow-scripts/flow/ -e WORK_HOME=/work -e YOSYS_EXE=/OpenROAD-flow-scripts/tools/install/yosys/bin/yosys -e OPENROAD_EXE=/OpenROAD-flow-scripts/tools/install/OpenROAD/bin/openroad -e KLAYOUT_CMD=/usr/bin/klayout -v /home/mispronounced/Code/JayRaj21/OpenROAD-flow-scripts/flow:/work:Z --network host openroad/orfs-ml:latest bash -c 'set -ex; mkdir /tmp/xdg-run; cd /OpenROAD-flow-scripts/flow; if [ -f ../env.sh ]; then . ../env.sh; fi;openroad -python /work/ml/congestion/data_collection/extract_thermal_labels.py --odb /work/results/nangate45/ibex/ar_20/3_place.odb --out /work/ml/congestion/data/nangate45_ibex_ar_20_thermal_labels.npz'
+ mkdir /tmp/xdg-run
+ cd /OpenROAD-flow-scripts/flow
+ '[' -f ../env.sh ']'
+ . ../env.sh
++ __setpaths
++ [[ linux-gnu == \d\a\r\w\i\n* ]]
++++ readlink -f ../env.sh
+++ dirname /OpenROAD-flow-scripts/env.sh
++ DIR=/OpenROAD-flow-scripts
++ export OPENROAD=/OpenROAD-flow-scripts/tools/OpenROAD
++ OPENROAD=/OpenROAD-flow-scripts/tools/OpenROAD
++ echo 'OPENROAD: /OpenROAD-flow-scripts/tools/OpenROAD'
++ export PATH=/OpenROAD-flow-scripts/tools/install/OpenROAD/bin:/usr/local/bin/wrapped-cc:/usr/local/sbin:/usr/local/bin:/usr/sbin:/usr/bin:/sbin:/bin
++ PATH=/OpenROAD-flow-scripts/tools/install/OpenROAD/bin:/usr/local/bin/wrapped-cc:/usr/local/sbin:/usr/local/bin:/usr/sbin:/usr/bin:/sbin:/bin
OPENROAD: /OpenROAD-flow-scripts/tools/OpenROAD
++ export PATH=/OpenROAD-flow-scripts/tools/install/yosys/bin:/OpenROAD-flow-scripts/tools/install/OpenROAD/bin:/usr/local/bin/wrapped-cc:/usr/local/sbin:/usr/local/bin:/usr/sbin:/usr/bin:/sbin:/bin
++ PATH=/OpenROAD-flow-scripts/tools/install/yosys/bin:/OpenROAD-flow-scripts/tools/install/OpenROAD/bin:/usr/local/bin/wrapped-cc:/usr/local/sbin:/usr/local/bin:/usr/sbin:/usr/bin:/sbin:/bin
++ export PATH=/OpenROAD-flow-scripts/tools/install/kepler-formal/bin:/OpenROAD-flow-scripts/tools/install/yosys/bin:/OpenROAD-flow-scripts/tools/install/OpenROAD/bin:/usr/local/bin/wrapped-cc:/usr/local/sbin:/usr/local/bin:/usr/sbin:/usr/bin:/sbin:/bin
++ PATH=/OpenROAD-flow-scripts/tools/install/kepler-formal/bin:/OpenROAD-flow-scripts/tools/install/yosys/bin:/OpenROAD-flow-scripts/tools/install/OpenROAD/bin:/usr/local/bin/wrapped-cc:/usr/local/sbin:/usr/local/bin:/usr/sbin:/usr/bin:/sbin:/bin
++ [[ linux-gnu == \d\a\r\w\i\n* ]]
++ export FLOW_HOME=/OpenROAD-flow-scripts/flow
++ FLOW_HOME=/OpenROAD-flow-scripts/flow
++ unset -f __setpaths
+ openroad -python /work/ml/congestion/data_collection/extract_thermal_labels.py --odb /work/results/nangate45/ibex/ar_20/3_place.odb --out /work/ml/congestion/data/nangate45_ibex_ar_20_thermal_labels.npz
OpenROAD 26Q2-1671-g0a1b0872a0 
Features included (+) or not (-): +GPU +GUI +Python
This program is licensed under the BSD-3 license. See the LICENSE file for details.
Components of this program may be licensed under more restrictive licenses which must be honored.
[WARNING ORD-0039] .openroad ignored with -python
[thermal] Reading placement from /work/results/nangate45/ibex/ar_20/3_place.odb
[thermal] Die 0.17×0.34 mm is small — using 34×34 HotSpot grid (min cell ≥5.0 µm), upsampling to 64×64 for output
[thermal] Cell-type power breakdown:
          clock:      1 cells (  0.0% count)  →    0.0% weighted power
          seq  :   1937 cells ( 12.6% count)  →   61.6% weighted power
          macro:      0 cells (  0.0% count)  →    0.0% weighted power
          comb :  13419 cells ( 87.4% count)  →   38.4% weighted power
[thermal] Total power: 579.9 mW
[thermal] Running HotSpot (34×34 = 1156 blocks)...
[thermal] Temperature: min=107.4°C  max=112.3°C  peak-to-peak=4.9°C
[thermal] Saved → /work/ml/congestion/data/nangate45_ibex_ar_20_thermal_labels.npz
  [OK]   nangate45_ibex_ar_20_thermal_labels.npz
=========================================
Design: nangate45_ibex_base
  [SKIP] features already extracted
  [RUN]  extract_thermal_labels.py (timeout 3600s)
+ DEFAULT_IMAGE=openroad/orfs:latest
+ FLOW_DIR=/OpenROAD-flow-scripts/flow
+ USE_USER=false
+ DRY_RUN=false
+ PORTS=()
+ IMAGE=
+ CMD_ARGS=()
+ [[ 7 -gt 0 ]]
+ case "$1" in
+ CMD_ARGS=("$@")
+ break
+ IMAGE=openroad/orfs-ml:latest
+ get_container_engine
++ docker --version
+ local 'DOCKER_VERSION_STRING=Docker version 29.7.2, build a7dcaa6'
+ [[ Docker version 29.7.2, build a7dcaa6 == *Docker* ]]
+ container_engine=docker
++ pwd
+ WORKSPACE=/home/mispronounced/Code/JayRaj21/OpenROAD-flow-scripts/flow
+ YOSYS_EXE=/OpenROAD-flow-scripts/tools/install/yosys/bin/yosys
+ OPENROAD_EXE=/OpenROAD-flow-scripts/tools/install/OpenROAD/bin/openroad
+ KLAYOUT_CMD=/usr/bin/klayout
+ XSOCK=/tmp/.X11-unix
+ XAUTH=/tmp/.docker.xauth
+ false
+ xauth nlist :0
+ sed -e 's/^..../ffff/'
+ xauth -f /tmp/.docker.xauth nmerge -
+ test -t 0
+ DOCKER_INTERACTIVE=
+ false
+ [[ docker == podman ]]
++ id -u mispronounced
++ id -g mispronounced
+ user_args='-u 1000:1000'
+ user_env=
+ PORT_ARGS=()
+ CMD_STR=
+ [[ 7 -gt 0 ]]
+ CMD_STR='openroad -python /work/ml/congestion/data_collection/extract_thermal_labels.py --odb /work/results/nangate45/ibex/base/3_place.odb --out /work/ml/congestion/data/nangate45_ibex_base_thermal_labels.npz'
+ ENV_SH_CMD='if [ -f ../env.sh ]; then . ../env.sh; fi;'
+ DOCKER_CMD=("$container_engine" run --rm -i $DOCKER_INTERACTIVE $user_env $user_args -e LIBGL_ALWAYS_SOFTWARE=1 -e QT_X11_NO_MITSHM=1 -e XDG_RUNTIME_DIR=/tmp/xdg-run -e "DISPLAY=${DISPLAY:-:0}" -e QT_XKB_CONFIG_ROOT=/usr/share/X11/xkb -v "$XSOCK:$XSOCK" -v "$XAUTH:$XAUTH" -e "XAUTHORITY=$XAUTH" -e FLOW_HOME=/OpenROAD-flow-scripts/flow/ -e WORK_HOME=/work -e "YOSYS_EXE=$YOSYS_EXE" -e "OPENROAD_EXE=$OPENROAD_EXE" -e "KLAYOUT_CMD=$KLAYOUT_CMD" -v "$WORKSPACE:/work:Z" --network host "${PORT_ARGS[@]}" "$IMAGE" bash -c "set -ex; mkdir /tmp/xdg-run; cd ${FLOW_DIR}; ${ENV_SH_CMD}$CMD_STR")
+ false
+ exec docker run --rm -i -u 1000:1000 -e LIBGL_ALWAYS_SOFTWARE=1 -e QT_X11_NO_MITSHM=1 -e XDG_RUNTIME_DIR=/tmp/xdg-run -e DISPLAY=:0 -e QT_XKB_CONFIG_ROOT=/usr/share/X11/xkb -v /tmp/.X11-unix:/tmp/.X11-unix -v /tmp/.docker.xauth:/tmp/.docker.xauth -e XAUTHORITY=/tmp/.docker.xauth -e FLOW_HOME=/OpenROAD-flow-scripts/flow/ -e WORK_HOME=/work -e YOSYS_EXE=/OpenROAD-flow-scripts/tools/install/yosys/bin/yosys -e OPENROAD_EXE=/OpenROAD-flow-scripts/tools/install/OpenROAD/bin/openroad -e KLAYOUT_CMD=/usr/bin/klayout -v /home/mispronounced/Code/JayRaj21/OpenROAD-flow-scripts/flow:/work:Z --network host openroad/orfs-ml:latest bash -c 'set -ex; mkdir /tmp/xdg-run; cd /OpenROAD-flow-scripts/flow; if [ -f ../env.sh ]; then . ../env.sh; fi;openroad -python /work/ml/congestion/data_collection/extract_thermal_labels.py --odb /work/results/nangate45/ibex/base/3_place.odb --out /work/ml/congestion/data/nangate45_ibex_base_thermal_labels.npz'
+ mkdir /tmp/xdg-run
+ cd /OpenROAD-flow-scripts/flow
+ '[' -f ../env.sh ']'
+ . ../env.sh
++ __setpaths
++ [[ linux-gnu == \d\a\r\w\i\n* ]]
++++ readlink -f ../env.sh
+++ dirname /OpenROAD-flow-scripts/env.sh
++ DIR=/OpenROAD-flow-scripts
++ export OPENROAD=/OpenROAD-flow-scripts/tools/OpenROAD
++ OPENROAD=/OpenROAD-flow-scripts/tools/OpenROAD
++ echo 'OPENROAD: /OpenROAD-flow-scripts/tools/OpenROAD'
OPENROAD: /OpenROAD-flow-scripts/tools/OpenROAD
++ export PATH=/OpenROAD-flow-scripts/tools/install/OpenROAD/bin:/usr/local/bin/wrapped-cc:/usr/local/sbin:/usr/local/bin:/usr/sbin:/usr/bin:/sbin:/bin
++ PATH=/OpenROAD-flow-scripts/tools/install/OpenROAD/bin:/usr/local/bin/wrapped-cc:/usr/local/sbin:/usr/local/bin:/usr/sbin:/usr/bin:/sbin:/bin
++ export PATH=/OpenROAD-flow-scripts/tools/install/yosys/bin:/OpenROAD-flow-scripts/tools/install/OpenROAD/bin:/usr/local/bin/wrapped-cc:/usr/local/sbin:/usr/local/bin:/usr/sbin:/usr/bin:/sbin:/bin
++ PATH=/OpenROAD-flow-scripts/tools/install/yosys/bin:/OpenROAD-flow-scripts/tools/install/OpenROAD/bin:/usr/local/bin/wrapped-cc:/usr/local/sbin:/usr/local/bin:/usr/sbin:/usr/bin:/sbin:/bin
++ export PATH=/OpenROAD-flow-scripts/tools/install/kepler-formal/bin:/OpenROAD-flow-scripts/tools/install/yosys/bin:/OpenROAD-flow-scripts/tools/install/OpenROAD/bin:/usr/local/bin/wrapped-cc:/usr/local/sbin:/usr/local/bin:/usr/sbin:/usr/bin:/sbin:/bin
++ PATH=/OpenROAD-flow-scripts/tools/install/kepler-formal/bin:/OpenROAD-flow-scripts/tools/install/yosys/bin:/OpenROAD-flow-scripts/tools/install/OpenROAD/bin:/usr/local/bin/wrapped-cc:/usr/local/sbin:/usr/local/bin:/usr/sbin:/usr/bin:/sbin:/bin
++ [[ linux-gnu == \d\a\r\w\i\n* ]]
++ export FLOW_HOME=/OpenROAD-flow-scripts/flow
++ FLOW_HOME=/OpenROAD-flow-scripts/flow
++ unset -f __setpaths
+ openroad -python /work/ml/congestion/data_collection/extract_thermal_labels.py --odb /work/results/nangate45/ibex/base/3_place.odb --out /work/ml/congestion/data/nangate45_ibex_base_thermal_labels.npz
OpenROAD 26Q2-1671-g0a1b0872a0 
Features included (+) or not (-): +GPU +GUI +Python
This program is licensed under the BSD-3 license. See the LICENSE file for details.
Components of this program may be licensed under more restrictive licenses which must be honored.
[WARNING ORD-0039] .openroad ignored with -python
[thermal] Reading placement from /work/results/nangate45/ibex/base/3_place.odb
[thermal] Die 0.24×0.24 mm is small — using 48×48 HotSpot grid (min cell ≥5.0 µm), upsampling to 64×64 for output
[thermal] Cell-type power breakdown:
          clock:      1 cells (  0.0% count)  →    0.0% weighted power
          seq  :   1937 cells ( 12.9% count)  →   62.0% weighted power
          macro:      0 cells (  0.0% count)  →    0.0% weighted power
          comb :  13040 cells ( 87.1% count)  →   37.9% weighted power
[thermal] Total power: 579.3 mW
[thermal] Running HotSpot (48×48 = 2304 blocks)...
[thermal] Temperature: min=108.0°C  max=112.0°C  peak-to-peak=4.0°C
[thermal] Saved → /work/ml/congestion/data/nangate45_ibex_base_thermal_labels.npz
  [OK]   nangate45_ibex_base_thermal_labels.npz
=========================================
Design: nangate45_ibex_hi_util
  [SKIP] features already extracted
  [RUN]  extract_thermal_labels.py (timeout 3600s)
+ DEFAULT_IMAGE=openroad/orfs:latest
+ FLOW_DIR=/OpenROAD-flow-scripts/flow
+ USE_USER=false
+ DRY_RUN=false
+ PORTS=()
+ IMAGE=
+ CMD_ARGS=()
+ [[ 7 -gt 0 ]]
+ case "$1" in
+ CMD_ARGS=("$@")
+ break
+ IMAGE=openroad/orfs-ml:latest
+ get_container_engine
++ docker --version
+ local 'DOCKER_VERSION_STRING=Docker version 29.7.2, build a7dcaa6'
+ [[ Docker version 29.7.2, build a7dcaa6 == *Docker* ]]
+ container_engine=docker
++ pwd
+ WORKSPACE=/home/mispronounced/Code/JayRaj21/OpenROAD-flow-scripts/flow
+ YOSYS_EXE=/OpenROAD-flow-scripts/tools/install/yosys/bin/yosys
+ OPENROAD_EXE=/OpenROAD-flow-scripts/tools/install/OpenROAD/bin/openroad
+ KLAYOUT_CMD=/usr/bin/klayout
+ XSOCK=/tmp/.X11-unix
+ XAUTH=/tmp/.docker.xauth
+ false
+ xauth nlist :0
+ sed -e 's/^..../ffff/'
+ xauth -f /tmp/.docker.xauth nmerge -
+ test -t 0
+ DOCKER_INTERACTIVE=
+ false
+ [[ docker == podman ]]
++ id -u mispronounced
++ id -g mispronounced
+ user_args='-u 1000:1000'
+ user_env=
+ PORT_ARGS=()
+ CMD_STR=
+ [[ 7 -gt 0 ]]
+ CMD_STR='openroad -python /work/ml/congestion/data_collection/extract_thermal_labels.py --odb /work/results/nangate45/ibex/hi_util/3_place.odb --out /work/ml/congestion/data/nangate45_ibex_hi_util_thermal_labels.npz'
+ ENV_SH_CMD='if [ -f ../env.sh ]; then . ../env.sh; fi;'
+ DOCKER_CMD=("$container_engine" run --rm -i $DOCKER_INTERACTIVE $user_env $user_args -e LIBGL_ALWAYS_SOFTWARE=1 -e QT_X11_NO_MITSHM=1 -e XDG_RUNTIME_DIR=/tmp/xdg-run -e "DISPLAY=${DISPLAY:-:0}" -e QT_XKB_CONFIG_ROOT=/usr/share/X11/xkb -v "$XSOCK:$XSOCK" -v "$XAUTH:$XAUTH" -e "XAUTHORITY=$XAUTH" -e FLOW_HOME=/OpenROAD-flow-scripts/flow/ -e WORK_HOME=/work -e "YOSYS_EXE=$YOSYS_EXE" -e "OPENROAD_EXE=$OPENROAD_EXE" -e "KLAYOUT_CMD=$KLAYOUT_CMD" -v "$WORKSPACE:/work:Z" --network host "${PORT_ARGS[@]}" "$IMAGE" bash -c "set -ex; mkdir /tmp/xdg-run; cd ${FLOW_DIR}; ${ENV_SH_CMD}$CMD_STR")
+ false
+ exec docker run --rm -i -u 1000:1000 -e LIBGL_ALWAYS_SOFTWARE=1 -e QT_X11_NO_MITSHM=1 -e XDG_RUNTIME_DIR=/tmp/xdg-run -e DISPLAY=:0 -e QT_XKB_CONFIG_ROOT=/usr/share/X11/xkb -v /tmp/.X11-unix:/tmp/.X11-unix -v /tmp/.docker.xauth:/tmp/.docker.xauth -e XAUTHORITY=/tmp/.docker.xauth -e FLOW_HOME=/OpenROAD-flow-scripts/flow/ -e WORK_HOME=/work -e YOSYS_EXE=/OpenROAD-flow-scripts/tools/install/yosys/bin/yosys -e OPENROAD_EXE=/OpenROAD-flow-scripts/tools/install/OpenROAD/bin/openroad -e KLAYOUT_CMD=/usr/bin/klayout -v /home/mispronounced/Code/JayRaj21/OpenROAD-flow-scripts/flow:/work:Z --network host openroad/orfs-ml:latest bash -c 'set -ex; mkdir /tmp/xdg-run; cd /OpenROAD-flow-scripts/flow; if [ -f ../env.sh ]; then . ../env.sh; fi;openroad -python /work/ml/congestion/data_collection/extract_thermal_labels.py --odb /work/results/nangate45/ibex/hi_util/3_place.odb --out /work/ml/congestion/data/nangate45_ibex_hi_util_thermal_labels.npz'
+ mkdir /tmp/xdg-run
+ cd /OpenROAD-flow-scripts/flow
+ '[' -f ../env.sh ']'
+ . ../env.sh
++ __setpaths
++ [[ linux-gnu == \d\a\r\w\i\n* ]]
++++ readlink -f ../env.sh
+++ dirname /OpenROAD-flow-scripts/env.sh
OPENROAD: /OpenROAD-flow-scripts/tools/OpenROAD
++ DIR=/OpenROAD-flow-scripts
++ export OPENROAD=/OpenROAD-flow-scripts/tools/OpenROAD
++ OPENROAD=/OpenROAD-flow-scripts/tools/OpenROAD
++ echo 'OPENROAD: /OpenROAD-flow-scripts/tools/OpenROAD'
++ export PATH=/OpenROAD-flow-scripts/tools/install/OpenROAD/bin:/usr/local/bin/wrapped-cc:/usr/local/sbin:/usr/local/bin:/usr/sbin:/usr/bin:/sbin:/bin
++ PATH=/OpenROAD-flow-scripts/tools/install/OpenROAD/bin:/usr/local/bin/wrapped-cc:/usr/local/sbin:/usr/local/bin:/usr/sbin:/usr/bin:/sbin:/bin
++ export PATH=/OpenROAD-flow-scripts/tools/install/yosys/bin:/OpenROAD-flow-scripts/tools/install/OpenROAD/bin:/usr/local/bin/wrapped-cc:/usr/local/sbin:/usr/local/bin:/usr/sbin:/usr/bin:/sbin:/bin
++ PATH=/OpenROAD-flow-scripts/tools/install/yosys/bin:/OpenROAD-flow-scripts/tools/install/OpenROAD/bin:/usr/local/bin/wrapped-cc:/usr/local/sbin:/usr/local/bin:/usr/sbin:/usr/bin:/sbin:/bin
++ export PATH=/OpenROAD-flow-scripts/tools/install/kepler-formal/bin:/OpenROAD-flow-scripts/tools/install/yosys/bin:/OpenROAD-flow-scripts/tools/install/OpenROAD/bin:/usr/local/bin/wrapped-cc:/usr/local/sbin:/usr/local/bin:/usr/sbin:/usr/bin:/sbin:/bin
++ PATH=/OpenROAD-flow-scripts/tools/install/kepler-formal/bin:/OpenROAD-flow-scripts/tools/install/yosys/bin:/OpenROAD-flow-scripts/tools/install/OpenROAD/bin:/usr/local/bin/wrapped-cc:/usr/local/sbin:/usr/local/bin:/usr/sbin:/usr/bin:/sbin:/bin
++ [[ linux-gnu == \d\a\r\w\i\n* ]]
++ export FLOW_HOME=/OpenROAD-flow-scripts/flow
++ FLOW_HOME=/OpenROAD-flow-scripts/flow
++ unset -f __setpaths
+ openroad -python /work/ml/congestion/data_collection/extract_thermal_labels.py --odb /work/results/nangate45/ibex/hi_util/3_place.odb --out /work/ml/congestion/data/nangate45_ibex_hi_util_thermal_labels.npz
OpenROAD 26Q2-1671-g0a1b0872a0 
Features included (+) or not (-): +GPU +GUI +Python
This program is licensed under the BSD-3 license. See the LICENSE file for details.
Components of this program may be licensed under more restrictive licenses which must be honored.
[WARNING ORD-0039] .openroad ignored with -python
[thermal] Reading placement from /work/results/nangate45/ibex/hi_util/3_place.odb
[thermal] Die 0.19×0.19 mm is small — using 38×38 HotSpot grid (min cell ≥5.0 µm), upsampling to 64×64 for output
[thermal] Cell-type power breakdown:
          clock:      1 cells (  0.0% count)  →    0.0% weighted power
          seq  :   1937 cells ( 13.1% count)  →   62.3% weighted power
          macro:      0 cells (  0.0% count)  →    0.0% weighted power
          comb :  12798 cells ( 86.8% count)  →   37.7% weighted power
[thermal] Total power: 363.7 mW
[thermal] Running HotSpot (38×38 = 1444 blocks)...
[thermal] Temperature: min=109.3°C  max=111.1°C  peak-to-peak=1.7°C
[thermal] Saved → /work/ml/congestion/data/nangate45_ibex_hi_util_thermal_labels.npz
  [OK]   nangate45_ibex_hi_util_thermal_labels.npz
=========================================
Design: nangate45_ibex_pipeline_85
  [SKIP] features already extracted
  [RUN]  extract_thermal_labels.py (timeout 3600s)
+ DEFAULT_IMAGE=openroad/orfs:latest
+ FLOW_DIR=/OpenROAD-flow-scripts/flow
+ USE_USER=false
+ DRY_RUN=false
+ PORTS=()
+ IMAGE=
+ CMD_ARGS=()
+ [[ 7 -gt 0 ]]
+ case "$1" in
+ CMD_ARGS=("$@")
+ break
+ IMAGE=openroad/orfs-ml:latest
+ get_container_engine
++ docker --version
+ local 'DOCKER_VERSION_STRING=Docker version 29.7.2, build a7dcaa6'
+ [[ Docker version 29.7.2, build a7dcaa6 == *Docker* ]]
+ container_engine=docker
++ pwd
+ WORKSPACE=/home/mispronounced/Code/JayRaj21/OpenROAD-flow-scripts/flow
+ YOSYS_EXE=/OpenROAD-flow-scripts/tools/install/yosys/bin/yosys
+ OPENROAD_EXE=/OpenROAD-flow-scripts/tools/install/OpenROAD/bin/openroad
+ KLAYOUT_CMD=/usr/bin/klayout
+ XSOCK=/tmp/.X11-unix
+ XAUTH=/tmp/.docker.xauth
+ false
+ xauth nlist :0
+ sed -e 's/^..../ffff/'
+ xauth -f /tmp/.docker.xauth nmerge -
+ test -t 0
+ DOCKER_INTERACTIVE=
+ false
+ [[ docker == podman ]]
++ id -u mispronounced
++ id -g mispronounced
+ user_args='-u 1000:1000'
+ user_env=
+ PORT_ARGS=()
+ CMD_STR=
+ [[ 7 -gt 0 ]]
+ CMD_STR='openroad -python /work/ml/congestion/data_collection/extract_thermal_labels.py --odb /work/results/nangate45/ibex/pipeline_85/3_place.odb --out /work/ml/congestion/data/nangate45_ibex_pipeline_85_thermal_labels.npz'
+ ENV_SH_CMD='if [ -f ../env.sh ]; then . ../env.sh; fi;'
+ DOCKER_CMD=("$container_engine" run --rm -i $DOCKER_INTERACTIVE $user_env $user_args -e LIBGL_ALWAYS_SOFTWARE=1 -e QT_X11_NO_MITSHM=1 -e XDG_RUNTIME_DIR=/tmp/xdg-run -e "DISPLAY=${DISPLAY:-:0}" -e QT_XKB_CONFIG_ROOT=/usr/share/X11/xkb -v "$XSOCK:$XSOCK" -v "$XAUTH:$XAUTH" -e "XAUTHORITY=$XAUTH" -e FLOW_HOME=/OpenROAD-flow-scripts/flow/ -e WORK_HOME=/work -e "YOSYS_EXE=$YOSYS_EXE" -e "OPENROAD_EXE=$OPENROAD_EXE" -e "KLAYOUT_CMD=$KLAYOUT_CMD" -v "$WORKSPACE:/work:Z" --network host "${PORT_ARGS[@]}" "$IMAGE" bash -c "set -ex; mkdir /tmp/xdg-run; cd ${FLOW_DIR}; ${ENV_SH_CMD}$CMD_STR")
+ false
+ exec docker run --rm -i -u 1000:1000 -e LIBGL_ALWAYS_SOFTWARE=1 -e QT_X11_NO_MITSHM=1 -e XDG_RUNTIME_DIR=/tmp/xdg-run -e DISPLAY=:0 -e QT_XKB_CONFIG_ROOT=/usr/share/X11/xkb -v /tmp/.X11-unix:/tmp/.X11-unix -v /tmp/.docker.xauth:/tmp/.docker.xauth -e XAUTHORITY=/tmp/.docker.xauth -e FLOW_HOME=/OpenROAD-flow-scripts/flow/ -e WORK_HOME=/work -e YOSYS_EXE=/OpenROAD-flow-scripts/tools/install/yosys/bin/yosys -e OPENROAD_EXE=/OpenROAD-flow-scripts/tools/install/OpenROAD/bin/openroad -e KLAYOUT_CMD=/usr/bin/klayout -v /home/mispronounced/Code/JayRaj21/OpenROAD-flow-scripts/flow:/work:Z --network host openroad/orfs-ml:latest bash -c 'set -ex; mkdir /tmp/xdg-run; cd /OpenROAD-flow-scripts/flow; if [ -f ../env.sh ]; then . ../env.sh; fi;openroad -python /work/ml/congestion/data_collection/extract_thermal_labels.py --odb /work/results/nangate45/ibex/pipeline_85/3_place.odb --out /work/ml/congestion/data/nangate45_ibex_pipeline_85_thermal_labels.npz'
+ mkdir /tmp/xdg-run
+ cd /OpenROAD-flow-scripts/flow
+ '[' -f ../env.sh ']'
+ . ../env.sh
++ __setpaths
++ [[ linux-gnu == \d\a\r\w\i\n* ]]
++++ readlink -f ../env.sh
+++ dirname /OpenROAD-flow-scripts/env.sh
++ DIR=/OpenROAD-flow-scripts
++ export OPENROAD=/OpenROAD-flow-scripts/tools/OpenROAD
++ OPENROAD=/OpenROAD-flow-scripts/tools/OpenROAD
++ echo 'OPENROAD: /OpenROAD-flow-scripts/tools/OpenROAD'
OPENROAD: /OpenROAD-flow-scripts/tools/OpenROAD
++ export PATH=/OpenROAD-flow-scripts/tools/install/OpenROAD/bin:/usr/local/bin/wrapped-cc:/usr/local/sbin:/usr/local/bin:/usr/sbin:/usr/bin:/sbin:/bin
++ PATH=/OpenROAD-flow-scripts/tools/install/OpenROAD/bin:/usr/local/bin/wrapped-cc:/usr/local/sbin:/usr/local/bin:/usr/sbin:/usr/bin:/sbin:/bin
++ export PATH=/OpenROAD-flow-scripts/tools/install/yosys/bin:/OpenROAD-flow-scripts/tools/install/OpenROAD/bin:/usr/local/bin/wrapped-cc:/usr/local/sbin:/usr/local/bin:/usr/sbin:/usr/bin:/sbin:/bin
++ PATH=/OpenROAD-flow-scripts/tools/install/yosys/bin:/OpenROAD-flow-scripts/tools/install/OpenROAD/bin:/usr/local/bin/wrapped-cc:/usr/local/sbin:/usr/local/bin:/usr/sbin:/usr/bin:/sbin:/bin
++ export PATH=/OpenROAD-flow-scripts/tools/install/kepler-formal/bin:/OpenROAD-flow-scripts/tools/install/yosys/bin:/OpenROAD-flow-scripts/tools/install/OpenROAD/bin:/usr/local/bin/wrapped-cc:/usr/local/sbin:/usr/local/bin:/usr/sbin:/usr/bin:/sbin:/bin
++ PATH=/OpenROAD-flow-scripts/tools/install/kepler-formal/bin:/OpenROAD-flow-scripts/tools/install/yosys/bin:/OpenROAD-flow-scripts/tools/install/OpenROAD/bin:/usr/local/bin/wrapped-cc:/usr/local/sbin:/usr/local/bin:/usr/sbin:/usr/bin:/sbin:/bin
++ [[ linux-gnu == \d\a\r\w\i\n* ]]
++ export FLOW_HOME=/OpenROAD-flow-scripts/flow
++ FLOW_HOME=/OpenROAD-flow-scripts/flow
++ unset -f __setpaths
+ openroad -python /work/ml/congestion/data_collection/extract_thermal_labels.py --odb /work/results/nangate45/ibex/pipeline_85/3_place.odb --out /work/ml/congestion/data/nangate45_ibex_pipeline_85_thermal_labels.npz
OpenROAD 26Q2-1671-g0a1b0872a0 
Features included (+) or not (-): +GPU +GUI +Python
This program is licensed under the BSD-3 license. See the LICENSE file for details.
Components of this program may be licensed under more restrictive licenses which must be honored.
[WARNING ORD-0039] .openroad ignored with -python
[thermal] Reading placement from /work/results/nangate45/ibex/pipeline_85/3_place.odb
[thermal] Die 0.19×0.19 mm is small — using 37×37 HotSpot grid (min cell ≥5.0 µm), upsampling to 64×64 for output
[thermal] Cell-type power breakdown:
          clock:      1 cells (  0.0% count)  →    0.0% weighted power
          seq  :   1937 cells ( 13.1% count)  →   62.3% weighted power
          macro:      0 cells (  0.0% count)  →    0.0% weighted power
          comb :  12796 cells ( 86.8% count)  →   37.7% weighted power
[thermal] Total power: 342.5 mW
[thermal] Running HotSpot (37×37 = 1369 blocks)...
[thermal] Temperature: min=109.4°C  max=111.0°C  peak-to-peak=1.6°C
[thermal] Saved → /work/ml/congestion/data/nangate45_ibex_pipeline_85_thermal_labels.npz
  [OK]   nangate45_ibex_pipeline_85_thermal_labels.npz
=========================================
Design: nangate45_ibex_util_60
  [SKIP] features already extracted
  [RUN]  extract_thermal_labels.py (timeout 3600s)
+ DEFAULT_IMAGE=openroad/orfs:latest
+ FLOW_DIR=/OpenROAD-flow-scripts/flow
+ USE_USER=false
+ DRY_RUN=false
+ PORTS=()
+ IMAGE=
+ CMD_ARGS=()
+ [[ 7 -gt 0 ]]
+ case "$1" in
+ CMD_ARGS=("$@")
+ break
+ IMAGE=openroad/orfs-ml:latest
+ get_container_engine
++ docker --version
+ local 'DOCKER_VERSION_STRING=Docker version 29.7.2, build a7dcaa6'
+ [[ Docker version 29.7.2, build a7dcaa6 == *Docker* ]]
+ container_engine=docker
++ pwd
+ WORKSPACE=/home/mispronounced/Code/JayRaj21/OpenROAD-flow-scripts/flow
+ YOSYS_EXE=/OpenROAD-flow-scripts/tools/install/yosys/bin/yosys
+ OPENROAD_EXE=/OpenROAD-flow-scripts/tools/install/OpenROAD/bin/openroad
+ KLAYOUT_CMD=/usr/bin/klayout
+ XSOCK=/tmp/.X11-unix
+ XAUTH=/tmp/.docker.xauth
+ false
+ xauth nlist :0
+ sed -e 's/^..../ffff/'
+ xauth -f /tmp/.docker.xauth nmerge -
+ test -t 0
+ DOCKER_INTERACTIVE=
+ false
+ [[ docker == podman ]]
++ id -u mispronounced
++ id -g mispronounced
+ user_args='-u 1000:1000'
+ user_env=
+ PORT_ARGS=()
+ CMD_STR=
+ [[ 7 -gt 0 ]]
+ CMD_STR='openroad -python /work/ml/congestion/data_collection/extract_thermal_labels.py --odb /work/results/nangate45/ibex/util_60/3_place.odb --out /work/ml/congestion/data/nangate45_ibex_util_60_thermal_labels.npz'
+ ENV_SH_CMD='if [ -f ../env.sh ]; then . ../env.sh; fi;'
+ DOCKER_CMD=("$container_engine" run --rm -i $DOCKER_INTERACTIVE $user_env $user_args -e LIBGL_ALWAYS_SOFTWARE=1 -e QT_X11_NO_MITSHM=1 -e XDG_RUNTIME_DIR=/tmp/xdg-run -e "DISPLAY=${DISPLAY:-:0}" -e QT_XKB_CONFIG_ROOT=/usr/share/X11/xkb -v "$XSOCK:$XSOCK" -v "$XAUTH:$XAUTH" -e "XAUTHORITY=$XAUTH" -e FLOW_HOME=/OpenROAD-flow-scripts/flow/ -e WORK_HOME=/work -e "YOSYS_EXE=$YOSYS_EXE" -e "OPENROAD_EXE=$OPENROAD_EXE" -e "KLAYOUT_CMD=$KLAYOUT_CMD" -v "$WORKSPACE:/work:Z" --network host "${PORT_ARGS[@]}" "$IMAGE" bash -c "set -ex; mkdir /tmp/xdg-run; cd ${FLOW_DIR}; ${ENV_SH_CMD}$CMD_STR")
+ false
+ exec docker run --rm -i -u 1000:1000 -e LIBGL_ALWAYS_SOFTWARE=1 -e QT_X11_NO_MITSHM=1 -e XDG_RUNTIME_DIR=/tmp/xdg-run -e DISPLAY=:0 -e QT_XKB_CONFIG_ROOT=/usr/share/X11/xkb -v /tmp/.X11-unix:/tmp/.X11-unix -v /tmp/.docker.xauth:/tmp/.docker.xauth -e XAUTHORITY=/tmp/.docker.xauth -e FLOW_HOME=/OpenROAD-flow-scripts/flow/ -e WORK_HOME=/work -e YOSYS_EXE=/OpenROAD-flow-scripts/tools/install/yosys/bin/yosys -e OPENROAD_EXE=/OpenROAD-flow-scripts/tools/install/OpenROAD/bin/openroad -e KLAYOUT_CMD=/usr/bin/klayout -v /home/mispronounced/Code/JayRaj21/OpenROAD-flow-scripts/flow:/work:Z --network host openroad/orfs-ml:latest bash -c 'set -ex; mkdir /tmp/xdg-run; cd /OpenROAD-flow-scripts/flow; if [ -f ../env.sh ]; then . ../env.sh; fi;openroad -python /work/ml/congestion/data_collection/extract_thermal_labels.py --odb /work/results/nangate45/ibex/util_60/3_place.odb --out /work/ml/congestion/data/nangate45_ibex_util_60_thermal_labels.npz'
+ mkdir /tmp/xdg-run
+ cd /OpenROAD-flow-scripts/flow
+ '[' -f ../env.sh ']'
+ . ../env.sh
++ __setpaths
++ [[ linux-gnu == \d\a\r\w\i\n* ]]
++++ readlink -f ../env.sh
+++ dirname /OpenROAD-flow-scripts/env.sh
OPENROAD: /OpenROAD-flow-scripts/tools/OpenROAD
++ DIR=/OpenROAD-flow-scripts
++ export OPENROAD=/OpenROAD-flow-scripts/tools/OpenROAD
++ OPENROAD=/OpenROAD-flow-scripts/tools/OpenROAD
++ echo 'OPENROAD: /OpenROAD-flow-scripts/tools/OpenROAD'
++ export PATH=/OpenROAD-flow-scripts/tools/install/OpenROAD/bin:/usr/local/bin/wrapped-cc:/usr/local/sbin:/usr/local/bin:/usr/sbin:/usr/bin:/sbin:/bin
++ PATH=/OpenROAD-flow-scripts/tools/install/OpenROAD/bin:/usr/local/bin/wrapped-cc:/usr/local/sbin:/usr/local/bin:/usr/sbin:/usr/bin:/sbin:/bin
++ export PATH=/OpenROAD-flow-scripts/tools/install/yosys/bin:/OpenROAD-flow-scripts/tools/install/OpenROAD/bin:/usr/local/bin/wrapped-cc:/usr/local/sbin:/usr/local/bin:/usr/sbin:/usr/bin:/sbin:/bin
++ PATH=/OpenROAD-flow-scripts/tools/install/yosys/bin:/OpenROAD-flow-scripts/tools/install/OpenROAD/bin:/usr/local/bin/wrapped-cc:/usr/local/sbin:/usr/local/bin:/usr/sbin:/usr/bin:/sbin:/bin
++ export PATH=/OpenROAD-flow-scripts/tools/install/kepler-formal/bin:/OpenROAD-flow-scripts/tools/install/yosys/bin:/OpenROAD-flow-scripts/tools/install/OpenROAD/bin:/usr/local/bin/wrapped-cc:/usr/local/sbin:/usr/local/bin:/usr/sbin:/usr/bin:/sbin:/bin
++ PATH=/OpenROAD-flow-scripts/tools/install/kepler-formal/bin:/OpenROAD-flow-scripts/tools/install/yosys/bin:/OpenROAD-flow-scripts/tools/install/OpenROAD/bin:/usr/local/bin/wrapped-cc:/usr/local/sbin:/usr/local/bin:/usr/sbin:/usr/bin:/sbin:/bin
++ [[ linux-gnu == \d\a\r\w\i\n* ]]
++ export FLOW_HOME=/OpenROAD-flow-scripts/flow
++ FLOW_HOME=/OpenROAD-flow-scripts/flow
++ unset -f __setpaths
+ openroad -python /work/ml/congestion/data_collection/extract_thermal_labels.py --odb /work/results/nangate45/ibex/util_60/3_place.odb --out /work/ml/congestion/data/nangate45_ibex_util_60_thermal_labels.npz
OpenROAD 26Q2-1671-g0a1b0872a0 
Features included (+) or not (-): +GPU +GUI +Python
This program is licensed under the BSD-3 license. See the LICENSE file for details.
Components of this program may be licensed under more restrictive licenses which must be honored.
[WARNING ORD-0039] .openroad ignored with -python
[thermal] Reading placement from /work/results/nangate45/ibex/util_60/3_place.odb
[thermal] Die 0.22×0.22 mm is small — using 43×43 HotSpot grid (min cell ≥5.0 µm), upsampling to 64×64 for output
[thermal] Cell-type power breakdown:
          clock:      1 cells (  0.0% count)  →    0.0% weighted power
          seq  :   1937 cells ( 13.0% count)  →   62.2% weighted power
          macro:      0 cells (  0.0% count)  →    0.0% weighted power
          comb :  12933 cells ( 87.0% count)  →   37.8% weighted power
[thermal] Total power: 483.5 mW
[thermal] Running HotSpot (43×43 = 1849 blocks)...
[thermal] Temperature: min=108.8°C  max=111.4°C  peak-to-peak=2.6°C
[thermal] Saved → /work/ml/congestion/data/nangate45_ibex_util_60_thermal_labels.npz
  [OK]   nangate45_ibex_util_60_thermal_labels.npz
=========================================
Design: nangate45_ibex_util_70
  [SKIP] features already extracted
  [RUN]  extract_thermal_labels.py (timeout 3600s)
+ DEFAULT_IMAGE=openroad/orfs:latest
+ FLOW_DIR=/OpenROAD-flow-scripts/flow
+ USE_USER=false
+ DRY_RUN=false
+ PORTS=()
+ IMAGE=
+ CMD_ARGS=()
+ [[ 7 -gt 0 ]]
+ case "$1" in
+ CMD_ARGS=("$@")
+ break
+ IMAGE=openroad/orfs-ml:latest
+ get_container_engine
++ docker --version
+ local 'DOCKER_VERSION_STRING=Docker version 29.7.2, build a7dcaa6'
+ [[ Docker version 29.7.2, build a7dcaa6 == *Docker* ]]
+ container_engine=docker
++ pwd
+ WORKSPACE=/home/mispronounced/Code/JayRaj21/OpenROAD-flow-scripts/flow
+ YOSYS_EXE=/OpenROAD-flow-scripts/tools/install/yosys/bin/yosys
+ OPENROAD_EXE=/OpenROAD-flow-scripts/tools/install/OpenROAD/bin/openroad
+ KLAYOUT_CMD=/usr/bin/klayout
+ XSOCK=/tmp/.X11-unix
+ XAUTH=/tmp/.docker.xauth
+ false
+ xauth nlist :0
+ sed -e 's/^..../ffff/'
+ xauth -f /tmp/.docker.xauth nmerge -
+ test -t 0
+ DOCKER_INTERACTIVE=
+ false
+ [[ docker == podman ]]
++ id -u mispronounced
++ id -g mispronounced
+ user_args='-u 1000:1000'
+ user_env=
+ PORT_ARGS=()
+ CMD_STR=
+ [[ 7 -gt 0 ]]
+ CMD_STR='openroad -python /work/ml/congestion/data_collection/extract_thermal_labels.py --odb /work/results/nangate45/ibex/util_70/3_place.odb --out /work/ml/congestion/data/nangate45_ibex_util_70_thermal_labels.npz'
+ ENV_SH_CMD='if [ -f ../env.sh ]; then . ../env.sh; fi;'
+ DOCKER_CMD=("$container_engine" run --rm -i $DOCKER_INTERACTIVE $user_env $user_args -e LIBGL_ALWAYS_SOFTWARE=1 -e QT_X11_NO_MITSHM=1 -e XDG_RUNTIME_DIR=/tmp/xdg-run -e "DISPLAY=${DISPLAY:-:0}" -e QT_XKB_CONFIG_ROOT=/usr/share/X11/xkb -v "$XSOCK:$XSOCK" -v "$XAUTH:$XAUTH" -e "XAUTHORITY=$XAUTH" -e FLOW_HOME=/OpenROAD-flow-scripts/flow/ -e WORK_HOME=/work -e "YOSYS_EXE=$YOSYS_EXE" -e "OPENROAD_EXE=$OPENROAD_EXE" -e "KLAYOUT_CMD=$KLAYOUT_CMD" -v "$WORKSPACE:/work:Z" --network host "${PORT_ARGS[@]}" "$IMAGE" bash -c "set -ex; mkdir /tmp/xdg-run; cd ${FLOW_DIR}; ${ENV_SH_CMD}$CMD_STR")
+ false
+ exec docker run --rm -i -u 1000:1000 -e LIBGL_ALWAYS_SOFTWARE=1 -e QT_X11_NO_MITSHM=1 -e XDG_RUNTIME_DIR=/tmp/xdg-run -e DISPLAY=:0 -e QT_XKB_CONFIG_ROOT=/usr/share/X11/xkb -v /tmp/.X11-unix:/tmp/.X11-unix -v /tmp/.docker.xauth:/tmp/.docker.xauth -e XAUTHORITY=/tmp/.docker.xauth -e FLOW_HOME=/OpenROAD-flow-scripts/flow/ -e WORK_HOME=/work -e YOSYS_EXE=/OpenROAD-flow-scripts/tools/install/yosys/bin/yosys -e OPENROAD_EXE=/OpenROAD-flow-scripts/tools/install/OpenROAD/bin/openroad -e KLAYOUT_CMD=/usr/bin/klayout -v /home/mispronounced/Code/JayRaj21/OpenROAD-flow-scripts/flow:/work:Z --network host openroad/orfs-ml:latest bash -c 'set -ex; mkdir /tmp/xdg-run; cd /OpenROAD-flow-scripts/flow; if [ -f ../env.sh ]; then . ../env.sh; fi;openroad -python /work/ml/congestion/data_collection/extract_thermal_labels.py --odb /work/results/nangate45/ibex/util_70/3_place.odb --out /work/ml/congestion/data/nangate45_ibex_util_70_thermal_labels.npz'
+ mkdir /tmp/xdg-run
+ cd /OpenROAD-flow-scripts/flow
+ '[' -f ../env.sh ']'
+ . ../env.sh
++ __setpaths
++ [[ linux-gnu == \d\a\r\w\i\n* ]]
++++ readlink -f ../env.sh
+++ dirname /OpenROAD-flow-scripts/env.sh
++ DIR=/OpenROAD-flow-scripts
++ export OPENROAD=/OpenROAD-flow-scripts/tools/OpenROAD
++ OPENROAD=/OpenROAD-flow-scripts/tools/OpenROAD
++ echo 'OPENROAD: /OpenROAD-flow-scripts/tools/OpenROAD'
++ export PATH=/OpenROAD-flow-scripts/tools/install/OpenROAD/bin:/usr/local/bin/wrapped-cc:/usr/local/sbin:/usr/local/bin:/usr/sbin:/usr/bin:/sbin:/bin
++ PATH=/OpenROAD-flow-scripts/tools/install/OpenROAD/bin:/usr/local/bin/wrapped-cc:/usr/local/sbin:/usr/local/bin:/usr/sbin:/usr/bin:/sbin:/bin
OPENROAD: /OpenROAD-flow-scripts/tools/OpenROAD
++ export PATH=/OpenROAD-flow-scripts/tools/install/yosys/bin:/OpenROAD-flow-scripts/tools/install/OpenROAD/bin:/usr/local/bin/wrapped-cc:/usr/local/sbin:/usr/local/bin:/usr/sbin:/usr/bin:/sbin:/bin
++ PATH=/OpenROAD-flow-scripts/tools/install/yosys/bin:/OpenROAD-flow-scripts/tools/install/OpenROAD/bin:/usr/local/bin/wrapped-cc:/usr/local/sbin:/usr/local/bin:/usr/sbin:/usr/bin:/sbin:/bin
++ export PATH=/OpenROAD-flow-scripts/tools/install/kepler-formal/bin:/OpenROAD-flow-scripts/tools/install/yosys/bin:/OpenROAD-flow-scripts/tools/install/OpenROAD/bin:/usr/local/bin/wrapped-cc:/usr/local/sbin:/usr/local/bin:/usr/sbin:/usr/bin:/sbin:/bin
++ PATH=/OpenROAD-flow-scripts/tools/install/kepler-formal/bin:/OpenROAD-flow-scripts/tools/install/yosys/bin:/OpenROAD-flow-scripts/tools/install/OpenROAD/bin:/usr/local/bin/wrapped-cc:/usr/local/sbin:/usr/local/bin:/usr/sbin:/usr/bin:/sbin:/bin
++ [[ linux-gnu == \d\a\r\w\i\n* ]]
++ export FLOW_HOME=/OpenROAD-flow-scripts/flow
++ FLOW_HOME=/OpenROAD-flow-scripts/flow
++ unset -f __setpaths
+ openroad -python /work/ml/congestion/data_collection/extract_thermal_labels.py --odb /work/results/nangate45/ibex/util_70/3_place.odb --out /work/ml/congestion/data/nangate45_ibex_util_70_thermal_labels.npz
OpenROAD 26Q2-1671-g0a1b0872a0 
Features included (+) or not (-): +GPU +GUI +Python
This program is licensed under the BSD-3 license. See the LICENSE file for details.
Components of this program may be licensed under more restrictive licenses which must be honored.
[WARNING ORD-0039] .openroad ignored with -python
[thermal] Reading placement from /work/results/nangate45/ibex/util_70/3_place.odb
[thermal] Die 0.20×0.20 mm is small — using 40×40 HotSpot grid (min cell ≥5.0 µm), upsampling to 64×64 for output
[thermal] Cell-type power breakdown:
          clock:      1 cells (  0.0% count)  →    0.0% weighted power
          seq  :   1937 cells ( 13.1% count)  →   62.2% weighted power
          macro:      0 cells (  0.0% count)  →    0.0% weighted power
          comb :  12893 cells ( 86.9% count)  →   37.8% weighted power
[thermal] Total power: 415.0 mW
[thermal] Running HotSpot (40×40 = 1600 blocks)...
[thermal] Temperature: min=109.1°C  max=111.2°C  peak-to-peak=2.1°C
[thermal] Saved → /work/ml/congestion/data/nangate45_ibex_util_70_thermal_labels.npz
  [OK]   nangate45_ibex_util_70_thermal_labels.npz
=========================================
Design: nangate45_jpeg_ar_05
  [SKIP] features already extracted
  [RUN]  extract_thermal_labels.py (timeout 3600s)
+ DEFAULT_IMAGE=openroad/orfs:latest
+ FLOW_DIR=/OpenROAD-flow-scripts/flow
+ USE_USER=false
+ DRY_RUN=false
+ PORTS=()
+ IMAGE=
+ CMD_ARGS=()
+ [[ 7 -gt 0 ]]
+ case "$1" in
+ CMD_ARGS=("$@")
+ break
+ IMAGE=openroad/orfs-ml:latest
+ get_container_engine
++ docker --version
+ local 'DOCKER_VERSION_STRING=Docker version 29.7.2, build a7dcaa6'
+ [[ Docker version 29.7.2, build a7dcaa6 == *Docker* ]]
+ container_engine=docker
++ pwd
+ WORKSPACE=/home/mispronounced/Code/JayRaj21/OpenROAD-flow-scripts/flow
+ YOSYS_EXE=/OpenROAD-flow-scripts/tools/install/yosys/bin/yosys
+ OPENROAD_EXE=/OpenROAD-flow-scripts/tools/install/OpenROAD/bin/openroad
+ KLAYOUT_CMD=/usr/bin/klayout
+ XSOCK=/tmp/.X11-unix
+ XAUTH=/tmp/.docker.xauth
+ false
+ xauth nlist :0
+ sed -e 's/^..../ffff/'
+ xauth -f /tmp/.docker.xauth nmerge -
+ test -t 0
+ DOCKER_INTERACTIVE=
+ false
+ [[ docker == podman ]]
++ id -u mispronounced
++ id -g mispronounced
+ user_args='-u 1000:1000'
+ user_env=
+ PORT_ARGS=()
+ CMD_STR=
+ [[ 7 -gt 0 ]]
+ CMD_STR='openroad -python /work/ml/congestion/data_collection/extract_thermal_labels.py --odb /work/results/nangate45/jpeg/ar_05/3_place.odb --out /work/ml/congestion/data/nangate45_jpeg_ar_05_thermal_labels.npz'
+ ENV_SH_CMD='if [ -f ../env.sh ]; then . ../env.sh; fi;'
+ DOCKER_CMD=("$container_engine" run --rm -i $DOCKER_INTERACTIVE $user_env $user_args -e LIBGL_ALWAYS_SOFTWARE=1 -e QT_X11_NO_MITSHM=1 -e XDG_RUNTIME_DIR=/tmp/xdg-run -e "DISPLAY=${DISPLAY:-:0}" -e QT_XKB_CONFIG_ROOT=/usr/share/X11/xkb -v "$XSOCK:$XSOCK" -v "$XAUTH:$XAUTH" -e "XAUTHORITY=$XAUTH" -e FLOW_HOME=/OpenROAD-flow-scripts/flow/ -e WORK_HOME=/work -e "YOSYS_EXE=$YOSYS_EXE" -e "OPENROAD_EXE=$OPENROAD_EXE" -e "KLAYOUT_CMD=$KLAYOUT_CMD" -v "$WORKSPACE:/work:Z" --network host "${PORT_ARGS[@]}" "$IMAGE" bash -c "set -ex; mkdir /tmp/xdg-run; cd ${FLOW_DIR}; ${ENV_SH_CMD}$CMD_STR")
+ false
+ exec docker run --rm -i -u 1000:1000 -e LIBGL_ALWAYS_SOFTWARE=1 -e QT_X11_NO_MITSHM=1 -e XDG_RUNTIME_DIR=/tmp/xdg-run -e DISPLAY=:0 -e QT_XKB_CONFIG_ROOT=/usr/share/X11/xkb -v /tmp/.X11-unix:/tmp/.X11-unix -v /tmp/.docker.xauth:/tmp/.docker.xauth -e XAUTHORITY=/tmp/.docker.xauth -e FLOW_HOME=/OpenROAD-flow-scripts/flow/ -e WORK_HOME=/work -e YOSYS_EXE=/OpenROAD-flow-scripts/tools/install/yosys/bin/yosys -e OPENROAD_EXE=/OpenROAD-flow-scripts/tools/install/OpenROAD/bin/openroad -e KLAYOUT_CMD=/usr/bin/klayout -v /home/mispronounced/Code/JayRaj21/OpenROAD-flow-scripts/flow:/work:Z --network host openroad/orfs-ml:latest bash -c 'set -ex; mkdir /tmp/xdg-run; cd /OpenROAD-flow-scripts/flow; if [ -f ../env.sh ]; then . ../env.sh; fi;openroad -python /work/ml/congestion/data_collection/extract_thermal_labels.py --odb /work/results/nangate45/jpeg/ar_05/3_place.odb --out /work/ml/congestion/data/nangate45_jpeg_ar_05_thermal_labels.npz'
+ mkdir /tmp/xdg-run
+ cd /OpenROAD-flow-scripts/flow
+ '[' -f ../env.sh ']'
+ . ../env.sh
++ __setpaths
++ [[ linux-gnu == \d\a\r\w\i\n* ]]
++++ readlink -f ../env.sh
+++ dirname /OpenROAD-flow-scripts/env.sh
++ DIR=/OpenROAD-flow-scripts
++ export OPENROAD=/OpenROAD-flow-scripts/tools/OpenROAD
++ OPENROAD=/OpenROAD-flow-scripts/tools/OpenROAD
++ echo 'OPENROAD: /OpenROAD-flow-scripts/tools/OpenROAD'
OPENROAD: /OpenROAD-flow-scripts/tools/OpenROAD
++ export PATH=/OpenROAD-flow-scripts/tools/install/OpenROAD/bin:/usr/local/bin/wrapped-cc:/usr/local/sbin:/usr/local/bin:/usr/sbin:/usr/bin:/sbin:/bin
++ PATH=/OpenROAD-flow-scripts/tools/install/OpenROAD/bin:/usr/local/bin/wrapped-cc:/usr/local/sbin:/usr/local/bin:/usr/sbin:/usr/bin:/sbin:/bin
++ export PATH=/OpenROAD-flow-scripts/tools/install/yosys/bin:/OpenROAD-flow-scripts/tools/install/OpenROAD/bin:/usr/local/bin/wrapped-cc:/usr/local/sbin:/usr/local/bin:/usr/sbin:/usr/bin:/sbin:/bin
++ PATH=/OpenROAD-flow-scripts/tools/install/yosys/bin:/OpenROAD-flow-scripts/tools/install/OpenROAD/bin:/usr/local/bin/wrapped-cc:/usr/local/sbin:/usr/local/bin:/usr/sbin:/usr/bin:/sbin:/bin
++ export PATH=/OpenROAD-flow-scripts/tools/install/kepler-formal/bin:/OpenROAD-flow-scripts/tools/install/yosys/bin:/OpenROAD-flow-scripts/tools/install/OpenROAD/bin:/usr/local/bin/wrapped-cc:/usr/local/sbin:/usr/local/bin:/usr/sbin:/usr/bin:/sbin:/bin
++ PATH=/OpenROAD-flow-scripts/tools/install/kepler-formal/bin:/OpenROAD-flow-scripts/tools/install/yosys/bin:/OpenROAD-flow-scripts/tools/install/OpenROAD/bin:/usr/local/bin/wrapped-cc:/usr/local/sbin:/usr/local/bin:/usr/sbin:/usr/bin:/sbin:/bin
++ [[ linux-gnu == \d\a\r\w\i\n* ]]
++ export FLOW_HOME=/OpenROAD-flow-scripts/flow
++ FLOW_HOME=/OpenROAD-flow-scripts/flow
++ unset -f __setpaths
+ openroad -python /work/ml/congestion/data_collection/extract_thermal_labels.py --odb /work/results/nangate45/jpeg/ar_05/3_place.odb --out /work/ml/congestion/data/nangate45_jpeg_ar_05_thermal_labels.npz
OpenROAD 26Q2-1671-g0a1b0872a0 
Features included (+) or not (-): +GPU +GUI +Python
This program is licensed under the BSD-3 license. See the LICENSE file for details.
Components of this program may be licensed under more restrictive licenses which must be honored.
[WARNING ORD-0039] .openroad ignored with -python
[thermal] Reading placement from /work/results/nangate45/jpeg/ar_05/3_place.odb
[thermal] Die 0.47×0.23 mm is small — using 46×46 HotSpot grid (min cell ≥5.0 µm), upsampling to 64×64 for output
[thermal] Cell-type power breakdown:
          clock:      2 cells (  0.0% count)  →    0.0% weighted power
          seq  :   4384 cells (  7.4% count)  →   46.1% weighted power
          macro:      0 cells (  0.0% count)  →    0.0% weighted power
          comb :  54743 cells ( 92.6% count)  →   53.9% weighted power
[thermal] Total power: 1098.4 mW
[thermal] Running HotSpot (46×46 = 2116 blocks)...
[thermal] Temperature: min=109.3°C  max=112.3°C  peak-to-peak=2.9°C
[thermal] Saved → /work/ml/congestion/data/nangate45_jpeg_ar_05_thermal_labels.npz
  [OK]   nangate45_jpeg_ar_05_thermal_labels.npz
=========================================
Design: nangate45_jpeg_ar_15
  [SKIP] features already extracted
  [RUN]  extract_thermal_labels.py (timeout 3600s)
+ DEFAULT_IMAGE=openroad/orfs:latest
+ FLOW_DIR=/OpenROAD-flow-scripts/flow
+ USE_USER=false
+ DRY_RUN=false
+ PORTS=()
+ IMAGE=
+ CMD_ARGS=()
+ [[ 7 -gt 0 ]]
+ case "$1" in
+ CMD_ARGS=("$@")
+ break
+ IMAGE=openroad/orfs-ml:latest
+ get_container_engine
++ docker --version
+ local 'DOCKER_VERSION_STRING=Docker version 29.7.2, build a7dcaa6'
+ [[ Docker version 29.7.2, build a7dcaa6 == *Docker* ]]
+ container_engine=docker
++ pwd
+ WORKSPACE=/home/mispronounced/Code/JayRaj21/OpenROAD-flow-scripts/flow
+ YOSYS_EXE=/OpenROAD-flow-scripts/tools/install/yosys/bin/yosys
+ OPENROAD_EXE=/OpenROAD-flow-scripts/tools/install/OpenROAD/bin/openroad
+ KLAYOUT_CMD=/usr/bin/klayout
+ XSOCK=/tmp/.X11-unix
+ XAUTH=/tmp/.docker.xauth
+ false
+ xauth nlist :0
+ sed -e 's/^..../ffff/'
+ xauth -f /tmp/.docker.xauth nmerge -
+ test -t 0
+ DOCKER_INTERACTIVE=
+ false
+ [[ docker == podman ]]
++ id -u mispronounced
++ id -g mispronounced
+ user_args='-u 1000:1000'
+ user_env=
+ PORT_ARGS=()
+ CMD_STR=
+ [[ 7 -gt 0 ]]
+ CMD_STR='openroad -python /work/ml/congestion/data_collection/extract_thermal_labels.py --odb /work/results/nangate45/jpeg/ar_15/3_place.odb --out /work/ml/congestion/data/nangate45_jpeg_ar_15_thermal_labels.npz'
+ ENV_SH_CMD='if [ -f ../env.sh ]; then . ../env.sh; fi;'
+ DOCKER_CMD=("$container_engine" run --rm -i $DOCKER_INTERACTIVE $user_env $user_args -e LIBGL_ALWAYS_SOFTWARE=1 -e QT_X11_NO_MITSHM=1 -e XDG_RUNTIME_DIR=/tmp/xdg-run -e "DISPLAY=${DISPLAY:-:0}" -e QT_XKB_CONFIG_ROOT=/usr/share/X11/xkb -v "$XSOCK:$XSOCK" -v "$XAUTH:$XAUTH" -e "XAUTHORITY=$XAUTH" -e FLOW_HOME=/OpenROAD-flow-scripts/flow/ -e WORK_HOME=/work -e "YOSYS_EXE=$YOSYS_EXE" -e "OPENROAD_EXE=$OPENROAD_EXE" -e "KLAYOUT_CMD=$KLAYOUT_CMD" -v "$WORKSPACE:/work:Z" --network host "${PORT_ARGS[@]}" "$IMAGE" bash -c "set -ex; mkdir /tmp/xdg-run; cd ${FLOW_DIR}; ${ENV_SH_CMD}$CMD_STR")
+ false
+ exec docker run --rm -i -u 1000:1000 -e LIBGL_ALWAYS_SOFTWARE=1 -e QT_X11_NO_MITSHM=1 -e XDG_RUNTIME_DIR=/tmp/xdg-run -e DISPLAY=:0 -e QT_XKB_CONFIG_ROOT=/usr/share/X11/xkb -v /tmp/.X11-unix:/tmp/.X11-unix -v /tmp/.docker.xauth:/tmp/.docker.xauth -e XAUTHORITY=/tmp/.docker.xauth -e FLOW_HOME=/OpenROAD-flow-scripts/flow/ -e WORK_HOME=/work -e YOSYS_EXE=/OpenROAD-flow-scripts/tools/install/yosys/bin/yosys -e OPENROAD_EXE=/OpenROAD-flow-scripts/tools/install/OpenROAD/bin/openroad -e KLAYOUT_CMD=/usr/bin/klayout -v /home/mispronounced/Code/JayRaj21/OpenROAD-flow-scripts/flow:/work:Z --network host openroad/orfs-ml:latest bash -c 'set -ex; mkdir /tmp/xdg-run; cd /OpenROAD-flow-scripts/flow; if [ -f ../env.sh ]; then . ../env.sh; fi;openroad -python /work/ml/congestion/data_collection/extract_thermal_labels.py --odb /work/results/nangate45/jpeg/ar_15/3_place.odb --out /work/ml/congestion/data/nangate45_jpeg_ar_15_thermal_labels.npz'
+ mkdir /tmp/xdg-run
+ cd /OpenROAD-flow-scripts/flow
+ '[' -f ../env.sh ']'
+ . ../env.sh
++ __setpaths
++ [[ linux-gnu == \d\a\r\w\i\n* ]]
++++ readlink -f ../env.sh
+++ dirname /OpenROAD-flow-scripts/env.sh
++ DIR=/OpenROAD-flow-scripts
++ export OPENROAD=/OpenROAD-flow-scripts/tools/OpenROAD
++ OPENROAD=/OpenROAD-flow-scripts/tools/OpenROAD
OPENROAD: /OpenROAD-flow-scripts/tools/OpenROAD
++ echo 'OPENROAD: /OpenROAD-flow-scripts/tools/OpenROAD'
++ export PATH=/OpenROAD-flow-scripts/tools/install/OpenROAD/bin:/usr/local/bin/wrapped-cc:/usr/local/sbin:/usr/local/bin:/usr/sbin:/usr/bin:/sbin:/bin
++ PATH=/OpenROAD-flow-scripts/tools/install/OpenROAD/bin:/usr/local/bin/wrapped-cc:/usr/local/sbin:/usr/local/bin:/usr/sbin:/usr/bin:/sbin:/bin
++ export PATH=/OpenROAD-flow-scripts/tools/install/yosys/bin:/OpenROAD-flow-scripts/tools/install/OpenROAD/bin:/usr/local/bin/wrapped-cc:/usr/local/sbin:/usr/local/bin:/usr/sbin:/usr/bin:/sbin:/bin
++ PATH=/OpenROAD-flow-scripts/tools/install/yosys/bin:/OpenROAD-flow-scripts/tools/install/OpenROAD/bin:/usr/local/bin/wrapped-cc:/usr/local/sbin:/usr/local/bin:/usr/sbin:/usr/bin:/sbin:/bin
++ export PATH=/OpenROAD-flow-scripts/tools/install/kepler-formal/bin:/OpenROAD-flow-scripts/tools/install/yosys/bin:/OpenROAD-flow-scripts/tools/install/OpenROAD/bin:/usr/local/bin/wrapped-cc:/usr/local/sbin:/usr/local/bin:/usr/sbin:/usr/bin:/sbin:/bin
++ PATH=/OpenROAD-flow-scripts/tools/install/kepler-formal/bin:/OpenROAD-flow-scripts/tools/install/yosys/bin:/OpenROAD-flow-scripts/tools/install/OpenROAD/bin:/usr/local/bin/wrapped-cc:/usr/local/sbin:/usr/local/bin:/usr/sbin:/usr/bin:/sbin:/bin
++ [[ linux-gnu == \d\a\r\w\i\n* ]]
++ export FLOW_HOME=/OpenROAD-flow-scripts/flow
++ FLOW_HOME=/OpenROAD-flow-scripts/flow
++ unset -f __setpaths
+ openroad -python /work/ml/congestion/data_collection/extract_thermal_labels.py --odb /work/results/nangate45/jpeg/ar_15/3_place.odb --out /work/ml/congestion/data/nangate45_jpeg_ar_15_thermal_labels.npz
OpenROAD 26Q2-1671-g0a1b0872a0 
Features included (+) or not (-): +GPU +GUI +Python
This program is licensed under the BSD-3 license. See the LICENSE file for details.
Components of this program may be licensed under more restrictive licenses which must be honored.
[WARNING ORD-0039] .openroad ignored with -python
[thermal] Reading placement from /work/results/nangate45/jpeg/ar_15/3_place.odb
[thermal] Die 0.27×0.41 mm is small — using 54×54 HotSpot grid (min cell ≥5.0 µm), upsampling to 64×64 for output
[thermal] Cell-type power breakdown:
          clock:      2 cells (  0.0% count)  →    0.0% weighted power
          seq  :   4384 cells (  7.4% count)  →   46.1% weighted power
          macro:      0 cells (  0.0% count)  →    0.0% weighted power
          comb :  55033 cells ( 92.6% count)  →   53.9% weighted power
[thermal] Total power: 1097.8 mW
[thermal] Running HotSpot (54×54 = 2916 blocks)...
[thermal] Temperature: min=109.9°C  max=112.2°C  peak-to-peak=2.3°C
[thermal] Saved → /work/ml/congestion/data/nangate45_jpeg_ar_15_thermal_labels.npz
  [OK]   nangate45_jpeg_ar_15_thermal_labels.npz
=========================================
Design: nangate45_jpeg_ar_20
  [SKIP] features already extracted
  [RUN]  extract_thermal_labels.py (timeout 3600s)
+ DEFAULT_IMAGE=openroad/orfs:latest
+ FLOW_DIR=/OpenROAD-flow-scripts/flow
+ USE_USER=false
+ DRY_RUN=false
+ PORTS=()
+ IMAGE=
+ CMD_ARGS=()
+ [[ 7 -gt 0 ]]
+ case "$1" in
+ CMD_ARGS=("$@")
+ break
+ IMAGE=openroad/orfs-ml:latest
+ get_container_engine
++ docker --version
+ local 'DOCKER_VERSION_STRING=Docker version 29.7.2, build a7dcaa6'
+ [[ Docker version 29.7.2, build a7dcaa6 == *Docker* ]]
+ container_engine=docker
++ pwd
+ WORKSPACE=/home/mispronounced/Code/JayRaj21/OpenROAD-flow-scripts/flow
+ YOSYS_EXE=/OpenROAD-flow-scripts/tools/install/yosys/bin/yosys
+ OPENROAD_EXE=/OpenROAD-flow-scripts/tools/install/OpenROAD/bin/openroad
+ KLAYOUT_CMD=/usr/bin/klayout
+ XSOCK=/tmp/.X11-unix
+ XAUTH=/tmp/.docker.xauth
+ false
+ xauth nlist :0
+ sed -e 's/^..../ffff/'
+ xauth -f /tmp/.docker.xauth nmerge -
+ test -t 0
+ DOCKER_INTERACTIVE=
+ false
+ [[ docker == podman ]]
++ id -u mispronounced
++ id -g mispronounced
+ user_args='-u 1000:1000'
+ user_env=
+ PORT_ARGS=()
+ CMD_STR=
+ [[ 7 -gt 0 ]]
+ CMD_STR='openroad -python /work/ml/congestion/data_collection/extract_thermal_labels.py --odb /work/results/nangate45/jpeg/ar_20/3_place.odb --out /work/ml/congestion/data/nangate45_jpeg_ar_20_thermal_labels.npz'
+ ENV_SH_CMD='if [ -f ../env.sh ]; then . ../env.sh; fi;'
+ DOCKER_CMD=("$container_engine" run --rm -i $DOCKER_INTERACTIVE $user_env $user_args -e LIBGL_ALWAYS_SOFTWARE=1 -e QT_X11_NO_MITSHM=1 -e XDG_RUNTIME_DIR=/tmp/xdg-run -e "DISPLAY=${DISPLAY:-:0}" -e QT_XKB_CONFIG_ROOT=/usr/share/X11/xkb -v "$XSOCK:$XSOCK" -v "$XAUTH:$XAUTH" -e "XAUTHORITY=$XAUTH" -e FLOW_HOME=/OpenROAD-flow-scripts/flow/ -e WORK_HOME=/work -e "YOSYS_EXE=$YOSYS_EXE" -e "OPENROAD_EXE=$OPENROAD_EXE" -e "KLAYOUT_CMD=$KLAYOUT_CMD" -v "$WORKSPACE:/work:Z" --network host "${PORT_ARGS[@]}" "$IMAGE" bash -c "set -ex; mkdir /tmp/xdg-run; cd ${FLOW_DIR}; ${ENV_SH_CMD}$CMD_STR")
+ false
+ exec docker run --rm -i -u 1000:1000 -e LIBGL_ALWAYS_SOFTWARE=1 -e QT_X11_NO_MITSHM=1 -e XDG_RUNTIME_DIR=/tmp/xdg-run -e DISPLAY=:0 -e QT_XKB_CONFIG_ROOT=/usr/share/X11/xkb -v /tmp/.X11-unix:/tmp/.X11-unix -v /tmp/.docker.xauth:/tmp/.docker.xauth -e XAUTHORITY=/tmp/.docker.xauth -e FLOW_HOME=/OpenROAD-flow-scripts/flow/ -e WORK_HOME=/work -e YOSYS_EXE=/OpenROAD-flow-scripts/tools/install/yosys/bin/yosys -e OPENROAD_EXE=/OpenROAD-flow-scripts/tools/install/OpenROAD/bin/openroad -e KLAYOUT_CMD=/usr/bin/klayout -v /home/mispronounced/Code/JayRaj21/OpenROAD-flow-scripts/flow:/work:Z --network host openroad/orfs-ml:latest bash -c 'set -ex; mkdir /tmp/xdg-run; cd /OpenROAD-flow-scripts/flow; if [ -f ../env.sh ]; then . ../env.sh; fi;openroad -python /work/ml/congestion/data_collection/extract_thermal_labels.py --odb /work/results/nangate45/jpeg/ar_20/3_place.odb --out /work/ml/congestion/data/nangate45_jpeg_ar_20_thermal_labels.npz'
+ mkdir /tmp/xdg-run
+ cd /OpenROAD-flow-scripts/flow
+ '[' -f ../env.sh ']'
+ . ../env.sh
++ __setpaths
++ [[ linux-gnu == \d\a\r\w\i\n* ]]
++++ readlink -f ../env.sh
+++ dirname /OpenROAD-flow-scripts/env.sh
++ DIR=/OpenROAD-flow-scripts
++ export OPENROAD=/OpenROAD-flow-scripts/tools/OpenROAD
++ OPENROAD=/OpenROAD-flow-scripts/tools/OpenROAD
++ echo 'OPENROAD: /OpenROAD-flow-scripts/tools/OpenROAD'
OPENROAD: /OpenROAD-flow-scripts/tools/OpenROAD
++ export PATH=/OpenROAD-flow-scripts/tools/install/OpenROAD/bin:/usr/local/bin/wrapped-cc:/usr/local/sbin:/usr/local/bin:/usr/sbin:/usr/bin:/sbin:/bin
++ PATH=/OpenROAD-flow-scripts/tools/install/OpenROAD/bin:/usr/local/bin/wrapped-cc:/usr/local/sbin:/usr/local/bin:/usr/sbin:/usr/bin:/sbin:/bin
++ export PATH=/OpenROAD-flow-scripts/tools/install/yosys/bin:/OpenROAD-flow-scripts/tools/install/OpenROAD/bin:/usr/local/bin/wrapped-cc:/usr/local/sbin:/usr/local/bin:/usr/sbin:/usr/bin:/sbin:/bin
++ PATH=/OpenROAD-flow-scripts/tools/install/yosys/bin:/OpenROAD-flow-scripts/tools/install/OpenROAD/bin:/usr/local/bin/wrapped-cc:/usr/local/sbin:/usr/local/bin:/usr/sbin:/usr/bin:/sbin:/bin
++ export PATH=/OpenROAD-flow-scripts/tools/install/kepler-formal/bin:/OpenROAD-flow-scripts/tools/install/yosys/bin:/OpenROAD-flow-scripts/tools/install/OpenROAD/bin:/usr/local/bin/wrapped-cc:/usr/local/sbin:/usr/local/bin:/usr/sbin:/usr/bin:/sbin:/bin
++ PATH=/OpenROAD-flow-scripts/tools/install/kepler-formal/bin:/OpenROAD-flow-scripts/tools/install/yosys/bin:/OpenROAD-flow-scripts/tools/install/OpenROAD/bin:/usr/local/bin/wrapped-cc:/usr/local/sbin:/usr/local/bin:/usr/sbin:/usr/bin:/sbin:/bin
++ [[ linux-gnu == \d\a\r\w\i\n* ]]
++ export FLOW_HOME=/OpenROAD-flow-scripts/flow
++ FLOW_HOME=/OpenROAD-flow-scripts/flow
++ unset -f __setpaths
+ openroad -python /work/ml/congestion/data_collection/extract_thermal_labels.py --odb /work/results/nangate45/jpeg/ar_20/3_place.odb --out /work/ml/congestion/data/nangate45_jpeg_ar_20_thermal_labels.npz
OpenROAD 26Q2-1671-g0a1b0872a0 
Features included (+) or not (-): +GPU +GUI +Python
This program is licensed under the BSD-3 license. See the LICENSE file for details.
Components of this program may be licensed under more restrictive licenses which must be honored.
[WARNING ORD-0039] .openroad ignored with -python
[thermal] Reading placement from /work/results/nangate45/jpeg/ar_20/3_place.odb
[thermal] Die 0.23×0.47 mm is small — using 46×46 HotSpot grid (min cell ≥5.0 µm), upsampling to 64×64 for output
[thermal] Cell-type power breakdown:
          clock:      2 cells (  0.0% count)  →    0.0% weighted power
          seq  :   4384 cells (  7.4% count)  →   46.0% weighted power
          macro:      0 cells (  0.0% count)  →    0.0% weighted power
          comb :  55200 cells ( 92.6% count)  →   54.0% weighted power
[thermal] Total power: 1098.4 mW
[thermal] Running HotSpot (46×46 = 2116 blocks)...
[thermal] Temperature: min=110.0°C  max=112.1°C  peak-to-peak=2.1°C
[thermal] Saved → /work/ml/congestion/data/nangate45_jpeg_ar_20_thermal_labels.npz
  [OK]   nangate45_jpeg_ar_20_thermal_labels.npz
=========================================
Design: nangate45_jpeg_base
  [SKIP] features already extracted
  [RUN]  extract_thermal_labels.py (timeout 3600s)
+ DEFAULT_IMAGE=openroad/orfs:latest
+ FLOW_DIR=/OpenROAD-flow-scripts/flow
+ USE_USER=false
+ DRY_RUN=false
+ PORTS=()
+ IMAGE=
+ CMD_ARGS=()
+ [[ 7 -gt 0 ]]
+ case "$1" in
+ CMD_ARGS=("$@")
+ break
+ IMAGE=openroad/orfs-ml:latest
+ get_container_engine
++ docker --version
+ local 'DOCKER_VERSION_STRING=Docker version 29.7.2, build a7dcaa6'
+ [[ Docker version 29.7.2, build a7dcaa6 == *Docker* ]]
+ container_engine=docker
++ pwd
+ WORKSPACE=/home/mispronounced/Code/JayRaj21/OpenROAD-flow-scripts/flow
+ YOSYS_EXE=/OpenROAD-flow-scripts/tools/install/yosys/bin/yosys
+ OPENROAD_EXE=/OpenROAD-flow-scripts/tools/install/OpenROAD/bin/openroad
+ KLAYOUT_CMD=/usr/bin/klayout
+ XSOCK=/tmp/.X11-unix
+ XAUTH=/tmp/.docker.xauth
+ false
+ xauth nlist :0
+ sed -e 's/^..../ffff/'
+ xauth -f /tmp/.docker.xauth nmerge -
+ test -t 0
+ DOCKER_INTERACTIVE=
+ false
+ [[ docker == podman ]]
++ id -u mispronounced
++ id -g mispronounced
+ user_args='-u 1000:1000'
+ user_env=
+ PORT_ARGS=()
+ CMD_STR=
+ [[ 7 -gt 0 ]]
+ CMD_STR='openroad -python /work/ml/congestion/data_collection/extract_thermal_labels.py --odb /work/results/nangate45/jpeg/base/3_place.odb --out /work/ml/congestion/data/nangate45_jpeg_base_thermal_labels.npz'
+ ENV_SH_CMD='if [ -f ../env.sh ]; then . ../env.sh; fi;'
+ DOCKER_CMD=("$container_engine" run --rm -i $DOCKER_INTERACTIVE $user_env $user_args -e LIBGL_ALWAYS_SOFTWARE=1 -e QT_X11_NO_MITSHM=1 -e XDG_RUNTIME_DIR=/tmp/xdg-run -e "DISPLAY=${DISPLAY:-:0}" -e QT_XKB_CONFIG_ROOT=/usr/share/X11/xkb -v "$XSOCK:$XSOCK" -v "$XAUTH:$XAUTH" -e "XAUTHORITY=$XAUTH" -e FLOW_HOME=/OpenROAD-flow-scripts/flow/ -e WORK_HOME=/work -e "YOSYS_EXE=$YOSYS_EXE" -e "OPENROAD_EXE=$OPENROAD_EXE" -e "KLAYOUT_CMD=$KLAYOUT_CMD" -v "$WORKSPACE:/work:Z" --network host "${PORT_ARGS[@]}" "$IMAGE" bash -c "set -ex; mkdir /tmp/xdg-run; cd ${FLOW_DIR}; ${ENV_SH_CMD}$CMD_STR")
+ false
+ exec docker run --rm -i -u 1000:1000 -e LIBGL_ALWAYS_SOFTWARE=1 -e QT_X11_NO_MITSHM=1 -e XDG_RUNTIME_DIR=/tmp/xdg-run -e DISPLAY=:0 -e QT_XKB_CONFIG_ROOT=/usr/share/X11/xkb -v /tmp/.X11-unix:/tmp/.X11-unix -v /tmp/.docker.xauth:/tmp/.docker.xauth -e XAUTHORITY=/tmp/.docker.xauth -e FLOW_HOME=/OpenROAD-flow-scripts/flow/ -e WORK_HOME=/work -e YOSYS_EXE=/OpenROAD-flow-scripts/tools/install/yosys/bin/yosys -e OPENROAD_EXE=/OpenROAD-flow-scripts/tools/install/OpenROAD/bin/openroad -e KLAYOUT_CMD=/usr/bin/klayout -v /home/mispronounced/Code/JayRaj21/OpenROAD-flow-scripts/flow:/work:Z --network host openroad/orfs-ml:latest bash -c 'set -ex; mkdir /tmp/xdg-run; cd /OpenROAD-flow-scripts/flow; if [ -f ../env.sh ]; then . ../env.sh; fi;openroad -python /work/ml/congestion/data_collection/extract_thermal_labels.py --odb /work/results/nangate45/jpeg/base/3_place.odb --out /work/ml/congestion/data/nangate45_jpeg_base_thermal_labels.npz'
+ mkdir /tmp/xdg-run
+ cd /OpenROAD-flow-scripts/flow
+ '[' -f ../env.sh ']'
+ . ../env.sh
++ __setpaths
++ [[ linux-gnu == \d\a\r\w\i\n* ]]
++++ readlink -f ../env.sh
+++ dirname /OpenROAD-flow-scripts/env.sh
++ DIR=/OpenROAD-flow-scripts
++ export OPENROAD=/OpenROAD-flow-scripts/tools/OpenROAD
++ OPENROAD=/OpenROAD-flow-scripts/tools/OpenROAD
++ echo 'OPENROAD: /OpenROAD-flow-scripts/tools/OpenROAD'
OPENROAD: /OpenROAD-flow-scripts/tools/OpenROAD
++ export PATH=/OpenROAD-flow-scripts/tools/install/OpenROAD/bin:/usr/local/bin/wrapped-cc:/usr/local/sbin:/usr/local/bin:/usr/sbin:/usr/bin:/sbin:/bin
++ PATH=/OpenROAD-flow-scripts/tools/install/OpenROAD/bin:/usr/local/bin/wrapped-cc:/usr/local/sbin:/usr/local/bin:/usr/sbin:/usr/bin:/sbin:/bin
++ export PATH=/OpenROAD-flow-scripts/tools/install/yosys/bin:/OpenROAD-flow-scripts/tools/install/OpenROAD/bin:/usr/local/bin/wrapped-cc:/usr/local/sbin:/usr/local/bin:/usr/sbin:/usr/bin:/sbin:/bin
++ PATH=/OpenROAD-flow-scripts/tools/install/yosys/bin:/OpenROAD-flow-scripts/tools/install/OpenROAD/bin:/usr/local/bin/wrapped-cc:/usr/local/sbin:/usr/local/bin:/usr/sbin:/usr/bin:/sbin:/bin
++ export PATH=/OpenROAD-flow-scripts/tools/install/kepler-formal/bin:/OpenROAD-flow-scripts/tools/install/yosys/bin:/OpenROAD-flow-scripts/tools/install/OpenROAD/bin:/usr/local/bin/wrapped-cc:/usr/local/sbin:/usr/local/bin:/usr/sbin:/usr/bin:/sbin:/bin
++ PATH=/OpenROAD-flow-scripts/tools/install/kepler-formal/bin:/OpenROAD-flow-scripts/tools/install/yosys/bin:/OpenROAD-flow-scripts/tools/install/OpenROAD/bin:/usr/local/bin/wrapped-cc:/usr/local/sbin:/usr/local/bin:/usr/sbin:/usr/bin:/sbin:/bin
++ [[ linux-gnu == \d\a\r\w\i\n* ]]
++ export FLOW_HOME=/OpenROAD-flow-scripts/flow
++ FLOW_HOME=/OpenROAD-flow-scripts/flow
++ unset -f __setpaths
+ openroad -python /work/ml/congestion/data_collection/extract_thermal_labels.py --odb /work/results/nangate45/jpeg/base/3_place.odb --out /work/ml/congestion/data/nangate45_jpeg_base_thermal_labels.npz
OpenROAD 26Q2-1671-g0a1b0872a0 
Features included (+) or not (-): +GPU +GUI +Python
This program is licensed under the BSD-3 license. See the LICENSE file for details.
Components of this program may be licensed under more restrictive licenses which must be honored.
[WARNING ORD-0039] .openroad ignored with -python
[thermal] Reading placement from /work/results/nangate45/jpeg/base/3_place.odb
[thermal] Die: 0.33×0.33 mm  (0.1098 mm²)  Grid: 64×64
[thermal] Cell-type power breakdown:
          clock:      2 cells (  0.0% count)  →    0.0% weighted power
          seq  :   4384 cells (  7.4% count)  →   46.1% weighted power
          macro:      0 cells (  0.0% count)  →    0.0% weighted power
          comb :  54841 cells ( 92.6% count)  →   53.9% weighted power
[thermal] Total power: 1097.6 mW
[thermal] Running HotSpot (64×64 = 4096 blocks)...
[thermal] Temperature: min=109.8°C  max=112.0°C  peak-to-peak=2.2°C
[thermal] Saved → /work/ml/congestion/data/nangate45_jpeg_base_thermal_labels.npz
  [OK]   nangate45_jpeg_base_thermal_labels.npz
=========================================
Design: nangate45_jpeg_hi_util
  [SKIP] features already extracted
  [RUN]  extract_thermal_labels.py (timeout 3600s)
+ DEFAULT_IMAGE=openroad/orfs:latest
+ FLOW_DIR=/OpenROAD-flow-scripts/flow
+ USE_USER=false
+ DRY_RUN=false
+ PORTS=()
+ IMAGE=
+ CMD_ARGS=()
+ [[ 7 -gt 0 ]]
+ case "$1" in
+ CMD_ARGS=("$@")
+ break
+ IMAGE=openroad/orfs-ml:latest
+ get_container_engine
++ docker --version
+ local 'DOCKER_VERSION_STRING=Docker version 29.7.2, build a7dcaa6'
+ [[ Docker version 29.7.2, build a7dcaa6 == *Docker* ]]
+ container_engine=docker
++ pwd
+ WORKSPACE=/home/mispronounced/Code/JayRaj21/OpenROAD-flow-scripts/flow
+ YOSYS_EXE=/OpenROAD-flow-scripts/tools/install/yosys/bin/yosys
+ OPENROAD_EXE=/OpenROAD-flow-scripts/tools/install/OpenROAD/bin/openroad
+ KLAYOUT_CMD=/usr/bin/klayout
+ XSOCK=/tmp/.X11-unix
+ XAUTH=/tmp/.docker.xauth
+ false
+ xauth nlist :0
+ sed -e 's/^..../ffff/'
+ xauth -f /tmp/.docker.xauth nmerge -
+ test -t 0
+ DOCKER_INTERACTIVE=
+ false
+ [[ docker == podman ]]
++ id -u mispronounced
++ id -g mispronounced
+ user_args='-u 1000:1000'
+ user_env=
+ PORT_ARGS=()
+ CMD_STR=
+ [[ 7 -gt 0 ]]
+ CMD_STR='openroad -python /work/ml/congestion/data_collection/extract_thermal_labels.py --odb /work/results/nangate45/jpeg/hi_util/3_place.odb --out /work/ml/congestion/data/nangate45_jpeg_hi_util_thermal_labels.npz'
+ ENV_SH_CMD='if [ -f ../env.sh ]; then . ../env.sh; fi;'
+ DOCKER_CMD=("$container_engine" run --rm -i $DOCKER_INTERACTIVE $user_env $user_args -e LIBGL_ALWAYS_SOFTWARE=1 -e QT_X11_NO_MITSHM=1 -e XDG_RUNTIME_DIR=/tmp/xdg-run -e "DISPLAY=${DISPLAY:-:0}" -e QT_XKB_CONFIG_ROOT=/usr/share/X11/xkb -v "$XSOCK:$XSOCK" -v "$XAUTH:$XAUTH" -e "XAUTHORITY=$XAUTH" -e FLOW_HOME=/OpenROAD-flow-scripts/flow/ -e WORK_HOME=/work -e "YOSYS_EXE=$YOSYS_EXE" -e "OPENROAD_EXE=$OPENROAD_EXE" -e "KLAYOUT_CMD=$KLAYOUT_CMD" -v "$WORKSPACE:/work:Z" --network host "${PORT_ARGS[@]}" "$IMAGE" bash -c "set -ex; mkdir /tmp/xdg-run; cd ${FLOW_DIR}; ${ENV_SH_CMD}$CMD_STR")
+ false
+ exec docker run --rm -i -u 1000:1000 -e LIBGL_ALWAYS_SOFTWARE=1 -e QT_X11_NO_MITSHM=1 -e XDG_RUNTIME_DIR=/tmp/xdg-run -e DISPLAY=:0 -e QT_XKB_CONFIG_ROOT=/usr/share/X11/xkb -v /tmp/.X11-unix:/tmp/.X11-unix -v /tmp/.docker.xauth:/tmp/.docker.xauth -e XAUTHORITY=/tmp/.docker.xauth -e FLOW_HOME=/OpenROAD-flow-scripts/flow/ -e WORK_HOME=/work -e YOSYS_EXE=/OpenROAD-flow-scripts/tools/install/yosys/bin/yosys -e OPENROAD_EXE=/OpenROAD-flow-scripts/tools/install/OpenROAD/bin/openroad -e KLAYOUT_CMD=/usr/bin/klayout -v /home/mispronounced/Code/JayRaj21/OpenROAD-flow-scripts/flow:/work:Z --network host openroad/orfs-ml:latest bash -c 'set -ex; mkdir /tmp/xdg-run; cd /OpenROAD-flow-scripts/flow; if [ -f ../env.sh ]; then . ../env.sh; fi;openroad -python /work/ml/congestion/data_collection/extract_thermal_labels.py --odb /work/results/nangate45/jpeg/hi_util/3_place.odb --out /work/ml/congestion/data/nangate45_jpeg_hi_util_thermal_labels.npz'
+ mkdir /tmp/xdg-run
+ cd /OpenROAD-flow-scripts/flow
+ '[' -f ../env.sh ']'
+ . ../env.sh
++ __setpaths
++ [[ linux-gnu == \d\a\r\w\i\n* ]]
++++ readlink -f ../env.sh
+++ dirname /OpenROAD-flow-scripts/env.sh
++ DIR=/OpenROAD-flow-scripts
++ export OPENROAD=/OpenROAD-flow-scripts/tools/OpenROAD
++ OPENROAD=/OpenROAD-flow-scripts/tools/OpenROAD
++ echo 'OPENROAD: /OpenROAD-flow-scripts/tools/OpenROAD'
++ export PATH=/OpenROAD-flow-scripts/tools/install/OpenROAD/bin:/usr/local/bin/wrapped-cc:/usr/local/sbin:/usr/local/bin:/usr/sbin:/usr/bin:/sbin:/bin
++ PATH=/OpenROAD-flow-scripts/tools/install/OpenROAD/bin:/usr/local/bin/wrapped-cc:/usr/local/sbin:/usr/local/bin:/usr/sbin:/usr/bin:/sbin:/bin
OPENROAD: /OpenROAD-flow-scripts/tools/OpenROAD
++ export PATH=/OpenROAD-flow-scripts/tools/install/yosys/bin:/OpenROAD-flow-scripts/tools/install/OpenROAD/bin:/usr/local/bin/wrapped-cc:/usr/local/sbin:/usr/local/bin:/usr/sbin:/usr/bin:/sbin:/bin
++ PATH=/OpenROAD-flow-scripts/tools/install/yosys/bin:/OpenROAD-flow-scripts/tools/install/OpenROAD/bin:/usr/local/bin/wrapped-cc:/usr/local/sbin:/usr/local/bin:/usr/sbin:/usr/bin:/sbin:/bin
++ export PATH=/OpenROAD-flow-scripts/tools/install/kepler-formal/bin:/OpenROAD-flow-scripts/tools/install/yosys/bin:/OpenROAD-flow-scripts/tools/install/OpenROAD/bin:/usr/local/bin/wrapped-cc:/usr/local/sbin:/usr/local/bin:/usr/sbin:/usr/bin:/sbin:/bin
++ PATH=/OpenROAD-flow-scripts/tools/install/kepler-formal/bin:/OpenROAD-flow-scripts/tools/install/yosys/bin:/OpenROAD-flow-scripts/tools/install/OpenROAD/bin:/usr/local/bin/wrapped-cc:/usr/local/sbin:/usr/local/bin:/usr/sbin:/usr/bin:/sbin:/bin
++ [[ linux-gnu == \d\a\r\w\i\n* ]]
++ export FLOW_HOME=/OpenROAD-flow-scripts/flow
++ FLOW_HOME=/OpenROAD-flow-scripts/flow
++ unset -f __setpaths
+ openroad -python /work/ml/congestion/data_collection/extract_thermal_labels.py --odb /work/results/nangate45/jpeg/hi_util/3_place.odb --out /work/ml/congestion/data/nangate45_jpeg_hi_util_thermal_labels.npz
OpenROAD 26Q2-1671-g0a1b0872a0 
Features included (+) or not (-): +GPU +GUI +Python
This program is licensed under the BSD-3 license. See the LICENSE file for details.
Components of this program may be licensed under more restrictive licenses which must be honored.
[WARNING ORD-0039] .openroad ignored with -python
[thermal] Reading placement from /work/results/nangate45/jpeg/hi_util/3_place.odb
[thermal] Die 0.31×0.31 mm is small — using 62×62 HotSpot grid (min cell ≥5.0 µm), upsampling to 64×64 for output
[thermal] Cell-type power breakdown:
          clock:      2 cells (  0.0% count)  →    0.0% weighted power
          seq  :   4384 cells (  7.4% count)  →   46.2% weighted power
          macro:      0 cells (  0.0% count)  →    0.0% weighted power
          comb :  54729 cells ( 92.6% count)  →   53.8% weighted power
[thermal] Total power: 976.3 mW
[thermal] Running HotSpot (62×62 = 3844 blocks)...
[thermal] Temperature: min=110.1°C  max=111.7°C  peak-to-peak=1.7°C
[thermal] Saved → /work/ml/congestion/data/nangate45_jpeg_hi_util_thermal_labels.npz
  [OK]   nangate45_jpeg_hi_util_thermal_labels.npz
=========================================
Design: nangate45_jpeg_pipeline_88
  [SKIP] features already extracted
  [RUN]  extract_thermal_labels.py (timeout 3600s)
+ DEFAULT_IMAGE=openroad/orfs:latest
+ FLOW_DIR=/OpenROAD-flow-scripts/flow
+ USE_USER=false
+ DRY_RUN=false
+ PORTS=()
+ IMAGE=
+ CMD_ARGS=()
+ [[ 7 -gt 0 ]]
+ case "$1" in
+ CMD_ARGS=("$@")
+ break
+ IMAGE=openroad/orfs-ml:latest
+ get_container_engine
++ docker --version
+ local 'DOCKER_VERSION_STRING=Docker version 29.7.2, build a7dcaa6'
+ [[ Docker version 29.7.2, build a7dcaa6 == *Docker* ]]
+ container_engine=docker
++ pwd
+ WORKSPACE=/home/mispronounced/Code/JayRaj21/OpenROAD-flow-scripts/flow
+ YOSYS_EXE=/OpenROAD-flow-scripts/tools/install/yosys/bin/yosys
+ OPENROAD_EXE=/OpenROAD-flow-scripts/tools/install/OpenROAD/bin/openroad
+ KLAYOUT_CMD=/usr/bin/klayout
+ XSOCK=/tmp/.X11-unix
+ XAUTH=/tmp/.docker.xauth
+ false
+ xauth nlist :0
+ sed -e 's/^..../ffff/'
+ xauth -f /tmp/.docker.xauth nmerge -
+ test -t 0
+ DOCKER_INTERACTIVE=
+ false
+ [[ docker == podman ]]
++ id -u mispronounced
++ id -g mispronounced
+ user_args='-u 1000:1000'
+ user_env=
+ PORT_ARGS=()
+ CMD_STR=
+ [[ 7 -gt 0 ]]
+ CMD_STR='openroad -python /work/ml/congestion/data_collection/extract_thermal_labels.py --odb /work/results/nangate45/jpeg/pipeline_88/3_place.odb --out /work/ml/congestion/data/nangate45_jpeg_pipeline_88_thermal_labels.npz'
+ ENV_SH_CMD='if [ -f ../env.sh ]; then . ../env.sh; fi;'
+ DOCKER_CMD=("$container_engine" run --rm -i $DOCKER_INTERACTIVE $user_env $user_args -e LIBGL_ALWAYS_SOFTWARE=1 -e QT_X11_NO_MITSHM=1 -e XDG_RUNTIME_DIR=/tmp/xdg-run -e "DISPLAY=${DISPLAY:-:0}" -e QT_XKB_CONFIG_ROOT=/usr/share/X11/xkb -v "$XSOCK:$XSOCK" -v "$XAUTH:$XAUTH" -e "XAUTHORITY=$XAUTH" -e FLOW_HOME=/OpenROAD-flow-scripts/flow/ -e WORK_HOME=/work -e "YOSYS_EXE=$YOSYS_EXE" -e "OPENROAD_EXE=$OPENROAD_EXE" -e "KLAYOUT_CMD=$KLAYOUT_CMD" -v "$WORKSPACE:/work:Z" --network host "${PORT_ARGS[@]}" "$IMAGE" bash -c "set -ex; mkdir /tmp/xdg-run; cd ${FLOW_DIR}; ${ENV_SH_CMD}$CMD_STR")
+ false
+ exec docker run --rm -i -u 1000:1000 -e LIBGL_ALWAYS_SOFTWARE=1 -e QT_X11_NO_MITSHM=1 -e XDG_RUNTIME_DIR=/tmp/xdg-run -e DISPLAY=:0 -e QT_XKB_CONFIG_ROOT=/usr/share/X11/xkb -v /tmp/.X11-unix:/tmp/.X11-unix -v /tmp/.docker.xauth:/tmp/.docker.xauth -e XAUTHORITY=/tmp/.docker.xauth -e FLOW_HOME=/OpenROAD-flow-scripts/flow/ -e WORK_HOME=/work -e YOSYS_EXE=/OpenROAD-flow-scripts/tools/install/yosys/bin/yosys -e OPENROAD_EXE=/OpenROAD-flow-scripts/tools/install/OpenROAD/bin/openroad -e KLAYOUT_CMD=/usr/bin/klayout -v /home/mispronounced/Code/JayRaj21/OpenROAD-flow-scripts/flow:/work:Z --network host openroad/orfs-ml:latest bash -c 'set -ex; mkdir /tmp/xdg-run; cd /OpenROAD-flow-scripts/flow; if [ -f ../env.sh ]; then . ../env.sh; fi;openroad -python /work/ml/congestion/data_collection/extract_thermal_labels.py --odb /work/results/nangate45/jpeg/pipeline_88/3_place.odb --out /work/ml/congestion/data/nangate45_jpeg_pipeline_88_thermal_labels.npz'
+ mkdir /tmp/xdg-run
+ cd /OpenROAD-flow-scripts/flow
+ '[' -f ../env.sh ']'
+ . ../env.sh
++ __setpaths
++ [[ linux-gnu == \d\a\r\w\i\n* ]]
++++ readlink -f ../env.sh
+++ dirname /OpenROAD-flow-scripts/env.sh
++ DIR=/OpenROAD-flow-scripts
++ export OPENROAD=/OpenROAD-flow-scripts/tools/OpenROAD
++ OPENROAD=/OpenROAD-flow-scripts/tools/OpenROAD
++ echo 'OPENROAD: /OpenROAD-flow-scripts/tools/OpenROAD'
OPENROAD: /OpenROAD-flow-scripts/tools/OpenROAD
++ export PATH=/OpenROAD-flow-scripts/tools/install/OpenROAD/bin:/usr/local/bin/wrapped-cc:/usr/local/sbin:/usr/local/bin:/usr/sbin:/usr/bin:/sbin:/bin
++ PATH=/OpenROAD-flow-scripts/tools/install/OpenROAD/bin:/usr/local/bin/wrapped-cc:/usr/local/sbin:/usr/local/bin:/usr/sbin:/usr/bin:/sbin:/bin
++ export PATH=/OpenROAD-flow-scripts/tools/install/yosys/bin:/OpenROAD-flow-scripts/tools/install/OpenROAD/bin:/usr/local/bin/wrapped-cc:/usr/local/sbin:/usr/local/bin:/usr/sbin:/usr/bin:/sbin:/bin
++ PATH=/OpenROAD-flow-scripts/tools/install/yosys/bin:/OpenROAD-flow-scripts/tools/install/OpenROAD/bin:/usr/local/bin/wrapped-cc:/usr/local/sbin:/usr/local/bin:/usr/sbin:/usr/bin:/sbin:/bin
++ export PATH=/OpenROAD-flow-scripts/tools/install/kepler-formal/bin:/OpenROAD-flow-scripts/tools/install/yosys/bin:/OpenROAD-flow-scripts/tools/install/OpenROAD/bin:/usr/local/bin/wrapped-cc:/usr/local/sbin:/usr/local/bin:/usr/sbin:/usr/bin:/sbin:/bin
++ PATH=/OpenROAD-flow-scripts/tools/install/kepler-formal/bin:/OpenROAD-flow-scripts/tools/install/yosys/bin:/OpenROAD-flow-scripts/tools/install/OpenROAD/bin:/usr/local/bin/wrapped-cc:/usr/local/sbin:/usr/local/bin:/usr/sbin:/usr/bin:/sbin:/bin
++ [[ linux-gnu == \d\a\r\w\i\n* ]]
++ export FLOW_HOME=/OpenROAD-flow-scripts/flow
++ FLOW_HOME=/OpenROAD-flow-scripts/flow
++ unset -f __setpaths
+ openroad -python /work/ml/congestion/data_collection/extract_thermal_labels.py --odb /work/results/nangate45/jpeg/pipeline_88/3_place.odb --out /work/ml/congestion/data/nangate45_jpeg_pipeline_88_thermal_labels.npz
OpenROAD 26Q2-1671-g0a1b0872a0 
Features included (+) or not (-): +GPU +GUI +Python
This program is licensed under the BSD-3 license. See the LICENSE file for details.
Components of this program may be licensed under more restrictive licenses which must be honored.
[WARNING ORD-0039] .openroad ignored with -python
[thermal] Reading placement from /work/results/nangate45/jpeg/pipeline_88/3_place.odb
[thermal] Die 0.32×0.32 mm is small — using 63×63 HotSpot grid (min cell ≥5.0 µm), upsampling to 64×64 for output
[thermal] Cell-type power breakdown:
          clock:      2 cells (  0.0% count)  →    0.0% weighted power
          seq  :   4384 cells (  7.4% count)  →   46.1% weighted power
          macro:      0 cells (  0.0% count)  →    0.0% weighted power
          comb :  54753 cells ( 92.6% count)  →   53.8% weighted power
[thermal] Total power: 998.4 mW
[thermal] Running HotSpot (63×63 = 3969 blocks)...
[thermal] Temperature: min=110.1°C  max=111.8°C  peak-to-peak=1.7°C
[thermal] Saved → /work/ml/congestion/data/nangate45_jpeg_pipeline_88_thermal_labels.npz
  [OK]   nangate45_jpeg_pipeline_88_thermal_labels.npz
=========================================
Design: nangate45_jpeg_util_60
  [SKIP] features already extracted
  [RUN]  extract_thermal_labels.py (timeout 3600s)
+ DEFAULT_IMAGE=openroad/orfs:latest
+ FLOW_DIR=/OpenROAD-flow-scripts/flow
+ USE_USER=false
+ DRY_RUN=false
+ PORTS=()
+ IMAGE=
+ CMD_ARGS=()
+ [[ 7 -gt 0 ]]
+ case "$1" in
+ CMD_ARGS=("$@")
+ break
+ IMAGE=openroad/orfs-ml:latest
+ get_container_engine
++ docker --version
+ local 'DOCKER_VERSION_STRING=Docker version 29.7.2, build a7dcaa6'
+ [[ Docker version 29.7.2, build a7dcaa6 == *Docker* ]]
+ container_engine=docker
++ pwd
+ WORKSPACE=/home/mispronounced/Code/JayRaj21/OpenROAD-flow-scripts/flow
+ YOSYS_EXE=/OpenROAD-flow-scripts/tools/install/yosys/bin/yosys
+ OPENROAD_EXE=/OpenROAD-flow-scripts/tools/install/OpenROAD/bin/openroad
+ KLAYOUT_CMD=/usr/bin/klayout
+ XSOCK=/tmp/.X11-unix
+ XAUTH=/tmp/.docker.xauth
+ false
+ xauth nlist :0
+ sed -e 's/^..../ffff/'
+ xauth -f /tmp/.docker.xauth nmerge -
+ test -t 0
+ DOCKER_INTERACTIVE=
+ false
+ [[ docker == podman ]]
++ id -u mispronounced
++ id -g mispronounced
+ user_args='-u 1000:1000'
+ user_env=
+ PORT_ARGS=()
+ CMD_STR=
+ [[ 7 -gt 0 ]]
+ CMD_STR='openroad -python /work/ml/congestion/data_collection/extract_thermal_labels.py --odb /work/results/nangate45/jpeg/util_60/3_place.odb --out /work/ml/congestion/data/nangate45_jpeg_util_60_thermal_labels.npz'
+ ENV_SH_CMD='if [ -f ../env.sh ]; then . ../env.sh; fi;'
+ DOCKER_CMD=("$container_engine" run --rm -i $DOCKER_INTERACTIVE $user_env $user_args -e LIBGL_ALWAYS_SOFTWARE=1 -e QT_X11_NO_MITSHM=1 -e XDG_RUNTIME_DIR=/tmp/xdg-run -e "DISPLAY=${DISPLAY:-:0}" -e QT_XKB_CONFIG_ROOT=/usr/share/X11/xkb -v "$XSOCK:$XSOCK" -v "$XAUTH:$XAUTH" -e "XAUTHORITY=$XAUTH" -e FLOW_HOME=/OpenROAD-flow-scripts/flow/ -e WORK_HOME=/work -e "YOSYS_EXE=$YOSYS_EXE" -e "OPENROAD_EXE=$OPENROAD_EXE" -e "KLAYOUT_CMD=$KLAYOUT_CMD" -v "$WORKSPACE:/work:Z" --network host "${PORT_ARGS[@]}" "$IMAGE" bash -c "set -ex; mkdir /tmp/xdg-run; cd ${FLOW_DIR}; ${ENV_SH_CMD}$CMD_STR")
+ false
+ exec docker run --rm -i -u 1000:1000 -e LIBGL_ALWAYS_SOFTWARE=1 -e QT_X11_NO_MITSHM=1 -e XDG_RUNTIME_DIR=/tmp/xdg-run -e DISPLAY=:0 -e QT_XKB_CONFIG_ROOT=/usr/share/X11/xkb -v /tmp/.X11-unix:/tmp/.X11-unix -v /tmp/.docker.xauth:/tmp/.docker.xauth -e XAUTHORITY=/tmp/.docker.xauth -e FLOW_HOME=/OpenROAD-flow-scripts/flow/ -e WORK_HOME=/work -e YOSYS_EXE=/OpenROAD-flow-scripts/tools/install/yosys/bin/yosys -e OPENROAD_EXE=/OpenROAD-flow-scripts/tools/install/OpenROAD/bin/openroad -e KLAYOUT_CMD=/usr/bin/klayout -v /home/mispronounced/Code/JayRaj21/OpenROAD-flow-scripts/flow:/work:Z --network host openroad/orfs-ml:latest bash -c 'set -ex; mkdir /tmp/xdg-run; cd /OpenROAD-flow-scripts/flow; if [ -f ../env.sh ]; then . ../env.sh; fi;openroad -python /work/ml/congestion/data_collection/extract_thermal_labels.py --odb /work/results/nangate45/jpeg/util_60/3_place.odb --out /work/ml/congestion/data/nangate45_jpeg_util_60_thermal_labels.npz'
+ mkdir /tmp/xdg-run
+ cd /OpenROAD-flow-scripts/flow
+ '[' -f ../env.sh ']'
+ . ../env.sh
++ __setpaths
++ [[ linux-gnu == \d\a\r\w\i\n* ]]
++++ readlink -f ../env.sh
+++ dirname /OpenROAD-flow-scripts/env.sh
++ DIR=/OpenROAD-flow-scripts
++ export OPENROAD=/OpenROAD-flow-scripts/tools/OpenROAD
++ OPENROAD=/OpenROAD-flow-scripts/tools/OpenROAD
++ echo 'OPENROAD: /OpenROAD-flow-scripts/tools/OpenROAD'
++ export PATH=/OpenROAD-flow-scripts/tools/install/OpenROAD/bin:/usr/local/bin/wrapped-cc:/usr/local/sbin:/usr/local/bin:/usr/sbin:/usr/bin:/sbin:/bin
++ PATH=/OpenROAD-flow-scripts/tools/install/OpenROAD/bin:/usr/local/bin/wrapped-cc:/usr/local/sbin:/usr/local/bin:/usr/sbin:/usr/bin:/sbin:/bin
++ export PATH=/OpenROAD-flow-scripts/tools/install/yosys/bin:/OpenROAD-flow-scripts/tools/install/OpenROAD/bin:/usr/local/bin/wrapped-cc:/usr/local/sbin:/usr/local/bin:/usr/sbin:/usr/bin:/sbin:/bin
++ PATH=/OpenROAD-flow-scripts/tools/install/yosys/bin:/OpenROAD-flow-scripts/tools/install/OpenROAD/bin:/usr/local/bin/wrapped-cc:/usr/local/sbin:/usr/local/bin:/usr/sbin:/usr/bin:/sbin:/bin
++ export PATH=/OpenROAD-flow-scripts/tools/install/kepler-formal/bin:/OpenROAD-flow-scripts/tools/install/yosys/bin:/OpenROAD-flow-scripts/tools/install/OpenROAD/bin:/usr/local/bin/wrapped-cc:/usr/local/sbin:/usr/local/bin:/usr/sbin:/usr/bin:/sbin:/bin
++ PATH=/OpenROAD-flow-scripts/tools/install/kepler-formal/bin:/OpenROAD-flow-scripts/tools/install/yosys/bin:/OpenROAD-flow-scripts/tools/install/OpenROAD/bin:/usr/local/bin/wrapped-cc:/usr/local/sbin:/usr/local/bin:/usr/sbin:/usr/bin:/sbin:/bin
OPENROAD: /OpenROAD-flow-scripts/tools/OpenROAD
++ [[ linux-gnu == \d\a\r\w\i\n* ]]
++ export FLOW_HOME=/OpenROAD-flow-scripts/flow
++ FLOW_HOME=/OpenROAD-flow-scripts/flow
++ unset -f __setpaths
+ openroad -python /work/ml/congestion/data_collection/extract_thermal_labels.py --odb /work/results/nangate45/jpeg/util_60/3_place.odb --out /work/ml/congestion/data/nangate45_jpeg_util_60_thermal_labels.npz
OpenROAD 26Q2-1671-g0a1b0872a0 
Features included (+) or not (-): +GPU +GUI +Python
This program is licensed under the BSD-3 license. See the LICENSE file for details.
Components of this program may be licensed under more restrictive licenses which must be honored.
[WARNING ORD-0039] .openroad ignored with -python
[thermal] Reading placement from /work/results/nangate45/jpeg/util_60/3_place.odb
[thermal] Die: 0.38×0.38 mm  (0.1461 mm²)  Grid: 64×64
[thermal] Cell-type power breakdown:
          clock:      2 cells (  0.0% count)  →    0.0% weighted power
          seq  :   4384 cells (  7.4% count)  →   46.1% weighted power
          macro:      0 cells (  0.0% count)  →    0.0% weighted power
          comb :  55138 cells ( 92.6% count)  →   53.9% weighted power
[thermal] Total power: 1461.1 mW
[thermal] Running HotSpot (64×64 = 4096 blocks)...
[thermal] Temperature: min=109.1°C  max=112.7°C  peak-to-peak=3.6°C
[thermal] Saved → /work/ml/congestion/data/nangate45_jpeg_util_60_thermal_labels.npz
  [OK]   nangate45_jpeg_util_60_thermal_labels.npz
=========================================
Design: nangate45_jpeg_util_70
  [SKIP] features already extracted
  [RUN]  extract_thermal_labels.py (timeout 3600s)
+ DEFAULT_IMAGE=openroad/orfs:latest
+ FLOW_DIR=/OpenROAD-flow-scripts/flow
+ USE_USER=false
+ DRY_RUN=false
+ PORTS=()
+ IMAGE=
+ CMD_ARGS=()
+ [[ 7 -gt 0 ]]
+ case "$1" in
+ CMD_ARGS=("$@")
+ break
+ IMAGE=openroad/orfs-ml:latest
+ get_container_engine
++ docker --version
+ local 'DOCKER_VERSION_STRING=Docker version 29.7.2, build a7dcaa6'
+ [[ Docker version 29.7.2, build a7dcaa6 == *Docker* ]]
+ container_engine=docker
++ pwd
+ WORKSPACE=/home/mispronounced/Code/JayRaj21/OpenROAD-flow-scripts/flow
+ YOSYS_EXE=/OpenROAD-flow-scripts/tools/install/yosys/bin/yosys
+ OPENROAD_EXE=/OpenROAD-flow-scripts/tools/install/OpenROAD/bin/openroad
+ KLAYOUT_CMD=/usr/bin/klayout
+ XSOCK=/tmp/.X11-unix
+ XAUTH=/tmp/.docker.xauth
+ false
+ xauth nlist :0
+ sed -e 's/^..../ffff/'
+ xauth -f /tmp/.docker.xauth nmerge -
+ test -t 0
+ DOCKER_INTERACTIVE=
+ false
+ [[ docker == podman ]]
++ id -u mispronounced
++ id -g mispronounced
+ user_args='-u 1000:1000'
+ user_env=
+ PORT_ARGS=()
+ CMD_STR=
+ [[ 7 -gt 0 ]]
+ CMD_STR='openroad -python /work/ml/congestion/data_collection/extract_thermal_labels.py --odb /work/results/nangate45/jpeg/util_70/3_place.odb --out /work/ml/congestion/data/nangate45_jpeg_util_70_thermal_labels.npz'
+ ENV_SH_CMD='if [ -f ../env.sh ]; then . ../env.sh; fi;'
+ DOCKER_CMD=("$container_engine" run --rm -i $DOCKER_INTERACTIVE $user_env $user_args -e LIBGL_ALWAYS_SOFTWARE=1 -e QT_X11_NO_MITSHM=1 -e XDG_RUNTIME_DIR=/tmp/xdg-run -e "DISPLAY=${DISPLAY:-:0}" -e QT_XKB_CONFIG_ROOT=/usr/share/X11/xkb -v "$XSOCK:$XSOCK" -v "$XAUTH:$XAUTH" -e "XAUTHORITY=$XAUTH" -e FLOW_HOME=/OpenROAD-flow-scripts/flow/ -e WORK_HOME=/work -e "YOSYS_EXE=$YOSYS_EXE" -e "OPENROAD_EXE=$OPENROAD_EXE" -e "KLAYOUT_CMD=$KLAYOUT_CMD" -v "$WORKSPACE:/work:Z" --network host "${PORT_ARGS[@]}" "$IMAGE" bash -c "set -ex; mkdir /tmp/xdg-run; cd ${FLOW_DIR}; ${ENV_SH_CMD}$CMD_STR")
+ false
+ exec docker run --rm -i -u 1000:1000 -e LIBGL_ALWAYS_SOFTWARE=1 -e QT_X11_NO_MITSHM=1 -e XDG_RUNTIME_DIR=/tmp/xdg-run -e DISPLAY=:0 -e QT_XKB_CONFIG_ROOT=/usr/share/X11/xkb -v /tmp/.X11-unix:/tmp/.X11-unix -v /tmp/.docker.xauth:/tmp/.docker.xauth -e XAUTHORITY=/tmp/.docker.xauth -e FLOW_HOME=/OpenROAD-flow-scripts/flow/ -e WORK_HOME=/work -e YOSYS_EXE=/OpenROAD-flow-scripts/tools/install/yosys/bin/yosys -e OPENROAD_EXE=/OpenROAD-flow-scripts/tools/install/OpenROAD/bin/openroad -e KLAYOUT_CMD=/usr/bin/klayout -v /home/mispronounced/Code/JayRaj21/OpenROAD-flow-scripts/flow:/work:Z --network host openroad/orfs-ml:latest bash -c 'set -ex; mkdir /tmp/xdg-run; cd /OpenROAD-flow-scripts/flow; if [ -f ../env.sh ]; then . ../env.sh; fi;openroad -python /work/ml/congestion/data_collection/extract_thermal_labels.py --odb /work/results/nangate45/jpeg/util_70/3_place.odb --out /work/ml/congestion/data/nangate45_jpeg_util_70_thermal_labels.npz'
+ mkdir /tmp/xdg-run
+ cd /OpenROAD-flow-scripts/flow
+ '[' -f ../env.sh ']'
+ . ../env.sh
++ __setpaths
++ [[ linux-gnu == \d\a\r\w\i\n* ]]
++++ readlink -f ../env.sh
+++ dirname /OpenROAD-flow-scripts/env.sh
++ DIR=/OpenROAD-flow-scripts
++ export OPENROAD=/OpenROAD-flow-scripts/tools/OpenROAD
++ OPENROAD=/OpenROAD-flow-scripts/tools/OpenROAD
++ echo 'OPENROAD: /OpenROAD-flow-scripts/tools/OpenROAD'
++ export PATH=/OpenROAD-flow-scripts/tools/install/OpenROAD/bin:/usr/local/bin/wrapped-cc:/usr/local/sbin:/usr/local/bin:/usr/sbin:/usr/bin:/sbin:/bin
++ PATH=/OpenROAD-flow-scripts/tools/install/OpenROAD/bin:/usr/local/bin/wrapped-cc:/usr/local/sbin:/usr/local/bin:/usr/sbin:/usr/bin:/sbin:/bin
OPENROAD: /OpenROAD-flow-scripts/tools/OpenROAD
++ export PATH=/OpenROAD-flow-scripts/tools/install/yosys/bin:/OpenROAD-flow-scripts/tools/install/OpenROAD/bin:/usr/local/bin/wrapped-cc:/usr/local/sbin:/usr/local/bin:/usr/sbin:/usr/bin:/sbin:/bin
++ PATH=/OpenROAD-flow-scripts/tools/install/yosys/bin:/OpenROAD-flow-scripts/tools/install/OpenROAD/bin:/usr/local/bin/wrapped-cc:/usr/local/sbin:/usr/local/bin:/usr/sbin:/usr/bin:/sbin:/bin
++ export PATH=/OpenROAD-flow-scripts/tools/install/kepler-formal/bin:/OpenROAD-flow-scripts/tools/install/yosys/bin:/OpenROAD-flow-scripts/tools/install/OpenROAD/bin:/usr/local/bin/wrapped-cc:/usr/local/sbin:/usr/local/bin:/usr/sbin:/usr/bin:/sbin:/bin
++ PATH=/OpenROAD-flow-scripts/tools/install/kepler-formal/bin:/OpenROAD-flow-scripts/tools/install/yosys/bin:/OpenROAD-flow-scripts/tools/install/OpenROAD/bin:/usr/local/bin/wrapped-cc:/usr/local/sbin:/usr/local/bin:/usr/sbin:/usr/bin:/sbin:/bin
++ [[ linux-gnu == \d\a\r\w\i\n* ]]
++ export FLOW_HOME=/OpenROAD-flow-scripts/flow
++ FLOW_HOME=/OpenROAD-flow-scripts/flow
++ unset -f __setpaths
+ openroad -python /work/ml/congestion/data_collection/extract_thermal_labels.py --odb /work/results/nangate45/jpeg/util_70/3_place.odb --out /work/ml/congestion/data/nangate45_jpeg_util_70_thermal_labels.npz
OpenROAD 26Q2-1671-g0a1b0872a0 
Features included (+) or not (-): +GPU +GUI +Python
This program is licensed under the BSD-3 license. See the LICENSE file for details.
Components of this program may be licensed under more restrictive licenses which must be honored.
[WARNING ORD-0039] .openroad ignored with -python
[thermal] Reading placement from /work/results/nangate45/jpeg/util_70/3_place.odb
[thermal] Die: 0.35×0.35 mm  (0.1253 mm²)  Grid: 64×64
[thermal] Cell-type power breakdown:
          clock:      2 cells (  0.0% count)  →    0.0% weighted power
          seq  :   4384 cells (  7.4% count)  →   46.1% weighted power
          macro:      0 cells (  0.0% count)  →    0.0% weighted power
          comb :  54974 cells ( 92.6% count)  →   53.9% weighted power
[thermal] Total power: 1253.4 mW
[thermal] Running HotSpot (64×64 = 4096 blocks)...
[thermal] Temperature: min=109.5°C  max=112.2°C  peak-to-peak=2.7°C
[thermal] Saved → /work/ml/congestion/data/nangate45_jpeg_util_70_thermal_labels.npz
  [OK]   nangate45_jpeg_util_70_thermal_labels.npz
=========================================
Design: nangate45_jpeg_util_90
  [SKIP] features already extracted
  [RUN]  extract_thermal_labels.py (timeout 3600s)
+ DEFAULT_IMAGE=openroad/orfs:latest
+ FLOW_DIR=/OpenROAD-flow-scripts/flow
+ USE_USER=false
+ DRY_RUN=false
+ PORTS=()
+ IMAGE=
+ CMD_ARGS=()
+ [[ 7 -gt 0 ]]
+ case "$1" in
+ CMD_ARGS=("$@")
+ break
+ IMAGE=openroad/orfs-ml:latest
+ get_container_engine
++ docker --version
+ local 'DOCKER_VERSION_STRING=Docker version 29.7.2, build a7dcaa6'
+ [[ Docker version 29.7.2, build a7dcaa6 == *Docker* ]]
+ container_engine=docker
++ pwd
+ WORKSPACE=/home/mispronounced/Code/JayRaj21/OpenROAD-flow-scripts/flow
+ YOSYS_EXE=/OpenROAD-flow-scripts/tools/install/yosys/bin/yosys
+ OPENROAD_EXE=/OpenROAD-flow-scripts/tools/install/OpenROAD/bin/openroad
+ KLAYOUT_CMD=/usr/bin/klayout
+ XSOCK=/tmp/.X11-unix
+ XAUTH=/tmp/.docker.xauth
+ false
+ xauth nlist :0
+ sed -e 's/^..../ffff/'
+ xauth -f /tmp/.docker.xauth nmerge -
+ test -t 0
+ DOCKER_INTERACTIVE=
+ false
+ [[ docker == podman ]]
++ id -u mispronounced
++ id -g mispronounced
+ user_args='-u 1000:1000'
+ user_env=
+ PORT_ARGS=()
+ CMD_STR=
+ [[ 7 -gt 0 ]]
+ CMD_STR='openroad -python /work/ml/congestion/data_collection/extract_thermal_labels.py --odb /work/results/nangate45/jpeg/util_90/3_place.odb --out /work/ml/congestion/data/nangate45_jpeg_util_90_thermal_labels.npz'
+ ENV_SH_CMD='if [ -f ../env.sh ]; then . ../env.sh; fi;'
+ DOCKER_CMD=("$container_engine" run --rm -i $DOCKER_INTERACTIVE $user_env $user_args -e LIBGL_ALWAYS_SOFTWARE=1 -e QT_X11_NO_MITSHM=1 -e XDG_RUNTIME_DIR=/tmp/xdg-run -e "DISPLAY=${DISPLAY:-:0}" -e QT_XKB_CONFIG_ROOT=/usr/share/X11/xkb -v "$XSOCK:$XSOCK" -v "$XAUTH:$XAUTH" -e "XAUTHORITY=$XAUTH" -e FLOW_HOME=/OpenROAD-flow-scripts/flow/ -e WORK_HOME=/work -e "YOSYS_EXE=$YOSYS_EXE" -e "OPENROAD_EXE=$OPENROAD_EXE" -e "KLAYOUT_CMD=$KLAYOUT_CMD" -v "$WORKSPACE:/work:Z" --network host "${PORT_ARGS[@]}" "$IMAGE" bash -c "set -ex; mkdir /tmp/xdg-run; cd ${FLOW_DIR}; ${ENV_SH_CMD}$CMD_STR")
+ false
+ exec docker run --rm -i -u 1000:1000 -e LIBGL_ALWAYS_SOFTWARE=1 -e QT_X11_NO_MITSHM=1 -e XDG_RUNTIME_DIR=/tmp/xdg-run -e DISPLAY=:0 -e QT_XKB_CONFIG_ROOT=/usr/share/X11/xkb -v /tmp/.X11-unix:/tmp/.X11-unix -v /tmp/.docker.xauth:/tmp/.docker.xauth -e XAUTHORITY=/tmp/.docker.xauth -e FLOW_HOME=/OpenROAD-flow-scripts/flow/ -e WORK_HOME=/work -e YOSYS_EXE=/OpenROAD-flow-scripts/tools/install/yosys/bin/yosys -e OPENROAD_EXE=/OpenROAD-flow-scripts/tools/install/OpenROAD/bin/openroad -e KLAYOUT_CMD=/usr/bin/klayout -v /home/mispronounced/Code/JayRaj21/OpenROAD-flow-scripts/flow:/work:Z --network host openroad/orfs-ml:latest bash -c 'set -ex; mkdir /tmp/xdg-run; cd /OpenROAD-flow-scripts/flow; if [ -f ../env.sh ]; then . ../env.sh; fi;openroad -python /work/ml/congestion/data_collection/extract_thermal_labels.py --odb /work/results/nangate45/jpeg/util_90/3_place.odb --out /work/ml/congestion/data/nangate45_jpeg_util_90_thermal_labels.npz'
+ mkdir /tmp/xdg-run
+ cd /OpenROAD-flow-scripts/flow
+ '[' -f ../env.sh ']'
+ . ../env.sh
++ __setpaths
++ [[ linux-gnu == \d\a\r\w\i\n* ]]
++++ readlink -f ../env.sh
+++ dirname /OpenROAD-flow-scripts/env.sh
++ DIR=/OpenROAD-flow-scripts
++ export OPENROAD=/OpenROAD-flow-scripts/tools/OpenROAD
++ OPENROAD=/OpenROAD-flow-scripts/tools/OpenROAD
++ echo 'OPENROAD: /OpenROAD-flow-scripts/tools/OpenROAD'
++ export PATH=/OpenROAD-flow-scripts/tools/install/OpenROAD/bin:/usr/local/bin/wrapped-cc:/usr/local/sbin:/usr/local/bin:/usr/sbin:/usr/bin:/sbin:/bin
++ PATH=/OpenROAD-flow-scripts/tools/install/OpenROAD/bin:/usr/local/bin/wrapped-cc:/usr/local/sbin:/usr/local/bin:/usr/sbin:/usr/bin:/sbin:/bin
++ export PATH=/OpenROAD-flow-scripts/tools/install/yosys/bin:/OpenROAD-flow-scripts/tools/install/OpenROAD/bin:/usr/local/bin/wrapped-cc:/usr/local/sbin:/usr/local/bin:/usr/sbin:/usr/bin:/sbin:/bin
++ PATH=/OpenROAD-flow-scripts/tools/install/yosys/bin:/OpenROAD-flow-scripts/tools/install/OpenROAD/bin:/usr/local/bin/wrapped-cc:/usr/local/sbin:/usr/local/bin:/usr/sbin:/usr/bin:/sbin:/bin
++ export PATH=/OpenROAD-flow-scripts/tools/install/kepler-formal/bin:/OpenROAD-flow-scripts/tools/install/yosys/bin:/OpenROAD-flow-scripts/tools/install/OpenROAD/bin:/usr/local/bin/wrapped-cc:/usr/local/sbin:/usr/local/bin:/usr/sbin:/usr/bin:/sbin:/bin
OPENROAD: /OpenROAD-flow-scripts/tools/OpenROAD
++ PATH=/OpenROAD-flow-scripts/tools/install/kepler-formal/bin:/OpenROAD-flow-scripts/tools/install/yosys/bin:/OpenROAD-flow-scripts/tools/install/OpenROAD/bin:/usr/local/bin/wrapped-cc:/usr/local/sbin:/usr/local/bin:/usr/sbin:/usr/bin:/sbin:/bin
++ [[ linux-gnu == \d\a\r\w\i\n* ]]
++ export FLOW_HOME=/OpenROAD-flow-scripts/flow
++ FLOW_HOME=/OpenROAD-flow-scripts/flow
++ unset -f __setpaths
+ openroad -python /work/ml/congestion/data_collection/extract_thermal_labels.py --odb /work/results/nangate45/jpeg/util_90/3_place.odb --out /work/ml/congestion/data/nangate45_jpeg_util_90_thermal_labels.npz
OpenROAD 26Q2-1671-g0a1b0872a0 
Features included (+) or not (-): +GPU +GUI +Python
This program is licensed under the BSD-3 license. See the LICENSE file for details.
Components of this program may be licensed under more restrictive licenses which must be honored.
[WARNING ORD-0039] .openroad ignored with -python
[thermal] Reading placement from /work/results/nangate45/jpeg/util_90/3_place.odb
[thermal] Die 0.31×0.31 mm is small — using 62×62 HotSpot grid (min cell ≥5.0 µm), upsampling to 64×64 for output
[thermal] Cell-type power breakdown:
          clock:      2 cells (  0.0% count)  →    0.0% weighted power
          seq  :   4384 cells (  7.4% count)  →   46.2% weighted power
          macro:      0 cells (  0.0% count)  →    0.0% weighted power
          comb :  54729 cells ( 92.6% count)  →   53.8% weighted power
[thermal] Total power: 976.3 mW
[thermal] Running HotSpot (62×62 = 3844 blocks)...
[thermal] Temperature: min=110.1°C  max=111.7°C  peak-to-peak=1.7°C
[thermal] Saved → /work/ml/congestion/data/nangate45_jpeg_util_90_thermal_labels.npz
  [OK]   nangate45_jpeg_util_90_thermal_labels.npz
=========================================
Design: nangate45_swerv_ar_05
  [SKIP] features already extracted
  [RUN]  extract_thermal_labels.py (timeout 3600s)
+ DEFAULT_IMAGE=openroad/orfs:latest
+ FLOW_DIR=/OpenROAD-flow-scripts/flow
+ USE_USER=false
+ DRY_RUN=false
+ PORTS=()
+ IMAGE=
+ CMD_ARGS=()
+ [[ 7 -gt 0 ]]
+ case "$1" in
+ CMD_ARGS=("$@")
+ break
+ IMAGE=openroad/orfs-ml:latest
+ get_container_engine
++ docker --version
+ local 'DOCKER_VERSION_STRING=Docker version 29.7.2, build a7dcaa6'
+ [[ Docker version 29.7.2, build a7dcaa6 == *Docker* ]]
+ container_engine=docker
++ pwd
+ WORKSPACE=/home/mispronounced/Code/JayRaj21/OpenROAD-flow-scripts/flow
+ YOSYS_EXE=/OpenROAD-flow-scripts/tools/install/yosys/bin/yosys
+ OPENROAD_EXE=/OpenROAD-flow-scripts/tools/install/OpenROAD/bin/openroad
+ KLAYOUT_CMD=/usr/bin/klayout
+ XSOCK=/tmp/.X11-unix
+ XAUTH=/tmp/.docker.xauth
+ false
+ xauth nlist :0
+ sed -e 's/^..../ffff/'
+ xauth -f /tmp/.docker.xauth nmerge -
+ test -t 0
+ DOCKER_INTERACTIVE=
+ false
+ [[ docker == podman ]]
++ id -u mispronounced
++ id -g mispronounced
+ user_args='-u 1000:1000'
+ user_env=
+ PORT_ARGS=()
+ CMD_STR=
+ [[ 7 -gt 0 ]]
+ CMD_STR='openroad -python /work/ml/congestion/data_collection/extract_thermal_labels.py --odb /work/results/nangate45/swerv/ar_05/3_place.odb --out /work/ml/congestion/data/nangate45_swerv_ar_05_thermal_labels.npz'
+ ENV_SH_CMD='if [ -f ../env.sh ]; then . ../env.sh; fi;'
+ DOCKER_CMD=("$container_engine" run --rm -i $DOCKER_INTERACTIVE $user_env $user_args -e LIBGL_ALWAYS_SOFTWARE=1 -e QT_X11_NO_MITSHM=1 -e XDG_RUNTIME_DIR=/tmp/xdg-run -e "DISPLAY=${DISPLAY:-:0}" -e QT_XKB_CONFIG_ROOT=/usr/share/X11/xkb -v "$XSOCK:$XSOCK" -v "$XAUTH:$XAUTH" -e "XAUTHORITY=$XAUTH" -e FLOW_HOME=/OpenROAD-flow-scripts/flow/ -e WORK_HOME=/work -e "YOSYS_EXE=$YOSYS_EXE" -e "OPENROAD_EXE=$OPENROAD_EXE" -e "KLAYOUT_CMD=$KLAYOUT_CMD" -v "$WORKSPACE:/work:Z" --network host "${PORT_ARGS[@]}" "$IMAGE" bash -c "set -ex; mkdir /tmp/xdg-run; cd ${FLOW_DIR}; ${ENV_SH_CMD}$CMD_STR")
+ false
+ exec docker run --rm -i -u 1000:1000 -e LIBGL_ALWAYS_SOFTWARE=1 -e QT_X11_NO_MITSHM=1 -e XDG_RUNTIME_DIR=/tmp/xdg-run -e DISPLAY=:0 -e QT_XKB_CONFIG_ROOT=/usr/share/X11/xkb -v /tmp/.X11-unix:/tmp/.X11-unix -v /tmp/.docker.xauth:/tmp/.docker.xauth -e XAUTHORITY=/tmp/.docker.xauth -e FLOW_HOME=/OpenROAD-flow-scripts/flow/ -e WORK_HOME=/work -e YOSYS_EXE=/OpenROAD-flow-scripts/tools/install/yosys/bin/yosys -e OPENROAD_EXE=/OpenROAD-flow-scripts/tools/install/OpenROAD/bin/openroad -e KLAYOUT_CMD=/usr/bin/klayout -v /home/mispronounced/Code/JayRaj21/OpenROAD-flow-scripts/flow:/work:Z --network host openroad/orfs-ml:latest bash -c 'set -ex; mkdir /tmp/xdg-run; cd /OpenROAD-flow-scripts/flow; if [ -f ../env.sh ]; then . ../env.sh; fi;openroad -python /work/ml/congestion/data_collection/extract_thermal_labels.py --odb /work/results/nangate45/swerv/ar_05/3_place.odb --out /work/ml/congestion/data/nangate45_swerv_ar_05_thermal_labels.npz'
+ mkdir /tmp/xdg-run
+ cd /OpenROAD-flow-scripts/flow
+ '[' -f ../env.sh ']'
+ . ../env.sh
++ __setpaths
++ [[ linux-gnu == \d\a\r\w\i\n* ]]
++++ readlink -f ../env.sh
+++ dirname /OpenROAD-flow-scripts/env.sh
++ DIR=/OpenROAD-flow-scripts
++ export OPENROAD=/OpenROAD-flow-scripts/tools/OpenROAD
++ OPENROAD=/OpenROAD-flow-scripts/tools/OpenROAD
++ echo 'OPENROAD: /OpenROAD-flow-scripts/tools/OpenROAD'
++ export PATH=/OpenROAD-flow-scripts/tools/install/OpenROAD/bin:/usr/local/bin/wrapped-cc:/usr/local/sbin:/usr/local/bin:/usr/sbin:/usr/bin:/sbin:/bin
++ PATH=/OpenROAD-flow-scripts/tools/install/OpenROAD/bin:/usr/local/bin/wrapped-cc:/usr/local/sbin:/usr/local/bin:/usr/sbin:/usr/bin:/sbin:/bin
OPENROAD: /OpenROAD-flow-scripts/tools/OpenROAD
++ export PATH=/OpenROAD-flow-scripts/tools/install/yosys/bin:/OpenROAD-flow-scripts/tools/install/OpenROAD/bin:/usr/local/bin/wrapped-cc:/usr/local/sbin:/usr/local/bin:/usr/sbin:/usr/bin:/sbin:/bin
++ PATH=/OpenROAD-flow-scripts/tools/install/yosys/bin:/OpenROAD-flow-scripts/tools/install/OpenROAD/bin:/usr/local/bin/wrapped-cc:/usr/local/sbin:/usr/local/bin:/usr/sbin:/usr/bin:/sbin:/bin
++ export PATH=/OpenROAD-flow-scripts/tools/install/kepler-formal/bin:/OpenROAD-flow-scripts/tools/install/yosys/bin:/OpenROAD-flow-scripts/tools/install/OpenROAD/bin:/usr/local/bin/wrapped-cc:/usr/local/sbin:/usr/local/bin:/usr/sbin:/usr/bin:/sbin:/bin
++ PATH=/OpenROAD-flow-scripts/tools/install/kepler-formal/bin:/OpenROAD-flow-scripts/tools/install/yosys/bin:/OpenROAD-flow-scripts/tools/install/OpenROAD/bin:/usr/local/bin/wrapped-cc:/usr/local/sbin:/usr/local/bin:/usr/sbin:/usr/bin:/sbin:/bin
++ [[ linux-gnu == \d\a\r\w\i\n* ]]
++ export FLOW_HOME=/OpenROAD-flow-scripts/flow
++ FLOW_HOME=/OpenROAD-flow-scripts/flow
++ unset -f __setpaths
+ openroad -python /work/ml/congestion/data_collection/extract_thermal_labels.py --odb /work/results/nangate45/swerv/ar_05/3_place.odb --out /work/ml/congestion/data/nangate45_swerv_ar_05_thermal_labels.npz
OpenROAD 26Q2-1671-g0a1b0872a0 
Features included (+) or not (-): +GPU +GUI +Python
This program is licensed under the BSD-3 license. See the LICENSE file for details.
Components of this program may be licensed under more restrictive licenses which must be honored.
[WARNING ORD-0039] .openroad ignored with -python
[WARNING ORD-0012] Hierarchical flow (-hier) is currently in development and may cause multiple issues. Do not use in production environments.
[thermal] Reading placement from /work/results/nangate45/swerv/ar_05/3_place.odb
[thermal] Die: 0.68×0.34 mm  (0.2327 mm²)  Grid: 64×64
[thermal] Cell-type power breakdown:
          clock:      1 cells (  0.0% count)  →    0.0% weighted power
          seq  :  11274 cells ( 13.1% count)  →   65.3% weighted power
          macro:      0 cells (  0.0% count)  →    0.0% weighted power
          comb :  74872 cells ( 86.9% count)  →   34.7% weighted power
[thermal] Total power: 2327.4 mW
[thermal] Running HotSpot (64×64 = 4096 blocks)...
[thermal] Temperature: min=107.8°C  max=113.7°C  peak-to-peak=5.9°C
[thermal] Saved → /work/ml/congestion/data/nangate45_swerv_ar_05_thermal_labels.npz
  [OK]   nangate45_swerv_ar_05_thermal_labels.npz
=========================================
Design: nangate45_swerv_ar_15
  [SKIP] features already extracted
  [RUN]  extract_thermal_labels.py (timeout 3600s)
+ DEFAULT_IMAGE=openroad/orfs:latest
+ FLOW_DIR=/OpenROAD-flow-scripts/flow
+ USE_USER=false
+ DRY_RUN=false
+ PORTS=()
+ IMAGE=
+ CMD_ARGS=()
+ [[ 7 -gt 0 ]]
+ case "$1" in
+ CMD_ARGS=("$@")
+ break
+ IMAGE=openroad/orfs-ml:latest
+ get_container_engine
++ docker --version
+ local 'DOCKER_VERSION_STRING=Docker version 29.7.2, build a7dcaa6'
+ [[ Docker version 29.7.2, build a7dcaa6 == *Docker* ]]
+ container_engine=docker
++ pwd
+ WORKSPACE=/home/mispronounced/Code/JayRaj21/OpenROAD-flow-scripts/flow
+ YOSYS_EXE=/OpenROAD-flow-scripts/tools/install/yosys/bin/yosys
+ OPENROAD_EXE=/OpenROAD-flow-scripts/tools/install/OpenROAD/bin/openroad
+ KLAYOUT_CMD=/usr/bin/klayout
+ XSOCK=/tmp/.X11-unix
+ XAUTH=/tmp/.docker.xauth
+ false
+ xauth nlist :0
+ sed -e 's/^..../ffff/'
+ xauth -f /tmp/.docker.xauth nmerge -
+ test -t 0
+ DOCKER_INTERACTIVE=
+ false
+ [[ docker == podman ]]
++ id -u mispronounced
++ id -g mispronounced
+ user_args='-u 1000:1000'
+ user_env=
+ PORT_ARGS=()
+ CMD_STR=
+ [[ 7 -gt 0 ]]
+ CMD_STR='openroad -python /work/ml/congestion/data_collection/extract_thermal_labels.py --odb /work/results/nangate45/swerv/ar_15/3_place.odb --out /work/ml/congestion/data/nangate45_swerv_ar_15_thermal_labels.npz'
+ ENV_SH_CMD='if [ -f ../env.sh ]; then . ../env.sh; fi;'
+ DOCKER_CMD=("$container_engine" run --rm -i $DOCKER_INTERACTIVE $user_env $user_args -e LIBGL_ALWAYS_SOFTWARE=1 -e QT_X11_NO_MITSHM=1 -e XDG_RUNTIME_DIR=/tmp/xdg-run -e "DISPLAY=${DISPLAY:-:0}" -e QT_XKB_CONFIG_ROOT=/usr/share/X11/xkb -v "$XSOCK:$XSOCK" -v "$XAUTH:$XAUTH" -e "XAUTHORITY=$XAUTH" -e FLOW_HOME=/OpenROAD-flow-scripts/flow/ -e WORK_HOME=/work -e "YOSYS_EXE=$YOSYS_EXE" -e "OPENROAD_EXE=$OPENROAD_EXE" -e "KLAYOUT_CMD=$KLAYOUT_CMD" -v "$WORKSPACE:/work:Z" --network host "${PORT_ARGS[@]}" "$IMAGE" bash -c "set -ex; mkdir /tmp/xdg-run; cd ${FLOW_DIR}; ${ENV_SH_CMD}$CMD_STR")
+ false
+ exec docker run --rm -i -u 1000:1000 -e LIBGL_ALWAYS_SOFTWARE=1 -e QT_X11_NO_MITSHM=1 -e XDG_RUNTIME_DIR=/tmp/xdg-run -e DISPLAY=:0 -e QT_XKB_CONFIG_ROOT=/usr/share/X11/xkb -v /tmp/.X11-unix:/tmp/.X11-unix -v /tmp/.docker.xauth:/tmp/.docker.xauth -e XAUTHORITY=/tmp/.docker.xauth -e FLOW_HOME=/OpenROAD-flow-scripts/flow/ -e WORK_HOME=/work -e YOSYS_EXE=/OpenROAD-flow-scripts/tools/install/yosys/bin/yosys -e OPENROAD_EXE=/OpenROAD-flow-scripts/tools/install/OpenROAD/bin/openroad -e KLAYOUT_CMD=/usr/bin/klayout -v /home/mispronounced/Code/JayRaj21/OpenROAD-flow-scripts/flow:/work:Z --network host openroad/orfs-ml:latest bash -c 'set -ex; mkdir /tmp/xdg-run; cd /OpenROAD-flow-scripts/flow; if [ -f ../env.sh ]; then . ../env.sh; fi;openroad -python /work/ml/congestion/data_collection/extract_thermal_labels.py --odb /work/results/nangate45/swerv/ar_15/3_place.odb --out /work/ml/congestion/data/nangate45_swerv_ar_15_thermal_labels.npz'
+ mkdir /tmp/xdg-run
+ cd /OpenROAD-flow-scripts/flow
+ '[' -f ../env.sh ']'
+ . ../env.sh
++ __setpaths
++ [[ linux-gnu == \d\a\r\w\i\n* ]]
++++ readlink -f ../env.sh
+++ dirname /OpenROAD-flow-scripts/env.sh
++ DIR=/OpenROAD-flow-scripts
++ export OPENROAD=/OpenROAD-flow-scripts/tools/OpenROAD
++ OPENROAD=/OpenROAD-flow-scripts/tools/OpenROAD
++ echo 'OPENROAD: /OpenROAD-flow-scripts/tools/OpenROAD'
OPENROAD: /OpenROAD-flow-scripts/tools/OpenROAD
++ export PATH=/OpenROAD-flow-scripts/tools/install/OpenROAD/bin:/usr/local/bin/wrapped-cc:/usr/local/sbin:/usr/local/bin:/usr/sbin:/usr/bin:/sbin:/bin
++ PATH=/OpenROAD-flow-scripts/tools/install/OpenROAD/bin:/usr/local/bin/wrapped-cc:/usr/local/sbin:/usr/local/bin:/usr/sbin:/usr/bin:/sbin:/bin
++ export PATH=/OpenROAD-flow-scripts/tools/install/yosys/bin:/OpenROAD-flow-scripts/tools/install/OpenROAD/bin:/usr/local/bin/wrapped-cc:/usr/local/sbin:/usr/local/bin:/usr/sbin:/usr/bin:/sbin:/bin
++ PATH=/OpenROAD-flow-scripts/tools/install/yosys/bin:/OpenROAD-flow-scripts/tools/install/OpenROAD/bin:/usr/local/bin/wrapped-cc:/usr/local/sbin:/usr/local/bin:/usr/sbin:/usr/bin:/sbin:/bin
++ export PATH=/OpenROAD-flow-scripts/tools/install/kepler-formal/bin:/OpenROAD-flow-scripts/tools/install/yosys/bin:/OpenROAD-flow-scripts/tools/install/OpenROAD/bin:/usr/local/bin/wrapped-cc:/usr/local/sbin:/usr/local/bin:/usr/sbin:/usr/bin:/sbin:/bin
++ PATH=/OpenROAD-flow-scripts/tools/install/kepler-formal/bin:/OpenROAD-flow-scripts/tools/install/yosys/bin:/OpenROAD-flow-scripts/tools/install/OpenROAD/bin:/usr/local/bin/wrapped-cc:/usr/local/sbin:/usr/local/bin:/usr/sbin:/usr/bin:/sbin:/bin
++ [[ linux-gnu == \d\a\r\w\i\n* ]]
++ export FLOW_HOME=/OpenROAD-flow-scripts/flow
++ FLOW_HOME=/OpenROAD-flow-scripts/flow
++ unset -f __setpaths
+ openroad -python /work/ml/congestion/data_collection/extract_thermal_labels.py --odb /work/results/nangate45/swerv/ar_15/3_place.odb --out /work/ml/congestion/data/nangate45_swerv_ar_15_thermal_labels.npz
OpenROAD 26Q2-1671-g0a1b0872a0 
Features included (+) or not (-): +GPU +GUI +Python
This program is licensed under the BSD-3 license. See the LICENSE file for details.
Components of this program may be licensed under more restrictive licenses which must be honored.
[WARNING ORD-0039] .openroad ignored with -python
[WARNING ORD-0012] Hierarchical flow (-hier) is currently in development and may cause multiple issues. Do not use in production environments.
[thermal] Reading placement from /work/results/nangate45/swerv/ar_15/3_place.odb
[thermal] Die: 0.40×0.59 mm  (0.2324 mm²)  Grid: 64×64
[thermal] Cell-type power breakdown:
          clock:      1 cells (  0.0% count)  →    0.0% weighted power
          seq  :  11274 cells ( 13.1% count)  →   65.4% weighted power
          macro:      0 cells (  0.0% count)  →    0.0% weighted power
          comb :  75107 cells ( 86.9% count)  →   34.6% weighted power
[thermal] Total power: 2323.6 mW
[thermal] Running HotSpot (64×64 = 4096 blocks)...
[thermal] Temperature: min=107.9°C  max=113.9°C  peak-to-peak=6.0°C
[thermal] Saved → /work/ml/congestion/data/nangate45_swerv_ar_15_thermal_labels.npz
  [OK]   nangate45_swerv_ar_15_thermal_labels.npz
=========================================
Design: nangate45_swerv_ar_20
  [SKIP] features already extracted
  [RUN]  extract_thermal_labels.py (timeout 3600s)
+ DEFAULT_IMAGE=openroad/orfs:latest
+ FLOW_DIR=/OpenROAD-flow-scripts/flow
+ USE_USER=false
+ DRY_RUN=false
+ PORTS=()
+ IMAGE=
+ CMD_ARGS=()
+ [[ 7 -gt 0 ]]
+ case "$1" in
+ CMD_ARGS=("$@")
+ break
+ IMAGE=openroad/orfs-ml:latest
+ get_container_engine
++ docker --version
+ local 'DOCKER_VERSION_STRING=Docker version 29.7.2, build a7dcaa6'
+ [[ Docker version 29.7.2, build a7dcaa6 == *Docker* ]]
+ container_engine=docker
++ pwd
+ WORKSPACE=/home/mispronounced/Code/JayRaj21/OpenROAD-flow-scripts/flow
+ YOSYS_EXE=/OpenROAD-flow-scripts/tools/install/yosys/bin/yosys
+ OPENROAD_EXE=/OpenROAD-flow-scripts/tools/install/OpenROAD/bin/openroad
+ KLAYOUT_CMD=/usr/bin/klayout
+ XSOCK=/tmp/.X11-unix
+ XAUTH=/tmp/.docker.xauth
+ false
+ xauth nlist :0
+ sed -e 's/^..../ffff/'
+ xauth -f /tmp/.docker.xauth nmerge -
+ test -t 0
+ DOCKER_INTERACTIVE=
+ false
+ [[ docker == podman ]]
++ id -u mispronounced
++ id -g mispronounced
+ user_args='-u 1000:1000'
+ user_env=
+ PORT_ARGS=()
+ CMD_STR=
+ [[ 7 -gt 0 ]]
+ CMD_STR='openroad -python /work/ml/congestion/data_collection/extract_thermal_labels.py --odb /work/results/nangate45/swerv/ar_20/3_place.odb --out /work/ml/congestion/data/nangate45_swerv_ar_20_thermal_labels.npz'
+ ENV_SH_CMD='if [ -f ../env.sh ]; then . ../env.sh; fi;'
+ DOCKER_CMD=("$container_engine" run --rm -i $DOCKER_INTERACTIVE $user_env $user_args -e LIBGL_ALWAYS_SOFTWARE=1 -e QT_X11_NO_MITSHM=1 -e XDG_RUNTIME_DIR=/tmp/xdg-run -e "DISPLAY=${DISPLAY:-:0}" -e QT_XKB_CONFIG_ROOT=/usr/share/X11/xkb -v "$XSOCK:$XSOCK" -v "$XAUTH:$XAUTH" -e "XAUTHORITY=$XAUTH" -e FLOW_HOME=/OpenROAD-flow-scripts/flow/ -e WORK_HOME=/work -e "YOSYS_EXE=$YOSYS_EXE" -e "OPENROAD_EXE=$OPENROAD_EXE" -e "KLAYOUT_CMD=$KLAYOUT_CMD" -v "$WORKSPACE:/work:Z" --network host "${PORT_ARGS[@]}" "$IMAGE" bash -c "set -ex; mkdir /tmp/xdg-run; cd ${FLOW_DIR}; ${ENV_SH_CMD}$CMD_STR")
+ false
+ exec docker run --rm -i -u 1000:1000 -e LIBGL_ALWAYS_SOFTWARE=1 -e QT_X11_NO_MITSHM=1 -e XDG_RUNTIME_DIR=/tmp/xdg-run -e DISPLAY=:0 -e QT_XKB_CONFIG_ROOT=/usr/share/X11/xkb -v /tmp/.X11-unix:/tmp/.X11-unix -v /tmp/.docker.xauth:/tmp/.docker.xauth -e XAUTHORITY=/tmp/.docker.xauth -e FLOW_HOME=/OpenROAD-flow-scripts/flow/ -e WORK_HOME=/work -e YOSYS_EXE=/OpenROAD-flow-scripts/tools/install/yosys/bin/yosys -e OPENROAD_EXE=/OpenROAD-flow-scripts/tools/install/OpenROAD/bin/openroad -e KLAYOUT_CMD=/usr/bin/klayout -v /home/mispronounced/Code/JayRaj21/OpenROAD-flow-scripts/flow:/work:Z --network host openroad/orfs-ml:latest bash -c 'set -ex; mkdir /tmp/xdg-run; cd /OpenROAD-flow-scripts/flow; if [ -f ../env.sh ]; then . ../env.sh; fi;openroad -python /work/ml/congestion/data_collection/extract_thermal_labels.py --odb /work/results/nangate45/swerv/ar_20/3_place.odb --out /work/ml/congestion/data/nangate45_swerv_ar_20_thermal_labels.npz'
+ mkdir /tmp/xdg-run
+ cd /OpenROAD-flow-scripts/flow
+ '[' -f ../env.sh ']'
+ . ../env.sh
++ __setpaths
++ [[ linux-gnu == \d\a\r\w\i\n* ]]
++++ readlink -f ../env.sh
+++ dirname /OpenROAD-flow-scripts/env.sh
OPENROAD: /OpenROAD-flow-scripts/tools/OpenROAD
++ DIR=/OpenROAD-flow-scripts
++ export OPENROAD=/OpenROAD-flow-scripts/tools/OpenROAD
++ OPENROAD=/OpenROAD-flow-scripts/tools/OpenROAD
++ echo 'OPENROAD: /OpenROAD-flow-scripts/tools/OpenROAD'
++ export PATH=/OpenROAD-flow-scripts/tools/install/OpenROAD/bin:/usr/local/bin/wrapped-cc:/usr/local/sbin:/usr/local/bin:/usr/sbin:/usr/bin:/sbin:/bin
++ PATH=/OpenROAD-flow-scripts/tools/install/OpenROAD/bin:/usr/local/bin/wrapped-cc:/usr/local/sbin:/usr/local/bin:/usr/sbin:/usr/bin:/sbin:/bin
++ export PATH=/OpenROAD-flow-scripts/tools/install/yosys/bin:/OpenROAD-flow-scripts/tools/install/OpenROAD/bin:/usr/local/bin/wrapped-cc:/usr/local/sbin:/usr/local/bin:/usr/sbin:/usr/bin:/sbin:/bin
++ PATH=/OpenROAD-flow-scripts/tools/install/yosys/bin:/OpenROAD-flow-scripts/tools/install/OpenROAD/bin:/usr/local/bin/wrapped-cc:/usr/local/sbin:/usr/local/bin:/usr/sbin:/usr/bin:/sbin:/bin
++ export PATH=/OpenROAD-flow-scripts/tools/install/kepler-formal/bin:/OpenROAD-flow-scripts/tools/install/yosys/bin:/OpenROAD-flow-scripts/tools/install/OpenROAD/bin:/usr/local/bin/wrapped-cc:/usr/local/sbin:/usr/local/bin:/usr/sbin:/usr/bin:/sbin:/bin
++ PATH=/OpenROAD-flow-scripts/tools/install/kepler-formal/bin:/OpenROAD-flow-scripts/tools/install/yosys/bin:/OpenROAD-flow-scripts/tools/install/OpenROAD/bin:/usr/local/bin/wrapped-cc:/usr/local/sbin:/usr/local/bin:/usr/sbin:/usr/bin:/sbin:/bin
++ [[ linux-gnu == \d\a\r\w\i\n* ]]
++ export FLOW_HOME=/OpenROAD-flow-scripts/flow
++ FLOW_HOME=/OpenROAD-flow-scripts/flow
++ unset -f __setpaths
+ openroad -python /work/ml/congestion/data_collection/extract_thermal_labels.py --odb /work/results/nangate45/swerv/ar_20/3_place.odb --out /work/ml/congestion/data/nangate45_swerv_ar_20_thermal_labels.npz
OpenROAD 26Q2-1671-g0a1b0872a0 
Features included (+) or not (-): +GPU +GUI +Python
This program is licensed under the BSD-3 license. See the LICENSE file for details.
Components of this program may be licensed under more restrictive licenses which must be honored.
[WARNING ORD-0039] .openroad ignored with -python
[WARNING ORD-0012] Hierarchical flow (-hier) is currently in development and may cause multiple issues. Do not use in production environments.
[thermal] Reading placement from /work/results/nangate45/swerv/ar_20/3_place.odb
[thermal] Die: 0.34×0.68 mm  (0.2327 mm²)  Grid: 64×64
[thermal] Cell-type power breakdown:
          clock:      2 cells (  0.0% count)  →    0.0% weighted power
          seq  :  11274 cells ( 13.0% count)  →   65.3% weighted power
          macro:      0 cells (  0.0% count)  →    0.0% weighted power
          comb :  75476 cells ( 87.0% count)  →   34.7% weighted power
[thermal] Total power: 2327.4 mW
[thermal] Running HotSpot (64×64 = 4096 blocks)...
[thermal] Temperature: min=107.0°C  max=114.0°C  peak-to-peak=7.0°C
[thermal] Saved → /work/ml/congestion/data/nangate45_swerv_ar_20_thermal_labels.npz
  [OK]   nangate45_swerv_ar_20_thermal_labels.npz
=========================================
Design: nangate45_swerv_base
  [SKIP] features already extracted
  [RUN]  extract_thermal_labels.py (timeout 3600s)
+ DEFAULT_IMAGE=openroad/orfs:latest
+ FLOW_DIR=/OpenROAD-flow-scripts/flow
+ USE_USER=false
+ DRY_RUN=false
+ PORTS=()
+ IMAGE=
+ CMD_ARGS=()
+ [[ 7 -gt 0 ]]
+ case "$1" in
+ CMD_ARGS=("$@")
+ break
+ IMAGE=openroad/orfs-ml:latest
+ get_container_engine
++ docker --version
+ local 'DOCKER_VERSION_STRING=Docker version 29.7.2, build a7dcaa6'
+ [[ Docker version 29.7.2, build a7dcaa6 == *Docker* ]]
+ container_engine=docker
++ pwd
+ WORKSPACE=/home/mispronounced/Code/JayRaj21/OpenROAD-flow-scripts/flow
+ YOSYS_EXE=/OpenROAD-flow-scripts/tools/install/yosys/bin/yosys
+ OPENROAD_EXE=/OpenROAD-flow-scripts/tools/install/OpenROAD/bin/openroad
+ KLAYOUT_CMD=/usr/bin/klayout
+ XSOCK=/tmp/.X11-unix
+ XAUTH=/tmp/.docker.xauth
+ false
+ xauth nlist :0
+ sed -e 's/^..../ffff/'
+ xauth -f /tmp/.docker.xauth nmerge -
+ test -t 0
+ DOCKER_INTERACTIVE=
+ false
+ [[ docker == podman ]]
++ id -u mispronounced
++ id -g mispronounced
+ user_args='-u 1000:1000'
+ user_env=
+ PORT_ARGS=()
+ CMD_STR=
+ [[ 7 -gt 0 ]]
+ CMD_STR='openroad -python /work/ml/congestion/data_collection/extract_thermal_labels.py --odb /work/results/nangate45/swerv/base/3_place.odb --out /work/ml/congestion/data/nangate45_swerv_base_thermal_labels.npz'
+ ENV_SH_CMD='if [ -f ../env.sh ]; then . ../env.sh; fi;'
+ DOCKER_CMD=("$container_engine" run --rm -i $DOCKER_INTERACTIVE $user_env $user_args -e LIBGL_ALWAYS_SOFTWARE=1 -e QT_X11_NO_MITSHM=1 -e XDG_RUNTIME_DIR=/tmp/xdg-run -e "DISPLAY=${DISPLAY:-:0}" -e QT_XKB_CONFIG_ROOT=/usr/share/X11/xkb -v "$XSOCK:$XSOCK" -v "$XAUTH:$XAUTH" -e "XAUTHORITY=$XAUTH" -e FLOW_HOME=/OpenROAD-flow-scripts/flow/ -e WORK_HOME=/work -e "YOSYS_EXE=$YOSYS_EXE" -e "OPENROAD_EXE=$OPENROAD_EXE" -e "KLAYOUT_CMD=$KLAYOUT_CMD" -v "$WORKSPACE:/work:Z" --network host "${PORT_ARGS[@]}" "$IMAGE" bash -c "set -ex; mkdir /tmp/xdg-run; cd ${FLOW_DIR}; ${ENV_SH_CMD}$CMD_STR")
+ false
+ exec docker run --rm -i -u 1000:1000 -e LIBGL_ALWAYS_SOFTWARE=1 -e QT_X11_NO_MITSHM=1 -e XDG_RUNTIME_DIR=/tmp/xdg-run -e DISPLAY=:0 -e QT_XKB_CONFIG_ROOT=/usr/share/X11/xkb -v /tmp/.X11-unix:/tmp/.X11-unix -v /tmp/.docker.xauth:/tmp/.docker.xauth -e XAUTHORITY=/tmp/.docker.xauth -e FLOW_HOME=/OpenROAD-flow-scripts/flow/ -e WORK_HOME=/work -e YOSYS_EXE=/OpenROAD-flow-scripts/tools/install/yosys/bin/yosys -e OPENROAD_EXE=/OpenROAD-flow-scripts/tools/install/OpenROAD/bin/openroad -e KLAYOUT_CMD=/usr/bin/klayout -v /home/mispronounced/Code/JayRaj21/OpenROAD-flow-scripts/flow:/work:Z --network host openroad/orfs-ml:latest bash -c 'set -ex; mkdir /tmp/xdg-run; cd /OpenROAD-flow-scripts/flow; if [ -f ../env.sh ]; then . ../env.sh; fi;openroad -python /work/ml/congestion/data_collection/extract_thermal_labels.py --odb /work/results/nangate45/swerv/base/3_place.odb --out /work/ml/congestion/data/nangate45_swerv_base_thermal_labels.npz'
+ mkdir /tmp/xdg-run
+ cd /OpenROAD-flow-scripts/flow
+ '[' -f ../env.sh ']'
+ . ../env.sh
++ __setpaths
++ [[ linux-gnu == \d\a\r\w\i\n* ]]
++++ readlink -f ../env.sh
+++ dirname /OpenROAD-flow-scripts/env.sh
++ DIR=/OpenROAD-flow-scripts
++ export OPENROAD=/OpenROAD-flow-scripts/tools/OpenROAD
++ OPENROAD=/OpenROAD-flow-scripts/tools/OpenROAD
++ echo 'OPENROAD: /OpenROAD-flow-scripts/tools/OpenROAD'
++ export PATH=/OpenROAD-flow-scripts/tools/install/OpenROAD/bin:/usr/local/bin/wrapped-cc:/usr/local/sbin:/usr/local/bin:/usr/sbin:/usr/bin:/sbin:/bin
++ PATH=/OpenROAD-flow-scripts/tools/install/OpenROAD/bin:/usr/local/bin/wrapped-cc:/usr/local/sbin:/usr/local/bin:/usr/sbin:/usr/bin:/sbin:/bin
++ export PATH=/OpenROAD-flow-scripts/tools/install/yosys/bin:/OpenROAD-flow-scripts/tools/install/OpenROAD/bin:/usr/local/bin/wrapped-cc:/usr/local/sbin:/usr/local/bin:/usr/sbin:/usr/bin:/sbin:/bin
++ PATH=/OpenROAD-flow-scripts/tools/install/yosys/bin:/OpenROAD-flow-scripts/tools/install/OpenROAD/bin:/usr/local/bin/wrapped-cc:/usr/local/sbin:/usr/local/bin:/usr/sbin:/usr/bin:/sbin:/bin
++ export PATH=/OpenROAD-flow-scripts/tools/install/kepler-formal/bin:/OpenROAD-flow-scripts/tools/install/yosys/bin:/OpenROAD-flow-scripts/tools/install/OpenROAD/bin:/usr/local/bin/wrapped-cc:/usr/local/sbin:/usr/local/bin:/usr/sbin:/usr/bin:/sbin:/bin
++ PATH=/OpenROAD-flow-scripts/tools/install/kepler-formal/bin:/OpenROAD-flow-scripts/tools/install/yosys/bin:/OpenROAD-flow-scripts/tools/install/OpenROAD/bin:/usr/local/bin/wrapped-cc:/usr/local/sbin:/usr/local/bin:/usr/sbin:/usr/bin:/sbin:/bin
++ [[ linux-gnu == \d\a\r\w\i\n* ]]
++ export FLOW_HOME=/OpenROAD-flow-scripts/flow
++ FLOW_HOME=/OpenROAD-flow-scripts/flow
OPENROAD: /OpenROAD-flow-scripts/tools/OpenROAD
++ unset -f __setpaths
+ openroad -python /work/ml/congestion/data_collection/extract_thermal_labels.py --odb /work/results/nangate45/swerv/base/3_place.odb --out /work/ml/congestion/data/nangate45_swerv_base_thermal_labels.npz
OpenROAD 26Q2-1671-g0a1b0872a0 
Features included (+) or not (-): +GPU +GUI +Python
This program is licensed under the BSD-3 license. See the LICENSE file for details.
Components of this program may be licensed under more restrictive licenses which must be honored.
[WARNING ORD-0039] .openroad ignored with -python
[WARNING ORD-0012] Hierarchical flow (-hier) is currently in development and may cause multiple issues. Do not use in production environments.
[thermal] Reading placement from /work/results/nangate45/swerv/base/3_place.odb
[thermal] Die: 0.48×0.48 mm  (0.2322 mm²)  Grid: 64×64
[thermal] Cell-type power breakdown:
          clock:      1 cells (  0.0% count)  →    0.0% weighted power
          seq  :  11274 cells ( 13.2% count)  →   65.5% weighted power
          macro:      0 cells (  0.0% count)  →    0.0% weighted power
          comb :  74313 cells ( 86.8% count)  →   34.5% weighted power
[thermal] Total power: 2321.6 mW
[thermal] Running HotSpot (64×64 = 4096 blocks)...
[thermal] Temperature: min=108.9°C  max=113.3°C  peak-to-peak=4.4°C
[thermal] Saved → /work/ml/congestion/data/nangate45_swerv_base_thermal_labels.npz
  [OK]   nangate45_swerv_base_thermal_labels.npz
=========================================
Design: nangate45_swerv_hi_util
  [SKIP] features already extracted
  [RUN]  extract_thermal_labels.py (timeout 3600s)
+ DEFAULT_IMAGE=openroad/orfs:latest
+ FLOW_DIR=/OpenROAD-flow-scripts/flow
+ USE_USER=false
+ DRY_RUN=false
+ PORTS=()
+ IMAGE=
+ CMD_ARGS=()
+ [[ 7 -gt 0 ]]
+ case "$1" in
+ CMD_ARGS=("$@")
+ break
+ IMAGE=openroad/orfs-ml:latest
+ get_container_engine
++ docker --version
+ local 'DOCKER_VERSION_STRING=Docker version 29.7.2, build a7dcaa6'
+ [[ Docker version 29.7.2, build a7dcaa6 == *Docker* ]]
+ container_engine=docker
++ pwd
+ WORKSPACE=/home/mispronounced/Code/JayRaj21/OpenROAD-flow-scripts/flow
+ YOSYS_EXE=/OpenROAD-flow-scripts/tools/install/yosys/bin/yosys
+ OPENROAD_EXE=/OpenROAD-flow-scripts/tools/install/OpenROAD/bin/openroad
+ KLAYOUT_CMD=/usr/bin/klayout
+ XSOCK=/tmp/.X11-unix
+ XAUTH=/tmp/.docker.xauth
+ false
+ xauth nlist :0
+ sed -e 's/^..../ffff/'
+ xauth -f /tmp/.docker.xauth nmerge -
+ test -t 0
+ DOCKER_INTERACTIVE=
+ false
+ [[ docker == podman ]]
++ id -u mispronounced
++ id -g mispronounced
+ user_args='-u 1000:1000'
+ user_env=
+ PORT_ARGS=()
+ CMD_STR=
+ [[ 7 -gt 0 ]]
+ CMD_STR='openroad -python /work/ml/congestion/data_collection/extract_thermal_labels.py --odb /work/results/nangate45/swerv/hi_util/3_place.odb --out /work/ml/congestion/data/nangate45_swerv_hi_util_thermal_labels.npz'
+ ENV_SH_CMD='if [ -f ../env.sh ]; then . ../env.sh; fi;'
+ DOCKER_CMD=("$container_engine" run --rm -i $DOCKER_INTERACTIVE $user_env $user_args -e LIBGL_ALWAYS_SOFTWARE=1 -e QT_X11_NO_MITSHM=1 -e XDG_RUNTIME_DIR=/tmp/xdg-run -e "DISPLAY=${DISPLAY:-:0}" -e QT_XKB_CONFIG_ROOT=/usr/share/X11/xkb -v "$XSOCK:$XSOCK" -v "$XAUTH:$XAUTH" -e "XAUTHORITY=$XAUTH" -e FLOW_HOME=/OpenROAD-flow-scripts/flow/ -e WORK_HOME=/work -e "YOSYS_EXE=$YOSYS_EXE" -e "OPENROAD_EXE=$OPENROAD_EXE" -e "KLAYOUT_CMD=$KLAYOUT_CMD" -v "$WORKSPACE:/work:Z" --network host "${PORT_ARGS[@]}" "$IMAGE" bash -c "set -ex; mkdir /tmp/xdg-run; cd ${FLOW_DIR}; ${ENV_SH_CMD}$CMD_STR")
+ false
+ exec docker run --rm -i -u 1000:1000 -e LIBGL_ALWAYS_SOFTWARE=1 -e QT_X11_NO_MITSHM=1 -e XDG_RUNTIME_DIR=/tmp/xdg-run -e DISPLAY=:0 -e QT_XKB_CONFIG_ROOT=/usr/share/X11/xkb -v /tmp/.X11-unix:/tmp/.X11-unix -v /tmp/.docker.xauth:/tmp/.docker.xauth -e XAUTHORITY=/tmp/.docker.xauth -e FLOW_HOME=/OpenROAD-flow-scripts/flow/ -e WORK_HOME=/work -e YOSYS_EXE=/OpenROAD-flow-scripts/tools/install/yosys/bin/yosys -e OPENROAD_EXE=/OpenROAD-flow-scripts/tools/install/OpenROAD/bin/openroad -e KLAYOUT_CMD=/usr/bin/klayout -v /home/mispronounced/Code/JayRaj21/OpenROAD-flow-scripts/flow:/work:Z --network host openroad/orfs-ml:latest bash -c 'set -ex; mkdir /tmp/xdg-run; cd /OpenROAD-flow-scripts/flow; if [ -f ../env.sh ]; then . ../env.sh; fi;openroad -python /work/ml/congestion/data_collection/extract_thermal_labels.py --odb /work/results/nangate45/swerv/hi_util/3_place.odb --out /work/ml/congestion/data/nangate45_swerv_hi_util_thermal_labels.npz'
+ mkdir /tmp/xdg-run
+ cd /OpenROAD-flow-scripts/flow
+ '[' -f ../env.sh ']'
+ . ../env.sh
++ __setpaths
++ [[ linux-gnu == \d\a\r\w\i\n* ]]
++++ readlink -f ../env.sh
+++ dirname /OpenROAD-flow-scripts/env.sh
++ DIR=/OpenROAD-flow-scripts
++ export OPENROAD=/OpenROAD-flow-scripts/tools/OpenROAD
++ OPENROAD=/OpenROAD-flow-scripts/tools/OpenROAD
++ echo 'OPENROAD: /OpenROAD-flow-scripts/tools/OpenROAD'
OPENROAD: /OpenROAD-flow-scripts/tools/OpenROAD
++ export PATH=/OpenROAD-flow-scripts/tools/install/OpenROAD/bin:/usr/local/bin/wrapped-cc:/usr/local/sbin:/usr/local/bin:/usr/sbin:/usr/bin:/sbin:/bin
++ PATH=/OpenROAD-flow-scripts/tools/install/OpenROAD/bin:/usr/local/bin/wrapped-cc:/usr/local/sbin:/usr/local/bin:/usr/sbin:/usr/bin:/sbin:/bin
++ export PATH=/OpenROAD-flow-scripts/tools/install/yosys/bin:/OpenROAD-flow-scripts/tools/install/OpenROAD/bin:/usr/local/bin/wrapped-cc:/usr/local/sbin:/usr/local/bin:/usr/sbin:/usr/bin:/sbin:/bin
++ PATH=/OpenROAD-flow-scripts/tools/install/yosys/bin:/OpenROAD-flow-scripts/tools/install/OpenROAD/bin:/usr/local/bin/wrapped-cc:/usr/local/sbin:/usr/local/bin:/usr/sbin:/usr/bin:/sbin:/bin
++ export PATH=/OpenROAD-flow-scripts/tools/install/kepler-formal/bin:/OpenROAD-flow-scripts/tools/install/yosys/bin:/OpenROAD-flow-scripts/tools/install/OpenROAD/bin:/usr/local/bin/wrapped-cc:/usr/local/sbin:/usr/local/bin:/usr/sbin:/usr/bin:/sbin:/bin
++ PATH=/OpenROAD-flow-scripts/tools/install/kepler-formal/bin:/OpenROAD-flow-scripts/tools/install/yosys/bin:/OpenROAD-flow-scripts/tools/install/OpenROAD/bin:/usr/local/bin/wrapped-cc:/usr/local/sbin:/usr/local/bin:/usr/sbin:/usr/bin:/sbin:/bin
++ [[ linux-gnu == \d\a\r\w\i\n* ]]
++ export FLOW_HOME=/OpenROAD-flow-scripts/flow
++ FLOW_HOME=/OpenROAD-flow-scripts/flow
++ unset -f __setpaths
+ openroad -python /work/ml/congestion/data_collection/extract_thermal_labels.py --odb /work/results/nangate45/swerv/hi_util/3_place.odb --out /work/ml/congestion/data/nangate45_swerv_hi_util_thermal_labels.npz
OpenROAD 26Q2-1671-g0a1b0872a0 
Features included (+) or not (-): +GPU +GUI +Python
This program is licensed under the BSD-3 license. See the LICENSE file for details.
Components of this program may be licensed under more restrictive licenses which must be honored.
[WARNING ORD-0039] .openroad ignored with -python
[WARNING ORD-0012] Hierarchical flow (-hier) is currently in development and may cause multiple issues. Do not use in production environments.
[thermal] Reading placement from /work/results/nangate45/swerv/hi_util/3_place.odb
[thermal] Die: 0.42×0.42 mm  (0.1786 mm²)  Grid: 64×64
[thermal] Cell-type power breakdown:
          clock:      1 cells (  0.0% count)  →    0.0% weighted power
          seq  :  11274 cells ( 13.4% count)  →   65.9% weighted power
          macro:      0 cells (  0.0% count)  →    0.0% weighted power
          comb :  72879 cells ( 86.6% count)  →   34.1% weighted power
[thermal] Total power: 1786.0 mW
[thermal] Running HotSpot (64×64 = 4096 blocks)...
[thermal] Temperature: min=109.0°C  max=112.6°C  peak-to-peak=3.7°C
[thermal] Saved → /work/ml/congestion/data/nangate45_swerv_hi_util_thermal_labels.npz
  [OK]   nangate45_swerv_hi_util_thermal_labels.npz
=========================================
Design: nangate45_swerv_pipeline_80
  [SKIP] features already extracted
  [RUN]  extract_thermal_labels.py (timeout 3600s)
+ DEFAULT_IMAGE=openroad/orfs:latest
+ FLOW_DIR=/OpenROAD-flow-scripts/flow
+ USE_USER=false
+ DRY_RUN=false
+ PORTS=()
+ IMAGE=
+ CMD_ARGS=()
+ [[ 7 -gt 0 ]]
+ case "$1" in
+ CMD_ARGS=("$@")
+ break
+ IMAGE=openroad/orfs-ml:latest
+ get_container_engine
++ docker --version
+ local 'DOCKER_VERSION_STRING=Docker version 29.7.2, build a7dcaa6'
+ [[ Docker version 29.7.2, build a7dcaa6 == *Docker* ]]
+ container_engine=docker
++ pwd
+ WORKSPACE=/home/mispronounced/Code/JayRaj21/OpenROAD-flow-scripts/flow
+ YOSYS_EXE=/OpenROAD-flow-scripts/tools/install/yosys/bin/yosys
+ OPENROAD_EXE=/OpenROAD-flow-scripts/tools/install/OpenROAD/bin/openroad
+ KLAYOUT_CMD=/usr/bin/klayout
+ XSOCK=/tmp/.X11-unix
+ XAUTH=/tmp/.docker.xauth
+ false
+ xauth nlist :0
+ sed -e 's/^..../ffff/'
+ xauth -f /tmp/.docker.xauth nmerge -
+ test -t 0
+ DOCKER_INTERACTIVE=
+ false
+ [[ docker == podman ]]
++ id -u mispronounced
++ id -g mispronounced
+ user_args='-u 1000:1000'
+ user_env=
+ PORT_ARGS=()
+ CMD_STR=
+ [[ 7 -gt 0 ]]
+ CMD_STR='openroad -python /work/ml/congestion/data_collection/extract_thermal_labels.py --odb /work/results/nangate45/swerv/pipeline_80/3_place.odb --out /work/ml/congestion/data/nangate45_swerv_pipeline_80_thermal_labels.npz'
+ ENV_SH_CMD='if [ -f ../env.sh ]; then . ../env.sh; fi;'
+ DOCKER_CMD=("$container_engine" run --rm -i $DOCKER_INTERACTIVE $user_env $user_args -e LIBGL_ALWAYS_SOFTWARE=1 -e QT_X11_NO_MITSHM=1 -e XDG_RUNTIME_DIR=/tmp/xdg-run -e "DISPLAY=${DISPLAY:-:0}" -e QT_XKB_CONFIG_ROOT=/usr/share/X11/xkb -v "$XSOCK:$XSOCK" -v "$XAUTH:$XAUTH" -e "XAUTHORITY=$XAUTH" -e FLOW_HOME=/OpenROAD-flow-scripts/flow/ -e WORK_HOME=/work -e "YOSYS_EXE=$YOSYS_EXE" -e "OPENROAD_EXE=$OPENROAD_EXE" -e "KLAYOUT_CMD=$KLAYOUT_CMD" -v "$WORKSPACE:/work:Z" --network host "${PORT_ARGS[@]}" "$IMAGE" bash -c "set -ex; mkdir /tmp/xdg-run; cd ${FLOW_DIR}; ${ENV_SH_CMD}$CMD_STR")
+ false
+ exec docker run --rm -i -u 1000:1000 -e LIBGL_ALWAYS_SOFTWARE=1 -e QT_X11_NO_MITSHM=1 -e XDG_RUNTIME_DIR=/tmp/xdg-run -e DISPLAY=:0 -e QT_XKB_CONFIG_ROOT=/usr/share/X11/xkb -v /tmp/.X11-unix:/tmp/.X11-unix -v /tmp/.docker.xauth:/tmp/.docker.xauth -e XAUTHORITY=/tmp/.docker.xauth -e FLOW_HOME=/OpenROAD-flow-scripts/flow/ -e WORK_HOME=/work -e YOSYS_EXE=/OpenROAD-flow-scripts/tools/install/yosys/bin/yosys -e OPENROAD_EXE=/OpenROAD-flow-scripts/tools/install/OpenROAD/bin/openroad -e KLAYOUT_CMD=/usr/bin/klayout -v /home/mispronounced/Code/JayRaj21/OpenROAD-flow-scripts/flow:/work:Z --network host openroad/orfs-ml:latest bash -c 'set -ex; mkdir /tmp/xdg-run; cd /OpenROAD-flow-scripts/flow; if [ -f ../env.sh ]; then . ../env.sh; fi;openroad -python /work/ml/congestion/data_collection/extract_thermal_labels.py --odb /work/results/nangate45/swerv/pipeline_80/3_place.odb --out /work/ml/congestion/data/nangate45_swerv_pipeline_80_thermal_labels.npz'
+ mkdir /tmp/xdg-run
+ cd /OpenROAD-flow-scripts/flow
+ '[' -f ../env.sh ']'
+ . ../env.sh
++ __setpaths
++ [[ linux-gnu == \d\a\r\w\i\n* ]]
++++ readlink -f ../env.sh
+++ dirname /OpenROAD-flow-scripts/env.sh
OPENROAD: /OpenROAD-flow-scripts/tools/OpenROAD
++ DIR=/OpenROAD-flow-scripts
++ export OPENROAD=/OpenROAD-flow-scripts/tools/OpenROAD
++ OPENROAD=/OpenROAD-flow-scripts/tools/OpenROAD
++ echo 'OPENROAD: /OpenROAD-flow-scripts/tools/OpenROAD'
++ export PATH=/OpenROAD-flow-scripts/tools/install/OpenROAD/bin:/usr/local/bin/wrapped-cc:/usr/local/sbin:/usr/local/bin:/usr/sbin:/usr/bin:/sbin:/bin
++ PATH=/OpenROAD-flow-scripts/tools/install/OpenROAD/bin:/usr/local/bin/wrapped-cc:/usr/local/sbin:/usr/local/bin:/usr/sbin:/usr/bin:/sbin:/bin
++ export PATH=/OpenROAD-flow-scripts/tools/install/yosys/bin:/OpenROAD-flow-scripts/tools/install/OpenROAD/bin:/usr/local/bin/wrapped-cc:/usr/local/sbin:/usr/local/bin:/usr/sbin:/usr/bin:/sbin:/bin
++ PATH=/OpenROAD-flow-scripts/tools/install/yosys/bin:/OpenROAD-flow-scripts/tools/install/OpenROAD/bin:/usr/local/bin/wrapped-cc:/usr/local/sbin:/usr/local/bin:/usr/sbin:/usr/bin:/sbin:/bin
++ export PATH=/OpenROAD-flow-scripts/tools/install/kepler-formal/bin:/OpenROAD-flow-scripts/tools/install/yosys/bin:/OpenROAD-flow-scripts/tools/install/OpenROAD/bin:/usr/local/bin/wrapped-cc:/usr/local/sbin:/usr/local/bin:/usr/sbin:/usr/bin:/sbin:/bin
++ PATH=/OpenROAD-flow-scripts/tools/install/kepler-formal/bin:/OpenROAD-flow-scripts/tools/install/yosys/bin:/OpenROAD-flow-scripts/tools/install/OpenROAD/bin:/usr/local/bin/wrapped-cc:/usr/local/sbin:/usr/local/bin:/usr/sbin:/usr/bin:/sbin:/bin
++ [[ linux-gnu == \d\a\r\w\i\n* ]]
++ export FLOW_HOME=/OpenROAD-flow-scripts/flow
++ FLOW_HOME=/OpenROAD-flow-scripts/flow
++ unset -f __setpaths
+ openroad -python /work/ml/congestion/data_collection/extract_thermal_labels.py --odb /work/results/nangate45/swerv/pipeline_80/3_place.odb --out /work/ml/congestion/data/nangate45_swerv_pipeline_80_thermal_labels.npz
OpenROAD 26Q2-1671-g0a1b0872a0 
Features included (+) or not (-): +GPU +GUI +Python
This program is licensed under the BSD-3 license. See the LICENSE file for details.
Components of this program may be licensed under more restrictive licenses which must be honored.
[WARNING ORD-0039] .openroad ignored with -python
[WARNING ORD-0012] Hierarchical flow (-hier) is currently in development and may cause multiple issues. Do not use in production environments.
[thermal] Reading placement from /work/results/nangate45/swerv/pipeline_80/3_place.odb
[thermal] Die: 0.44×0.44 mm  (0.1895 mm²)  Grid: 64×64
[thermal] Cell-type power breakdown:
          clock:      1 cells (  0.0% count)  →    0.0% weighted power
          seq  :  11274 cells ( 13.3% count)  →   65.8% weighted power
          macro:      0 cells (  0.0% count)  →    0.0% weighted power
          comb :  73294 cells ( 86.7% count)  →   34.2% weighted power
[thermal] Total power: 1894.9 mW
[thermal] Running HotSpot (64×64 = 4096 blocks)...
[thermal] Temperature: min=108.9°C  max=112.7°C  peak-to-peak=3.8°C
[thermal] Saved → /work/ml/congestion/data/nangate45_swerv_pipeline_80_thermal_labels.npz
  [OK]   nangate45_swerv_pipeline_80_thermal_labels.npz
=========================================
Design: nangate45_swerv_util_60
  [SKIP] features already extracted
  [RUN]  extract_thermal_labels.py (timeout 3600s)
+ DEFAULT_IMAGE=openroad/orfs:latest
+ FLOW_DIR=/OpenROAD-flow-scripts/flow
+ USE_USER=false
+ DRY_RUN=false
+ PORTS=()
+ IMAGE=
+ CMD_ARGS=()
+ [[ 7 -gt 0 ]]
+ case "$1" in
+ CMD_ARGS=("$@")
+ break
+ IMAGE=openroad/orfs-ml:latest
+ get_container_engine
++ docker --version
+ local 'DOCKER_VERSION_STRING=Docker version 29.7.2, build a7dcaa6'
+ [[ Docker version 29.7.2, build a7dcaa6 == *Docker* ]]
+ container_engine=docker
++ pwd
+ WORKSPACE=/home/mispronounced/Code/JayRaj21/OpenROAD-flow-scripts/flow
+ YOSYS_EXE=/OpenROAD-flow-scripts/tools/install/yosys/bin/yosys
+ OPENROAD_EXE=/OpenROAD-flow-scripts/tools/install/OpenROAD/bin/openroad
+ KLAYOUT_CMD=/usr/bin/klayout
+ XSOCK=/tmp/.X11-unix
+ XAUTH=/tmp/.docker.xauth
+ false
+ xauth nlist :0
+ sed -e 's/^..../ffff/'
+ xauth -f /tmp/.docker.xauth nmerge -
+ test -t 0
+ DOCKER_INTERACTIVE=
+ false
+ [[ docker == podman ]]
++ id -u mispronounced
++ id -g mispronounced
+ user_args='-u 1000:1000'
+ user_env=
+ PORT_ARGS=()
+ CMD_STR=
+ [[ 7 -gt 0 ]]
+ CMD_STR='openroad -python /work/ml/congestion/data_collection/extract_thermal_labels.py --odb /work/results/nangate45/swerv/util_60/3_place.odb --out /work/ml/congestion/data/nangate45_swerv_util_60_thermal_labels.npz'
+ ENV_SH_CMD='if [ -f ../env.sh ]; then . ../env.sh; fi;'
+ DOCKER_CMD=("$container_engine" run --rm -i $DOCKER_INTERACTIVE $user_env $user_args -e LIBGL_ALWAYS_SOFTWARE=1 -e QT_X11_NO_MITSHM=1 -e XDG_RUNTIME_DIR=/tmp/xdg-run -e "DISPLAY=${DISPLAY:-:0}" -e QT_XKB_CONFIG_ROOT=/usr/share/X11/xkb -v "$XSOCK:$XSOCK" -v "$XAUTH:$XAUTH" -e "XAUTHORITY=$XAUTH" -e FLOW_HOME=/OpenROAD-flow-scripts/flow/ -e WORK_HOME=/work -e "YOSYS_EXE=$YOSYS_EXE" -e "OPENROAD_EXE=$OPENROAD_EXE" -e "KLAYOUT_CMD=$KLAYOUT_CMD" -v "$WORKSPACE:/work:Z" --network host "${PORT_ARGS[@]}" "$IMAGE" bash -c "set -ex; mkdir /tmp/xdg-run; cd ${FLOW_DIR}; ${ENV_SH_CMD}$CMD_STR")
+ false
+ exec docker run --rm -i -u 1000:1000 -e LIBGL_ALWAYS_SOFTWARE=1 -e QT_X11_NO_MITSHM=1 -e XDG_RUNTIME_DIR=/tmp/xdg-run -e DISPLAY=:0 -e QT_XKB_CONFIG_ROOT=/usr/share/X11/xkb -v /tmp/.X11-unix:/tmp/.X11-unix -v /tmp/.docker.xauth:/tmp/.docker.xauth -e XAUTHORITY=/tmp/.docker.xauth -e FLOW_HOME=/OpenROAD-flow-scripts/flow/ -e WORK_HOME=/work -e YOSYS_EXE=/OpenROAD-flow-scripts/tools/install/yosys/bin/yosys -e OPENROAD_EXE=/OpenROAD-flow-scripts/tools/install/OpenROAD/bin/openroad -e KLAYOUT_CMD=/usr/bin/klayout -v /home/mispronounced/Code/JayRaj21/OpenROAD-flow-scripts/flow:/work:Z --network host openroad/orfs-ml:latest bash -c 'set -ex; mkdir /tmp/xdg-run; cd /OpenROAD-flow-scripts/flow; if [ -f ../env.sh ]; then . ../env.sh; fi;openroad -python /work/ml/congestion/data_collection/extract_thermal_labels.py --odb /work/results/nangate45/swerv/util_60/3_place.odb --out /work/ml/congestion/data/nangate45_swerv_util_60_thermal_labels.npz'
+ mkdir /tmp/xdg-run
+ cd /OpenROAD-flow-scripts/flow
+ '[' -f ../env.sh ']'
+ . ../env.sh
++ __setpaths
++ [[ linux-gnu == \d\a\r\w\i\n* ]]
++++ readlink -f ../env.sh
+++ dirname /OpenROAD-flow-scripts/env.sh
++ DIR=/OpenROAD-flow-scripts
++ export OPENROAD=/OpenROAD-flow-scripts/tools/OpenROAD
++ OPENROAD=/OpenROAD-flow-scripts/tools/OpenROAD
++ echo 'OPENROAD: /OpenROAD-flow-scripts/tools/OpenROAD'
OPENROAD: /OpenROAD-flow-scripts/tools/OpenROAD
++ export PATH=/OpenROAD-flow-scripts/tools/install/OpenROAD/bin:/usr/local/bin/wrapped-cc:/usr/local/sbin:/usr/local/bin:/usr/sbin:/usr/bin:/sbin:/bin
++ PATH=/OpenROAD-flow-scripts/tools/install/OpenROAD/bin:/usr/local/bin/wrapped-cc:/usr/local/sbin:/usr/local/bin:/usr/sbin:/usr/bin:/sbin:/bin
++ export PATH=/OpenROAD-flow-scripts/tools/install/yosys/bin:/OpenROAD-flow-scripts/tools/install/OpenROAD/bin:/usr/local/bin/wrapped-cc:/usr/local/sbin:/usr/local/bin:/usr/sbin:/usr/bin:/sbin:/bin
++ PATH=/OpenROAD-flow-scripts/tools/install/yosys/bin:/OpenROAD-flow-scripts/tools/install/OpenROAD/bin:/usr/local/bin/wrapped-cc:/usr/local/sbin:/usr/local/bin:/usr/sbin:/usr/bin:/sbin:/bin
++ export PATH=/OpenROAD-flow-scripts/tools/install/kepler-formal/bin:/OpenROAD-flow-scripts/tools/install/yosys/bin:/OpenROAD-flow-scripts/tools/install/OpenROAD/bin:/usr/local/bin/wrapped-cc:/usr/local/sbin:/usr/local/bin:/usr/sbin:/usr/bin:/sbin:/bin
++ PATH=/OpenROAD-flow-scripts/tools/install/kepler-formal/bin:/OpenROAD-flow-scripts/tools/install/yosys/bin:/OpenROAD-flow-scripts/tools/install/OpenROAD/bin:/usr/local/bin/wrapped-cc:/usr/local/sbin:/usr/local/bin:/usr/sbin:/usr/bin:/sbin:/bin
++ [[ linux-gnu == \d\a\r\w\i\n* ]]
++ export FLOW_HOME=/OpenROAD-flow-scripts/flow
++ FLOW_HOME=/OpenROAD-flow-scripts/flow
++ unset -f __setpaths
+ openroad -python /work/ml/congestion/data_collection/extract_thermal_labels.py --odb /work/results/nangate45/swerv/util_60/3_place.odb --out /work/ml/congestion/data/nangate45_swerv_util_60_thermal_labels.npz
OpenROAD 26Q2-1671-g0a1b0872a0 
Features included (+) or not (-): +GPU +GUI +Python
This program is licensed under the BSD-3 license. See the LICENSE file for details.
Components of this program may be licensed under more restrictive licenses which must be honored.
[WARNING ORD-0039] .openroad ignored with -python
[WARNING ORD-0012] Hierarchical flow (-hier) is currently in development and may cause multiple issues. Do not use in production environments.
[thermal] Reading placement from /work/results/nangate45/swerv/util_60/3_place.odb
[thermal] Die: 0.50×0.50 mm  (0.2511 mm²)  Grid: 64×64
[thermal] Cell-type power breakdown:
          clock:      1 cells (  0.0% count)  →    0.0% weighted power
          seq  :  11274 cells ( 13.1% count)  →   65.5% weighted power
          macro:      0 cells (  0.0% count)  →    0.0% weighted power
          comb :  74649 cells ( 86.9% count)  →   34.5% weighted power
[thermal] Total power: 2511.0 mW
[thermal] Running HotSpot (64×64 = 4096 blocks)...
[thermal] Temperature: min=108.9°C  max=113.5°C  peak-to-peak=4.6°C
[thermal] Saved → /work/ml/congestion/data/nangate45_swerv_util_60_thermal_labels.npz
  [OK]   nangate45_swerv_util_60_thermal_labels.npz
=========================================
Design: nangate45_swerv_util_70
  [SKIP] features already extracted
  [RUN]  extract_thermal_labels.py (timeout 3600s)
+ DEFAULT_IMAGE=openroad/orfs:latest
+ FLOW_DIR=/OpenROAD-flow-scripts/flow
+ USE_USER=false
+ DRY_RUN=false
+ PORTS=()
+ IMAGE=
+ CMD_ARGS=()
+ [[ 7 -gt 0 ]]
+ case "$1" in
+ CMD_ARGS=("$@")
+ break
+ IMAGE=openroad/orfs-ml:latest
+ get_container_engine
++ docker --version
+ local 'DOCKER_VERSION_STRING=Docker version 29.7.2, build a7dcaa6'
+ [[ Docker version 29.7.2, build a7dcaa6 == *Docker* ]]
+ container_engine=docker
++ pwd
+ WORKSPACE=/home/mispronounced/Code/JayRaj21/OpenROAD-flow-scripts/flow
+ YOSYS_EXE=/OpenROAD-flow-scripts/tools/install/yosys/bin/yosys
+ OPENROAD_EXE=/OpenROAD-flow-scripts/tools/install/OpenROAD/bin/openroad
+ KLAYOUT_CMD=/usr/bin/klayout
+ XSOCK=/tmp/.X11-unix
+ XAUTH=/tmp/.docker.xauth
+ false
+ xauth nlist :0
+ sed -e 's/^..../ffff/'
+ xauth -f /tmp/.docker.xauth nmerge -
+ test -t 0
+ DOCKER_INTERACTIVE=
+ false
+ [[ docker == podman ]]
++ id -u mispronounced
++ id -g mispronounced
+ user_args='-u 1000:1000'
+ user_env=
+ PORT_ARGS=()
+ CMD_STR=
+ [[ 7 -gt 0 ]]
+ CMD_STR='openroad -python /work/ml/congestion/data_collection/extract_thermal_labels.py --odb /work/results/nangate45/swerv/util_70/3_place.odb --out /work/ml/congestion/data/nangate45_swerv_util_70_thermal_labels.npz'
+ ENV_SH_CMD='if [ -f ../env.sh ]; then . ../env.sh; fi;'
+ DOCKER_CMD=("$container_engine" run --rm -i $DOCKER_INTERACTIVE $user_env $user_args -e LIBGL_ALWAYS_SOFTWARE=1 -e QT_X11_NO_MITSHM=1 -e XDG_RUNTIME_DIR=/tmp/xdg-run -e "DISPLAY=${DISPLAY:-:0}" -e QT_XKB_CONFIG_ROOT=/usr/share/X11/xkb -v "$XSOCK:$XSOCK" -v "$XAUTH:$XAUTH" -e "XAUTHORITY=$XAUTH" -e FLOW_HOME=/OpenROAD-flow-scripts/flow/ -e WORK_HOME=/work -e "YOSYS_EXE=$YOSYS_EXE" -e "OPENROAD_EXE=$OPENROAD_EXE" -e "KLAYOUT_CMD=$KLAYOUT_CMD" -v "$WORKSPACE:/work:Z" --network host "${PORT_ARGS[@]}" "$IMAGE" bash -c "set -ex; mkdir /tmp/xdg-run; cd ${FLOW_DIR}; ${ENV_SH_CMD}$CMD_STR")
+ false
+ exec docker run --rm -i -u 1000:1000 -e LIBGL_ALWAYS_SOFTWARE=1 -e QT_X11_NO_MITSHM=1 -e XDG_RUNTIME_DIR=/tmp/xdg-run -e DISPLAY=:0 -e QT_XKB_CONFIG_ROOT=/usr/share/X11/xkb -v /tmp/.X11-unix:/tmp/.X11-unix -v /tmp/.docker.xauth:/tmp/.docker.xauth -e XAUTHORITY=/tmp/.docker.xauth -e FLOW_HOME=/OpenROAD-flow-scripts/flow/ -e WORK_HOME=/work -e YOSYS_EXE=/OpenROAD-flow-scripts/tools/install/yosys/bin/yosys -e OPENROAD_EXE=/OpenROAD-flow-scripts/tools/install/OpenROAD/bin/openroad -e KLAYOUT_CMD=/usr/bin/klayout -v /home/mispronounced/Code/JayRaj21/OpenROAD-flow-scripts/flow:/work:Z --network host openroad/orfs-ml:latest bash -c 'set -ex; mkdir /tmp/xdg-run; cd /OpenROAD-flow-scripts/flow; if [ -f ../env.sh ]; then . ../env.sh; fi;openroad -python /work/ml/congestion/data_collection/extract_thermal_labels.py --odb /work/results/nangate45/swerv/util_70/3_place.odb --out /work/ml/congestion/data/nangate45_swerv_util_70_thermal_labels.npz'
+ mkdir /tmp/xdg-run
+ cd /OpenROAD-flow-scripts/flow
+ '[' -f ../env.sh ']'
+ . ../env.sh
++ __setpaths
++ [[ linux-gnu == \d\a\r\w\i\n* ]]
++++ readlink -f ../env.sh
+++ dirname /OpenROAD-flow-scripts/env.sh
OPENROAD: /OpenROAD-flow-scripts/tools/OpenROAD
++ DIR=/OpenROAD-flow-scripts
++ export OPENROAD=/OpenROAD-flow-scripts/tools/OpenROAD
++ OPENROAD=/OpenROAD-flow-scripts/tools/OpenROAD
++ echo 'OPENROAD: /OpenROAD-flow-scripts/tools/OpenROAD'
++ export PATH=/OpenROAD-flow-scripts/tools/install/OpenROAD/bin:/usr/local/bin/wrapped-cc:/usr/local/sbin:/usr/local/bin:/usr/sbin:/usr/bin:/sbin:/bin
++ PATH=/OpenROAD-flow-scripts/tools/install/OpenROAD/bin:/usr/local/bin/wrapped-cc:/usr/local/sbin:/usr/local/bin:/usr/sbin:/usr/bin:/sbin:/bin
++ export PATH=/OpenROAD-flow-scripts/tools/install/yosys/bin:/OpenROAD-flow-scripts/tools/install/OpenROAD/bin:/usr/local/bin/wrapped-cc:/usr/local/sbin:/usr/local/bin:/usr/sbin:/usr/bin:/sbin:/bin
++ PATH=/OpenROAD-flow-scripts/tools/install/yosys/bin:/OpenROAD-flow-scripts/tools/install/OpenROAD/bin:/usr/local/bin/wrapped-cc:/usr/local/sbin:/usr/local/bin:/usr/sbin:/usr/bin:/sbin:/bin
++ export PATH=/OpenROAD-flow-scripts/tools/install/kepler-formal/bin:/OpenROAD-flow-scripts/tools/install/yosys/bin:/OpenROAD-flow-scripts/tools/install/OpenROAD/bin:/usr/local/bin/wrapped-cc:/usr/local/sbin:/usr/local/bin:/usr/sbin:/usr/bin:/sbin:/bin
++ PATH=/OpenROAD-flow-scripts/tools/install/kepler-formal/bin:/OpenROAD-flow-scripts/tools/install/yosys/bin:/OpenROAD-flow-scripts/tools/install/OpenROAD/bin:/usr/local/bin/wrapped-cc:/usr/local/sbin:/usr/local/bin:/usr/sbin:/usr/bin:/sbin:/bin
++ [[ linux-gnu == \d\a\r\w\i\n* ]]
++ export FLOW_HOME=/OpenROAD-flow-scripts/flow
++ FLOW_HOME=/OpenROAD-flow-scripts/flow
++ unset -f __setpaths
+ openroad -python /work/ml/congestion/data_collection/extract_thermal_labels.py --odb /work/results/nangate45/swerv/util_70/3_place.odb --out /work/ml/congestion/data/nangate45_swerv_util_70_thermal_labels.npz
OpenROAD 26Q2-1671-g0a1b0872a0 
Features included (+) or not (-): +GPU +GUI +Python
This program is licensed under the BSD-3 license. See the LICENSE file for details.
Components of this program may be licensed under more restrictive licenses which must be honored.
[WARNING ORD-0039] .openroad ignored with -python
[WARNING ORD-0012] Hierarchical flow (-hier) is currently in development and may cause multiple issues. Do not use in production environments.
[thermal] Reading placement from /work/results/nangate45/swerv/util_70/3_place.odb
[thermal] Die: 0.46×0.46 mm  (0.2159 mm²)  Grid: 64×64
[thermal] Cell-type power breakdown:
          clock:      1 cells (  0.0% count)  →    0.0% weighted power
          seq  :  11274 cells ( 13.2% count)  →   65.6% weighted power
          macro:      0 cells (  0.0% count)  →    0.0% weighted power
          comb :  73940 cells ( 86.8% count)  →   34.4% weighted power
[thermal] Total power: 2159.2 mW
[thermal] Running HotSpot (64×64 = 4096 blocks)...
[thermal] Temperature: min=108.9°C  max=113.0°C  peak-to-peak=4.1°C
[thermal] Saved → /work/ml/congestion/data/nangate45_swerv_util_70_thermal_labels.npz
  [OK]   nangate45_swerv_util_70_thermal_labels.npz
=========================================
Design: nangate45_tinyRocket_base
  [SKIP] features already extracted
  [RUN]  extract_thermal_labels.py (timeout 3600s)
+ DEFAULT_IMAGE=openroad/orfs:latest
+ FLOW_DIR=/OpenROAD-flow-scripts/flow
+ USE_USER=false
+ DRY_RUN=false
+ PORTS=()
+ IMAGE=
+ CMD_ARGS=()
+ [[ 7 -gt 0 ]]
+ case "$1" in
+ CMD_ARGS=("$@")
+ break
+ IMAGE=openroad/orfs-ml:latest
+ get_container_engine
++ docker --version
+ local 'DOCKER_VERSION_STRING=Docker version 29.7.2, build a7dcaa6'
+ [[ Docker version 29.7.2, build a7dcaa6 == *Docker* ]]
+ container_engine=docker
++ pwd
+ WORKSPACE=/home/mispronounced/Code/JayRaj21/OpenROAD-flow-scripts/flow
+ YOSYS_EXE=/OpenROAD-flow-scripts/tools/install/yosys/bin/yosys
+ OPENROAD_EXE=/OpenROAD-flow-scripts/tools/install/OpenROAD/bin/openroad
+ KLAYOUT_CMD=/usr/bin/klayout
+ XSOCK=/tmp/.X11-unix
+ XAUTH=/tmp/.docker.xauth
+ false
+ xauth nlist :0
+ sed -e 's/^..../ffff/'
+ xauth -f /tmp/.docker.xauth nmerge -
+ test -t 0
+ DOCKER_INTERACTIVE=
+ false
+ [[ docker == podman ]]
++ id -u mispronounced
++ id -g mispronounced
+ user_args='-u 1000:1000'
+ user_env=
+ PORT_ARGS=()
+ CMD_STR=
+ [[ 7 -gt 0 ]]
+ CMD_STR='openroad -python /work/ml/congestion/data_collection/extract_thermal_labels.py --odb /work/results/nangate45/tinyRocket/base/3_place.odb --out /work/ml/congestion/data/nangate45_tinyRocket_base_thermal_labels.npz'
+ ENV_SH_CMD='if [ -f ../env.sh ]; then . ../env.sh; fi;'
+ DOCKER_CMD=("$container_engine" run --rm -i $DOCKER_INTERACTIVE $user_env $user_args -e LIBGL_ALWAYS_SOFTWARE=1 -e QT_X11_NO_MITSHM=1 -e XDG_RUNTIME_DIR=/tmp/xdg-run -e "DISPLAY=${DISPLAY:-:0}" -e QT_XKB_CONFIG_ROOT=/usr/share/X11/xkb -v "$XSOCK:$XSOCK" -v "$XAUTH:$XAUTH" -e "XAUTHORITY=$XAUTH" -e FLOW_HOME=/OpenROAD-flow-scripts/flow/ -e WORK_HOME=/work -e "YOSYS_EXE=$YOSYS_EXE" -e "OPENROAD_EXE=$OPENROAD_EXE" -e "KLAYOUT_CMD=$KLAYOUT_CMD" -v "$WORKSPACE:/work:Z" --network host "${PORT_ARGS[@]}" "$IMAGE" bash -c "set -ex; mkdir /tmp/xdg-run; cd ${FLOW_DIR}; ${ENV_SH_CMD}$CMD_STR")
+ false
+ exec docker run --rm -i -u 1000:1000 -e LIBGL_ALWAYS_SOFTWARE=1 -e QT_X11_NO_MITSHM=1 -e XDG_RUNTIME_DIR=/tmp/xdg-run -e DISPLAY=:0 -e QT_XKB_CONFIG_ROOT=/usr/share/X11/xkb -v /tmp/.X11-unix:/tmp/.X11-unix -v /tmp/.docker.xauth:/tmp/.docker.xauth -e XAUTHORITY=/tmp/.docker.xauth -e FLOW_HOME=/OpenROAD-flow-scripts/flow/ -e WORK_HOME=/work -e YOSYS_EXE=/OpenROAD-flow-scripts/tools/install/yosys/bin/yosys -e OPENROAD_EXE=/OpenROAD-flow-scripts/tools/install/OpenROAD/bin/openroad -e KLAYOUT_CMD=/usr/bin/klayout -v /home/mispronounced/Code/JayRaj21/OpenROAD-flow-scripts/flow:/work:Z --network host openroad/orfs-ml:latest bash -c 'set -ex; mkdir /tmp/xdg-run; cd /OpenROAD-flow-scripts/flow; if [ -f ../env.sh ]; then . ../env.sh; fi;openroad -python /work/ml/congestion/data_collection/extract_thermal_labels.py --odb /work/results/nangate45/tinyRocket/base/3_place.odb --out /work/ml/congestion/data/nangate45_tinyRocket_base_thermal_labels.npz'
+ mkdir /tmp/xdg-run
+ cd /OpenROAD-flow-scripts/flow
+ '[' -f ../env.sh ']'
+ . ../env.sh
++ __setpaths
++ [[ linux-gnu == \d\a\r\w\i\n* ]]
++++ readlink -f ../env.sh
+++ dirname /OpenROAD-flow-scripts/env.sh
++ DIR=/OpenROAD-flow-scripts
++ export OPENROAD=/OpenROAD-flow-scripts/tools/OpenROAD
++ OPENROAD=/OpenROAD-flow-scripts/tools/OpenROAD
++ echo 'OPENROAD: /OpenROAD-flow-scripts/tools/OpenROAD'
OPENROAD: /OpenROAD-flow-scripts/tools/OpenROAD
++ export PATH=/OpenROAD-flow-scripts/tools/install/OpenROAD/bin:/usr/local/bin/wrapped-cc:/usr/local/sbin:/usr/local/bin:/usr/sbin:/usr/bin:/sbin:/bin
++ PATH=/OpenROAD-flow-scripts/tools/install/OpenROAD/bin:/usr/local/bin/wrapped-cc:/usr/local/sbin:/usr/local/bin:/usr/sbin:/usr/bin:/sbin:/bin
++ export PATH=/OpenROAD-flow-scripts/tools/install/yosys/bin:/OpenROAD-flow-scripts/tools/install/OpenROAD/bin:/usr/local/bin/wrapped-cc:/usr/local/sbin:/usr/local/bin:/usr/sbin:/usr/bin:/sbin:/bin
++ PATH=/OpenROAD-flow-scripts/tools/install/yosys/bin:/OpenROAD-flow-scripts/tools/install/OpenROAD/bin:/usr/local/bin/wrapped-cc:/usr/local/sbin:/usr/local/bin:/usr/sbin:/usr/bin:/sbin:/bin
++ export PATH=/OpenROAD-flow-scripts/tools/install/kepler-formal/bin:/OpenROAD-flow-scripts/tools/install/yosys/bin:/OpenROAD-flow-scripts/tools/install/OpenROAD/bin:/usr/local/bin/wrapped-cc:/usr/local/sbin:/usr/local/bin:/usr/sbin:/usr/bin:/sbin:/bin
++ PATH=/OpenROAD-flow-scripts/tools/install/kepler-formal/bin:/OpenROAD-flow-scripts/tools/install/yosys/bin:/OpenROAD-flow-scripts/tools/install/OpenROAD/bin:/usr/local/bin/wrapped-cc:/usr/local/sbin:/usr/local/bin:/usr/sbin:/usr/bin:/sbin:/bin
++ [[ linux-gnu == \d\a\r\w\i\n* ]]
++ export FLOW_HOME=/OpenROAD-flow-scripts/flow
++ FLOW_HOME=/OpenROAD-flow-scripts/flow
++ unset -f __setpaths
+ openroad -python /work/ml/congestion/data_collection/extract_thermal_labels.py --odb /work/results/nangate45/tinyRocket/base/3_place.odb --out /work/ml/congestion/data/nangate45_tinyRocket_base_thermal_labels.npz
OpenROAD 26Q2-1671-g0a1b0872a0 
Features included (+) or not (-): +GPU +GUI +Python
This program is licensed under the BSD-3 license. See the LICENSE file for details.
Components of this program may be licensed under more restrictive licenses which must be honored.
[WARNING ORD-0039] .openroad ignored with -python
[thermal] Reading placement from /work/results/nangate45/tinyRocket/base/3_place.odb
[thermal] Die 0.30×0.30 mm is small — using 60×60 HotSpot grid (min cell ≥5.0 µm), upsampling to 64×64 for output
[thermal] Cell-type power breakdown:
          clock:      1 cells (  0.0% count)  →    0.0% weighted power
          seq  :   3913 cells ( 13.9% count)  →   57.9% weighted power
          macro:      2 cells (  0.0% count)  →    5.4% weighted power
          comb :  24302 cells ( 86.1% count)  →   36.7% weighted power
[thermal] Total power: 910.5 mW
[thermal] Running HotSpot (60×60 = 3600 blocks)...
[thermal] Temperature: min=109.8°C  max=111.6°C  peak-to-peak=1.8°C
[thermal] Saved → /work/ml/congestion/data/nangate45_tinyRocket_base_thermal_labels.npz
  [OK]   nangate45_tinyRocket_base_thermal_labels.npz
=========================================
Design: sky130hd_aes_base
  [SKIP] features already extracted
  [RUN]  extract_thermal_labels.py (timeout 3600s)
+ DEFAULT_IMAGE=openroad/orfs:latest
+ FLOW_DIR=/OpenROAD-flow-scripts/flow
+ USE_USER=false
+ DRY_RUN=false
+ PORTS=()
+ IMAGE=
+ CMD_ARGS=()
+ [[ 7 -gt 0 ]]
+ case "$1" in
+ CMD_ARGS=("$@")
+ break
+ IMAGE=openroad/orfs-ml:latest
+ get_container_engine
++ docker --version
+ local 'DOCKER_VERSION_STRING=Docker version 29.7.2, build a7dcaa6'
+ [[ Docker version 29.7.2, build a7dcaa6 == *Docker* ]]
+ container_engine=docker
++ pwd
+ WORKSPACE=/home/mispronounced/Code/JayRaj21/OpenROAD-flow-scripts/flow
+ YOSYS_EXE=/OpenROAD-flow-scripts/tools/install/yosys/bin/yosys
+ OPENROAD_EXE=/OpenROAD-flow-scripts/tools/install/OpenROAD/bin/openroad
+ KLAYOUT_CMD=/usr/bin/klayout
+ XSOCK=/tmp/.X11-unix
+ XAUTH=/tmp/.docker.xauth
+ false
+ xauth nlist :0
+ sed -e 's/^..../ffff/'
+ xauth -f /tmp/.docker.xauth nmerge -
+ test -t 0
+ DOCKER_INTERACTIVE=
+ false
+ [[ docker == podman ]]
++ id -u mispronounced
++ id -g mispronounced
+ user_args='-u 1000:1000'
+ user_env=
+ PORT_ARGS=()
+ CMD_STR=
+ [[ 7 -gt 0 ]]
+ CMD_STR='openroad -python /work/ml/congestion/data_collection/extract_thermal_labels.py --odb /work/results/sky130hd/aes/base/3_place.odb --out /work/ml/congestion/data/sky130hd_aes_base_thermal_labels.npz'
+ ENV_SH_CMD='if [ -f ../env.sh ]; then . ../env.sh; fi;'
+ DOCKER_CMD=("$container_engine" run --rm -i $DOCKER_INTERACTIVE $user_env $user_args -e LIBGL_ALWAYS_SOFTWARE=1 -e QT_X11_NO_MITSHM=1 -e XDG_RUNTIME_DIR=/tmp/xdg-run -e "DISPLAY=${DISPLAY:-:0}" -e QT_XKB_CONFIG_ROOT=/usr/share/X11/xkb -v "$XSOCK:$XSOCK" -v "$XAUTH:$XAUTH" -e "XAUTHORITY=$XAUTH" -e FLOW_HOME=/OpenROAD-flow-scripts/flow/ -e WORK_HOME=/work -e "YOSYS_EXE=$YOSYS_EXE" -e "OPENROAD_EXE=$OPENROAD_EXE" -e "KLAYOUT_CMD=$KLAYOUT_CMD" -v "$WORKSPACE:/work:Z" --network host "${PORT_ARGS[@]}" "$IMAGE" bash -c "set -ex; mkdir /tmp/xdg-run; cd ${FLOW_DIR}; ${ENV_SH_CMD}$CMD_STR")
+ false
+ exec docker run --rm -i -u 1000:1000 -e LIBGL_ALWAYS_SOFTWARE=1 -e QT_X11_NO_MITSHM=1 -e XDG_RUNTIME_DIR=/tmp/xdg-run -e DISPLAY=:0 -e QT_XKB_CONFIG_ROOT=/usr/share/X11/xkb -v /tmp/.X11-unix:/tmp/.X11-unix -v /tmp/.docker.xauth:/tmp/.docker.xauth -e XAUTHORITY=/tmp/.docker.xauth -e FLOW_HOME=/OpenROAD-flow-scripts/flow/ -e WORK_HOME=/work -e YOSYS_EXE=/OpenROAD-flow-scripts/tools/install/yosys/bin/yosys -e OPENROAD_EXE=/OpenROAD-flow-scripts/tools/install/OpenROAD/bin/openroad -e KLAYOUT_CMD=/usr/bin/klayout -v /home/mispronounced/Code/JayRaj21/OpenROAD-flow-scripts/flow:/work:Z --network host openroad/orfs-ml:latest bash -c 'set -ex; mkdir /tmp/xdg-run; cd /OpenROAD-flow-scripts/flow; if [ -f ../env.sh ]; then . ../env.sh; fi;openroad -python /work/ml/congestion/data_collection/extract_thermal_labels.py --odb /work/results/sky130hd/aes/base/3_place.odb --out /work/ml/congestion/data/sky130hd_aes_base_thermal_labels.npz'
+ mkdir /tmp/xdg-run
+ cd /OpenROAD-flow-scripts/flow
+ '[' -f ../env.sh ']'
+ . ../env.sh
++ __setpaths
++ [[ linux-gnu == \d\a\r\w\i\n* ]]
++++ readlink -f ../env.sh
+++ dirname /OpenROAD-flow-scripts/env.sh
++ DIR=/OpenROAD-flow-scripts
++ export OPENROAD=/OpenROAD-flow-scripts/tools/OpenROAD
++ OPENROAD=/OpenROAD-flow-scripts/tools/OpenROAD
++ echo 'OPENROAD: /OpenROAD-flow-scripts/tools/OpenROAD'
OPENROAD: /OpenROAD-flow-scripts/tools/OpenROAD
++ export PATH=/OpenROAD-flow-scripts/tools/install/OpenROAD/bin:/usr/local/bin/wrapped-cc:/usr/local/sbin:/usr/local/bin:/usr/sbin:/usr/bin:/sbin:/bin
++ PATH=/OpenROAD-flow-scripts/tools/install/OpenROAD/bin:/usr/local/bin/wrapped-cc:/usr/local/sbin:/usr/local/bin:/usr/sbin:/usr/bin:/sbin:/bin
++ export PATH=/OpenROAD-flow-scripts/tools/install/yosys/bin:/OpenROAD-flow-scripts/tools/install/OpenROAD/bin:/usr/local/bin/wrapped-cc:/usr/local/sbin:/usr/local/bin:/usr/sbin:/usr/bin:/sbin:/bin
++ PATH=/OpenROAD-flow-scripts/tools/install/yosys/bin:/OpenROAD-flow-scripts/tools/install/OpenROAD/bin:/usr/local/bin/wrapped-cc:/usr/local/sbin:/usr/local/bin:/usr/sbin:/usr/bin:/sbin:/bin
++ export PATH=/OpenROAD-flow-scripts/tools/install/kepler-formal/bin:/OpenROAD-flow-scripts/tools/install/yosys/bin:/OpenROAD-flow-scripts/tools/install/OpenROAD/bin:/usr/local/bin/wrapped-cc:/usr/local/sbin:/usr/local/bin:/usr/sbin:/usr/bin:/sbin:/bin
++ PATH=/OpenROAD-flow-scripts/tools/install/kepler-formal/bin:/OpenROAD-flow-scripts/tools/install/yosys/bin:/OpenROAD-flow-scripts/tools/install/OpenROAD/bin:/usr/local/bin/wrapped-cc:/usr/local/sbin:/usr/local/bin:/usr/sbin:/usr/bin:/sbin:/bin
++ [[ linux-gnu == \d\a\r\w\i\n* ]]
++ export FLOW_HOME=/OpenROAD-flow-scripts/flow
++ FLOW_HOME=/OpenROAD-flow-scripts/flow
++ unset -f __setpaths
+ openroad -python /work/ml/congestion/data_collection/extract_thermal_labels.py --odb /work/results/sky130hd/aes/base/3_place.odb --out /work/ml/congestion/data/sky130hd_aes_base_thermal_labels.npz
OpenROAD 26Q2-1671-g0a1b0872a0 
Features included (+) or not (-): +GPU +GUI +Python
This program is licensed under the BSD-3 license. See the LICENSE file for details.
Components of this program may be licensed under more restrictive licenses which must be honored.
[WARNING ORD-0039] .openroad ignored with -python
[WARNING ORD-0012] Hierarchical flow (-hier) is currently in development and may cause multiple issues. Do not use in production environments.
[thermal] Reading placement from /work/results/sky130hd/aes/base/3_place.odb
[thermal] Die: 0.48×0.48 mm  (0.2258 mm²)  Grid: 64×64
[thermal] Cell-type power breakdown:
          clock:    424 cells (  2.4% count)  →    5.7% weighted power
          seq  :  17183 cells ( 97.6% count)  →   94.3% weighted power
          macro:      0 cells (  0.0% count)  →    0.0% weighted power
          comb :      0 cells (  0.0% count)  →    0.0% weighted power
[thermal] Total power: 2258.1 mW
[thermal] Running HotSpot (64×64 = 4096 blocks)...
[thermal] Temperature: min=110.8°C  max=112.6°C  peak-to-peak=1.9°C
[thermal] Saved → /work/ml/congestion/data/sky130hd_aes_base_thermal_labels.npz
  [OK]   sky130hd_aes_base_thermal_labels.npz
=========================================
Design: sky130hd_gcd_base
  [SKIP] features already extracted
  [RUN]  extract_thermal_labels.py (timeout 3600s)
+ DEFAULT_IMAGE=openroad/orfs:latest
+ FLOW_DIR=/OpenROAD-flow-scripts/flow
+ USE_USER=false
+ DRY_RUN=false
+ PORTS=()
+ IMAGE=
+ CMD_ARGS=()
+ [[ 7 -gt 0 ]]
+ case "$1" in
+ CMD_ARGS=("$@")
+ break
+ IMAGE=openroad/orfs-ml:latest
+ get_container_engine
++ docker --version
+ local 'DOCKER_VERSION_STRING=Docker version 29.7.2, build a7dcaa6'
+ [[ Docker version 29.7.2, build a7dcaa6 == *Docker* ]]
+ container_engine=docker
++ pwd
+ WORKSPACE=/home/mispronounced/Code/JayRaj21/OpenROAD-flow-scripts/flow
+ YOSYS_EXE=/OpenROAD-flow-scripts/tools/install/yosys/bin/yosys
+ OPENROAD_EXE=/OpenROAD-flow-scripts/tools/install/OpenROAD/bin/openroad
+ KLAYOUT_CMD=/usr/bin/klayout
+ XSOCK=/tmp/.X11-unix
+ XAUTH=/tmp/.docker.xauth
+ false
+ xauth nlist :0
+ sed -e 's/^..../ffff/'
+ xauth -f /tmp/.docker.xauth nmerge -
+ test -t 0
+ DOCKER_INTERACTIVE=
+ false
+ [[ docker == podman ]]
++ id -u mispronounced
++ id -g mispronounced
+ user_args='-u 1000:1000'
+ user_env=
+ PORT_ARGS=()
+ CMD_STR=
+ [[ 7 -gt 0 ]]
+ CMD_STR='openroad -python /work/ml/congestion/data_collection/extract_thermal_labels.py --odb /work/results/sky130hd/gcd/base/3_place.odb --out /work/ml/congestion/data/sky130hd_gcd_base_thermal_labels.npz'
+ ENV_SH_CMD='if [ -f ../env.sh ]; then . ../env.sh; fi;'
+ DOCKER_CMD=("$container_engine" run --rm -i $DOCKER_INTERACTIVE $user_env $user_args -e LIBGL_ALWAYS_SOFTWARE=1 -e QT_X11_NO_MITSHM=1 -e XDG_RUNTIME_DIR=/tmp/xdg-run -e "DISPLAY=${DISPLAY:-:0}" -e QT_XKB_CONFIG_ROOT=/usr/share/X11/xkb -v "$XSOCK:$XSOCK" -v "$XAUTH:$XAUTH" -e "XAUTHORITY=$XAUTH" -e FLOW_HOME=/OpenROAD-flow-scripts/flow/ -e WORK_HOME=/work -e "YOSYS_EXE=$YOSYS_EXE" -e "OPENROAD_EXE=$OPENROAD_EXE" -e "KLAYOUT_CMD=$KLAYOUT_CMD" -v "$WORKSPACE:/work:Z" --network host "${PORT_ARGS[@]}" "$IMAGE" bash -c "set -ex; mkdir /tmp/xdg-run; cd ${FLOW_DIR}; ${ENV_SH_CMD}$CMD_STR")
+ false
+ exec docker run --rm -i -u 1000:1000 -e LIBGL_ALWAYS_SOFTWARE=1 -e QT_X11_NO_MITSHM=1 -e XDG_RUNTIME_DIR=/tmp/xdg-run -e DISPLAY=:0 -e QT_XKB_CONFIG_ROOT=/usr/share/X11/xkb -v /tmp/.X11-unix:/tmp/.X11-unix -v /tmp/.docker.xauth:/tmp/.docker.xauth -e XAUTHORITY=/tmp/.docker.xauth -e FLOW_HOME=/OpenROAD-flow-scripts/flow/ -e WORK_HOME=/work -e YOSYS_EXE=/OpenROAD-flow-scripts/tools/install/yosys/bin/yosys -e OPENROAD_EXE=/OpenROAD-flow-scripts/tools/install/OpenROAD/bin/openroad -e KLAYOUT_CMD=/usr/bin/klayout -v /home/mispronounced/Code/JayRaj21/OpenROAD-flow-scripts/flow:/work:Z --network host openroad/orfs-ml:latest bash -c 'set -ex; mkdir /tmp/xdg-run; cd /OpenROAD-flow-scripts/flow; if [ -f ../env.sh ]; then . ../env.sh; fi;openroad -python /work/ml/congestion/data_collection/extract_thermal_labels.py --odb /work/results/sky130hd/gcd/base/3_place.odb --out /work/ml/congestion/data/sky130hd_gcd_base_thermal_labels.npz'
+ mkdir /tmp/xdg-run
+ cd /OpenROAD-flow-scripts/flow
+ '[' -f ../env.sh ']'
+ . ../env.sh
++ __setpaths
++ [[ linux-gnu == \d\a\r\w\i\n* ]]
++++ readlink -f ../env.sh
+++ dirname /OpenROAD-flow-scripts/env.sh
++ DIR=/OpenROAD-flow-scripts
++ export OPENROAD=/OpenROAD-flow-scripts/tools/OpenROAD
++ OPENROAD=/OpenROAD-flow-scripts/tools/OpenROAD
++ echo 'OPENROAD: /OpenROAD-flow-scripts/tools/OpenROAD'
++ export PATH=/OpenROAD-flow-scripts/tools/install/OpenROAD/bin:/usr/local/bin/wrapped-cc:/usr/local/sbin:/usr/local/bin:/usr/sbin:/usr/bin:/sbin:/bin
++ PATH=/OpenROAD-flow-scripts/tools/install/OpenROAD/bin:/usr/local/bin/wrapped-cc:/usr/local/sbin:/usr/local/bin:/usr/sbin:/usr/bin:/sbin:/bin
OPENROAD: /OpenROAD-flow-scripts/tools/OpenROAD
++ export PATH=/OpenROAD-flow-scripts/tools/install/yosys/bin:/OpenROAD-flow-scripts/tools/install/OpenROAD/bin:/usr/local/bin/wrapped-cc:/usr/local/sbin:/usr/local/bin:/usr/sbin:/usr/bin:/sbin:/bin
++ PATH=/OpenROAD-flow-scripts/tools/install/yosys/bin:/OpenROAD-flow-scripts/tools/install/OpenROAD/bin:/usr/local/bin/wrapped-cc:/usr/local/sbin:/usr/local/bin:/usr/sbin:/usr/bin:/sbin:/bin
++ export PATH=/OpenROAD-flow-scripts/tools/install/kepler-formal/bin:/OpenROAD-flow-scripts/tools/install/yosys/bin:/OpenROAD-flow-scripts/tools/install/OpenROAD/bin:/usr/local/bin/wrapped-cc:/usr/local/sbin:/usr/local/bin:/usr/sbin:/usr/bin:/sbin:/bin
++ PATH=/OpenROAD-flow-scripts/tools/install/kepler-formal/bin:/OpenROAD-flow-scripts/tools/install/yosys/bin:/OpenROAD-flow-scripts/tools/install/OpenROAD/bin:/usr/local/bin/wrapped-cc:/usr/local/sbin:/usr/local/bin:/usr/sbin:/usr/bin:/sbin:/bin
++ [[ linux-gnu == \d\a\r\w\i\n* ]]
++ export FLOW_HOME=/OpenROAD-flow-scripts/flow
++ FLOW_HOME=/OpenROAD-flow-scripts/flow
++ unset -f __setpaths
+ openroad -python /work/ml/congestion/data_collection/extract_thermal_labels.py --odb /work/results/sky130hd/gcd/base/3_place.odb --out /work/ml/congestion/data/sky130hd_gcd_base_thermal_labels.npz
OpenROAD 26Q2-1671-g0a1b0872a0 
Features included (+) or not (-): +GPU +GUI +Python
This program is licensed under the BSD-3 license. See the LICENSE file for details.
Components of this program may be licensed under more restrictive licenses which must be honored.
[WARNING ORD-0039] .openroad ignored with -python
[WARNING ORD-0012] Hierarchical flow (-hier) is currently in development and may cause multiple issues. Do not use in production environments.
[thermal] Reading placement from /work/results/sky130hd/gcd/base/3_place.odb
[thermal] Die 0.08×0.08 mm is small — using 15×15 HotSpot grid (min cell ≥5.0 µm), upsampling to 64×64 for output
[thermal] Cell-type power breakdown:
          clock:     58 cells ( 12.3% count)  →   21.1% weighted power
          seq  :    413 cells ( 87.7% count)  →   78.9% weighted power
          macro:      0 cells (  0.0% count)  →    0.0% weighted power
          comb :      0 cells (  0.0% count)  →    0.0% weighted power
[thermal] Total power: 60.9 mW
[thermal] Running HotSpot (15×15 = 225 blocks)...
[thermal] Temperature: min=110.0°C  max=110.1°C  peak-to-peak=0.1°C
[thermal] Saved → /work/ml/congestion/data/sky130hd_gcd_base_thermal_labels.npz
  [OK]   sky130hd_gcd_base_thermal_labels.npz
=========================================
Design: sky130hd_ibex_base
  [SKIP] features already extracted
  [RUN]  extract_thermal_labels.py (timeout 3600s)
+ DEFAULT_IMAGE=openroad/orfs:latest
+ FLOW_DIR=/OpenROAD-flow-scripts/flow
+ USE_USER=false
+ DRY_RUN=false
+ PORTS=()
+ IMAGE=
+ CMD_ARGS=()
+ [[ 7 -gt 0 ]]
+ case "$1" in
+ CMD_ARGS=("$@")
+ break
+ IMAGE=openroad/orfs-ml:latest
+ get_container_engine
++ docker --version
+ local 'DOCKER_VERSION_STRING=Docker version 29.7.2, build a7dcaa6'
+ [[ Docker version 29.7.2, build a7dcaa6 == *Docker* ]]
+ container_engine=docker
++ pwd
+ WORKSPACE=/home/mispronounced/Code/JayRaj21/OpenROAD-flow-scripts/flow
+ YOSYS_EXE=/OpenROAD-flow-scripts/tools/install/yosys/bin/yosys
+ OPENROAD_EXE=/OpenROAD-flow-scripts/tools/install/OpenROAD/bin/openroad
+ KLAYOUT_CMD=/usr/bin/klayout
+ XSOCK=/tmp/.X11-unix
+ XAUTH=/tmp/.docker.xauth
+ false
+ xauth nlist :0
+ sed -e 's/^..../ffff/'
+ xauth -f /tmp/.docker.xauth nmerge -
+ test -t 0
+ DOCKER_INTERACTIVE=
+ false
+ [[ docker == podman ]]
++ id -u mispronounced
++ id -g mispronounced
+ user_args='-u 1000:1000'
+ user_env=
+ PORT_ARGS=()
+ CMD_STR=
+ [[ 7 -gt 0 ]]
+ CMD_STR='openroad -python /work/ml/congestion/data_collection/extract_thermal_labels.py --odb /work/results/sky130hd/ibex/base/3_place.odb --out /work/ml/congestion/data/sky130hd_ibex_base_thermal_labels.npz'
+ ENV_SH_CMD='if [ -f ../env.sh ]; then . ../env.sh; fi;'
+ DOCKER_CMD=("$container_engine" run --rm -i $DOCKER_INTERACTIVE $user_env $user_args -e LIBGL_ALWAYS_SOFTWARE=1 -e QT_X11_NO_MITSHM=1 -e XDG_RUNTIME_DIR=/tmp/xdg-run -e "DISPLAY=${DISPLAY:-:0}" -e QT_XKB_CONFIG_ROOT=/usr/share/X11/xkb -v "$XSOCK:$XSOCK" -v "$XAUTH:$XAUTH" -e "XAUTHORITY=$XAUTH" -e FLOW_HOME=/OpenROAD-flow-scripts/flow/ -e WORK_HOME=/work -e "YOSYS_EXE=$YOSYS_EXE" -e "OPENROAD_EXE=$OPENROAD_EXE" -e "KLAYOUT_CMD=$KLAYOUT_CMD" -v "$WORKSPACE:/work:Z" --network host "${PORT_ARGS[@]}" "$IMAGE" bash -c "set -ex; mkdir /tmp/xdg-run; cd ${FLOW_DIR}; ${ENV_SH_CMD}$CMD_STR")
+ false
+ exec docker run --rm -i -u 1000:1000 -e LIBGL_ALWAYS_SOFTWARE=1 -e QT_X11_NO_MITSHM=1 -e XDG_RUNTIME_DIR=/tmp/xdg-run -e DISPLAY=:0 -e QT_XKB_CONFIG_ROOT=/usr/share/X11/xkb -v /tmp/.X11-unix:/tmp/.X11-unix -v /tmp/.docker.xauth:/tmp/.docker.xauth -e XAUTHORITY=/tmp/.docker.xauth -e FLOW_HOME=/OpenROAD-flow-scripts/flow/ -e WORK_HOME=/work -e YOSYS_EXE=/OpenROAD-flow-scripts/tools/install/yosys/bin/yosys -e OPENROAD_EXE=/OpenROAD-flow-scripts/tools/install/OpenROAD/bin/openroad -e KLAYOUT_CMD=/usr/bin/klayout -v /home/mispronounced/Code/JayRaj21/OpenROAD-flow-scripts/flow:/work:Z --network host openroad/orfs-ml:latest bash -c 'set -ex; mkdir /tmp/xdg-run; cd /OpenROAD-flow-scripts/flow; if [ -f ../env.sh ]; then . ../env.sh; fi;openroad -python /work/ml/congestion/data_collection/extract_thermal_labels.py --odb /work/results/sky130hd/ibex/base/3_place.odb --out /work/ml/congestion/data/sky130hd_ibex_base_thermal_labels.npz'
+ mkdir /tmp/xdg-run
+ cd /OpenROAD-flow-scripts/flow
+ '[' -f ../env.sh ']'
+ . ../env.sh
++ __setpaths
++ [[ linux-gnu == \d\a\r\w\i\n* ]]
++++ readlink -f ../env.sh
+++ dirname /OpenROAD-flow-scripts/env.sh
++ DIR=/OpenROAD-flow-scripts
++ export OPENROAD=/OpenROAD-flow-scripts/tools/OpenROAD
++ OPENROAD=/OpenROAD-flow-scripts/tools/OpenROAD
++ echo 'OPENROAD: /OpenROAD-flow-scripts/tools/OpenROAD'
++ export PATH=/OpenROAD-flow-scripts/tools/install/OpenROAD/bin:/usr/local/bin/wrapped-cc:/usr/local/sbin:/usr/local/bin:/usr/sbin:/usr/bin:/sbin:/bin
++ PATH=/OpenROAD-flow-scripts/tools/install/OpenROAD/bin:/usr/local/bin/wrapped-cc:/usr/local/sbin:/usr/local/bin:/usr/sbin:/usr/bin:/sbin:/bin
OPENROAD: /OpenROAD-flow-scripts/tools/OpenROAD
++ export PATH=/OpenROAD-flow-scripts/tools/install/yosys/bin:/OpenROAD-flow-scripts/tools/install/OpenROAD/bin:/usr/local/bin/wrapped-cc:/usr/local/sbin:/usr/local/bin:/usr/sbin:/usr/bin:/sbin:/bin
++ PATH=/OpenROAD-flow-scripts/tools/install/yosys/bin:/OpenROAD-flow-scripts/tools/install/OpenROAD/bin:/usr/local/bin/wrapped-cc:/usr/local/sbin:/usr/local/bin:/usr/sbin:/usr/bin:/sbin:/bin
++ export PATH=/OpenROAD-flow-scripts/tools/install/kepler-formal/bin:/OpenROAD-flow-scripts/tools/install/yosys/bin:/OpenROAD-flow-scripts/tools/install/OpenROAD/bin:/usr/local/bin/wrapped-cc:/usr/local/sbin:/usr/local/bin:/usr/sbin:/usr/bin:/sbin:/bin
++ PATH=/OpenROAD-flow-scripts/tools/install/kepler-formal/bin:/OpenROAD-flow-scripts/tools/install/yosys/bin:/OpenROAD-flow-scripts/tools/install/OpenROAD/bin:/usr/local/bin/wrapped-cc:/usr/local/sbin:/usr/local/bin:/usr/sbin:/usr/bin:/sbin:/bin
++ [[ linux-gnu == \d\a\r\w\i\n* ]]
++ export FLOW_HOME=/OpenROAD-flow-scripts/flow
++ FLOW_HOME=/OpenROAD-flow-scripts/flow
++ unset -f __setpaths
+ openroad -python /work/ml/congestion/data_collection/extract_thermal_labels.py --odb /work/results/sky130hd/ibex/base/3_place.odb --out /work/ml/congestion/data/sky130hd_ibex_base_thermal_labels.npz
OpenROAD 26Q2-1671-g0a1b0872a0 
Features included (+) or not (-): +GPU +GUI +Python
This program is licensed under the BSD-3 license. See the LICENSE file for details.
Components of this program may be licensed under more restrictive licenses which must be honored.
[WARNING ORD-0039] .openroad ignored with -python
[WARNING ORD-0012] Hierarchical flow (-hier) is currently in development and may cause multiple issues. Do not use in production environments.
[thermal] Reading placement from /work/results/sky130hd/ibex/base/3_place.odb
[thermal] Die: 0.51×0.51 mm  (0.2576 mm²)  Grid: 64×64
[thermal] Cell-type power breakdown:
          clock:    442 cells (  2.4% count)  →    3.6% weighted power
          seq  :  18023 cells ( 97.6% count)  →   96.4% weighted power
          macro:      0 cells (  0.0% count)  →    0.0% weighted power
          comb :      0 cells (  0.0% count)  →    0.0% weighted power
[thermal] Total power: 2575.9 mW
[thermal] Running HotSpot (64×64 = 4096 blocks)...
[thermal] Temperature: min=109.8°C  max=115.6°C  peak-to-peak=5.8°C
[thermal] Saved → /work/ml/congestion/data/sky130hd_ibex_base_thermal_labels.npz
  [OK]   sky130hd_ibex_base_thermal_labels.npz
=========================================
Design: sky130hd_jpeg_base
  [SKIP] features already extracted
  [RUN]  extract_thermal_labels.py (timeout 3600s)
+ DEFAULT_IMAGE=openroad/orfs:latest
+ FLOW_DIR=/OpenROAD-flow-scripts/flow
+ USE_USER=false
+ DRY_RUN=false
+ PORTS=()
+ IMAGE=
+ CMD_ARGS=()
+ [[ 7 -gt 0 ]]
+ case "$1" in
+ CMD_ARGS=("$@")
+ break
+ IMAGE=openroad/orfs-ml:latest
+ get_container_engine
++ docker --version
+ local 'DOCKER_VERSION_STRING=Docker version 29.7.2, build a7dcaa6'
+ [[ Docker version 29.7.2, build a7dcaa6 == *Docker* ]]
+ container_engine=docker
++ pwd
+ WORKSPACE=/home/mispronounced/Code/JayRaj21/OpenROAD-flow-scripts/flow
+ YOSYS_EXE=/OpenROAD-flow-scripts/tools/install/yosys/bin/yosys
+ OPENROAD_EXE=/OpenROAD-flow-scripts/tools/install/OpenROAD/bin/openroad
+ KLAYOUT_CMD=/usr/bin/klayout
+ XSOCK=/tmp/.X11-unix
+ XAUTH=/tmp/.docker.xauth
+ false
+ xauth nlist :0
+ sed -e 's/^..../ffff/'
+ xauth -f /tmp/.docker.xauth nmerge -
+ test -t 0
+ DOCKER_INTERACTIVE=
+ false
+ [[ docker == podman ]]
++ id -u mispronounced
++ id -g mispronounced
+ user_args='-u 1000:1000'
+ user_env=
+ PORT_ARGS=()
+ CMD_STR=
+ [[ 7 -gt 0 ]]
+ CMD_STR='openroad -python /work/ml/congestion/data_collection/extract_thermal_labels.py --odb /work/results/sky130hd/jpeg/base/3_place.odb --out /work/ml/congestion/data/sky130hd_jpeg_base_thermal_labels.npz'
+ ENV_SH_CMD='if [ -f ../env.sh ]; then . ../env.sh; fi;'
+ DOCKER_CMD=("$container_engine" run --rm -i $DOCKER_INTERACTIVE $user_env $user_args -e LIBGL_ALWAYS_SOFTWARE=1 -e QT_X11_NO_MITSHM=1 -e XDG_RUNTIME_DIR=/tmp/xdg-run -e "DISPLAY=${DISPLAY:-:0}" -e QT_XKB_CONFIG_ROOT=/usr/share/X11/xkb -v "$XSOCK:$XSOCK" -v "$XAUTH:$XAUTH" -e "XAUTHORITY=$XAUTH" -e FLOW_HOME=/OpenROAD-flow-scripts/flow/ -e WORK_HOME=/work -e "YOSYS_EXE=$YOSYS_EXE" -e "OPENROAD_EXE=$OPENROAD_EXE" -e "KLAYOUT_CMD=$KLAYOUT_CMD" -v "$WORKSPACE:/work:Z" --network host "${PORT_ARGS[@]}" "$IMAGE" bash -c "set -ex; mkdir /tmp/xdg-run; cd ${FLOW_DIR}; ${ENV_SH_CMD}$CMD_STR")
+ false
+ exec docker run --rm -i -u 1000:1000 -e LIBGL_ALWAYS_SOFTWARE=1 -e QT_X11_NO_MITSHM=1 -e XDG_RUNTIME_DIR=/tmp/xdg-run -e DISPLAY=:0 -e QT_XKB_CONFIG_ROOT=/usr/share/X11/xkb -v /tmp/.X11-unix:/tmp/.X11-unix -v /tmp/.docker.xauth:/tmp/.docker.xauth -e XAUTHORITY=/tmp/.docker.xauth -e FLOW_HOME=/OpenROAD-flow-scripts/flow/ -e WORK_HOME=/work -e YOSYS_EXE=/OpenROAD-flow-scripts/tools/install/yosys/bin/yosys -e OPENROAD_EXE=/OpenROAD-flow-scripts/tools/install/OpenROAD/bin/openroad -e KLAYOUT_CMD=/usr/bin/klayout -v /home/mispronounced/Code/JayRaj21/OpenROAD-flow-scripts/flow:/work:Z --network host openroad/orfs-ml:latest bash -c 'set -ex; mkdir /tmp/xdg-run; cd /OpenROAD-flow-scripts/flow; if [ -f ../env.sh ]; then . ../env.sh; fi;openroad -python /work/ml/congestion/data_collection/extract_thermal_labels.py --odb /work/results/sky130hd/jpeg/base/3_place.odb --out /work/ml/congestion/data/sky130hd_jpeg_base_thermal_labels.npz'
+ mkdir /tmp/xdg-run
+ cd /OpenROAD-flow-scripts/flow
+ '[' -f ../env.sh ']'
+ . ../env.sh
++ __setpaths
++ [[ linux-gnu == \d\a\r\w\i\n* ]]
++++ readlink -f ../env.sh
+++ dirname /OpenROAD-flow-scripts/env.sh
OPENROAD: /OpenROAD-flow-scripts/tools/OpenROAD
++ DIR=/OpenROAD-flow-scripts
++ export OPENROAD=/OpenROAD-flow-scripts/tools/OpenROAD
++ OPENROAD=/OpenROAD-flow-scripts/tools/OpenROAD
++ echo 'OPENROAD: /OpenROAD-flow-scripts/tools/OpenROAD'
++ export PATH=/OpenROAD-flow-scripts/tools/install/OpenROAD/bin:/usr/local/bin/wrapped-cc:/usr/local/sbin:/usr/local/bin:/usr/sbin:/usr/bin:/sbin:/bin
++ PATH=/OpenROAD-flow-scripts/tools/install/OpenROAD/bin:/usr/local/bin/wrapped-cc:/usr/local/sbin:/usr/local/bin:/usr/sbin:/usr/bin:/sbin:/bin
++ export PATH=/OpenROAD-flow-scripts/tools/install/yosys/bin:/OpenROAD-flow-scripts/tools/install/OpenROAD/bin:/usr/local/bin/wrapped-cc:/usr/local/sbin:/usr/local/bin:/usr/sbin:/usr/bin:/sbin:/bin
++ PATH=/OpenROAD-flow-scripts/tools/install/yosys/bin:/OpenROAD-flow-scripts/tools/install/OpenROAD/bin:/usr/local/bin/wrapped-cc:/usr/local/sbin:/usr/local/bin:/usr/sbin:/usr/bin:/sbin:/bin
++ export PATH=/OpenROAD-flow-scripts/tools/install/kepler-formal/bin:/OpenROAD-flow-scripts/tools/install/yosys/bin:/OpenROAD-flow-scripts/tools/install/OpenROAD/bin:/usr/local/bin/wrapped-cc:/usr/local/sbin:/usr/local/bin:/usr/sbin:/usr/bin:/sbin:/bin
++ PATH=/OpenROAD-flow-scripts/tools/install/kepler-formal/bin:/OpenROAD-flow-scripts/tools/install/yosys/bin:/OpenROAD-flow-scripts/tools/install/OpenROAD/bin:/usr/local/bin/wrapped-cc:/usr/local/sbin:/usr/local/bin:/usr/sbin:/usr/bin:/sbin:/bin
++ [[ linux-gnu == \d\a\r\w\i\n* ]]
++ export FLOW_HOME=/OpenROAD-flow-scripts/flow
++ FLOW_HOME=/OpenROAD-flow-scripts/flow
++ unset -f __setpaths
+ openroad -python /work/ml/congestion/data_collection/extract_thermal_labels.py --odb /work/results/sky130hd/jpeg/base/3_place.odb --out /work/ml/congestion/data/sky130hd_jpeg_base_thermal_labels.npz
OpenROAD 26Q2-1671-g0a1b0872a0 
Features included (+) or not (-): +GPU +GUI +Python
This program is licensed under the BSD-3 license. See the LICENSE file for details.
Components of this program may be licensed under more restrictive licenses which must be honored.
[WARNING ORD-0039] .openroad ignored with -python
[thermal] Reading placement from /work/results/sky130hd/jpeg/base/3_place.odb
[thermal] Die: 0.88×0.88 mm  (0.7803 mm²)  Grid: 64×64
[thermal] Cell-type power breakdown:
          clock:     47 cells (  0.1% count)  →    0.2% weighted power
          seq  :  45675 cells ( 99.9% count)  →   99.8% weighted power
          macro:      0 cells (  0.0% count)  →    0.0% weighted power
          comb :      0 cells (  0.0% count)  →    0.0% weighted power
[thermal] Total power: 7803.4 mW
[thermal] Running HotSpot (64×64 = 4096 blocks)...
[thermal] Temperature: min=110.9°C  max=118.9°C  peak-to-peak=8.0°C
[thermal] Saved → /work/ml/congestion/data/sky130hd_jpeg_base_thermal_labels.npz
  [OK]   sky130hd_jpeg_base_thermal_labels.npz
=========================================
Design: sky130hd_riscv32i_ar_05
  [SKIP] features already extracted
  [RUN]  extract_thermal_labels.py (timeout 3600s)
+ DEFAULT_IMAGE=openroad/orfs:latest
+ FLOW_DIR=/OpenROAD-flow-scripts/flow
+ USE_USER=false
+ DRY_RUN=false
+ PORTS=()
+ IMAGE=
+ CMD_ARGS=()
+ [[ 7 -gt 0 ]]
+ case "$1" in
+ CMD_ARGS=("$@")
+ break
+ IMAGE=openroad/orfs-ml:latest
+ get_container_engine
++ docker --version
+ local 'DOCKER_VERSION_STRING=Docker version 29.7.2, build a7dcaa6'
+ [[ Docker version 29.7.2, build a7dcaa6 == *Docker* ]]
+ container_engine=docker
++ pwd
+ WORKSPACE=/home/mispronounced/Code/JayRaj21/OpenROAD-flow-scripts/flow
+ YOSYS_EXE=/OpenROAD-flow-scripts/tools/install/yosys/bin/yosys
+ OPENROAD_EXE=/OpenROAD-flow-scripts/tools/install/OpenROAD/bin/openroad
+ KLAYOUT_CMD=/usr/bin/klayout
+ XSOCK=/tmp/.X11-unix
+ XAUTH=/tmp/.docker.xauth
+ false
+ xauth nlist :0
+ sed -e 's/^..../ffff/'
+ xauth -f /tmp/.docker.xauth nmerge -
+ test -t 0
+ DOCKER_INTERACTIVE=
+ false
+ [[ docker == podman ]]
++ id -u mispronounced
++ id -g mispronounced
+ user_args='-u 1000:1000'
+ user_env=
+ PORT_ARGS=()
+ CMD_STR=
+ [[ 7 -gt 0 ]]
+ CMD_STR='openroad -python /work/ml/congestion/data_collection/extract_thermal_labels.py --odb /work/results/sky130hd/riscv32i/ar_05/3_place.odb --out /work/ml/congestion/data/sky130hd_riscv32i_ar_05_thermal_labels.npz'
+ ENV_SH_CMD='if [ -f ../env.sh ]; then . ../env.sh; fi;'
+ DOCKER_CMD=("$container_engine" run --rm -i $DOCKER_INTERACTIVE $user_env $user_args -e LIBGL_ALWAYS_SOFTWARE=1 -e QT_X11_NO_MITSHM=1 -e XDG_RUNTIME_DIR=/tmp/xdg-run -e "DISPLAY=${DISPLAY:-:0}" -e QT_XKB_CONFIG_ROOT=/usr/share/X11/xkb -v "$XSOCK:$XSOCK" -v "$XAUTH:$XAUTH" -e "XAUTHORITY=$XAUTH" -e FLOW_HOME=/OpenROAD-flow-scripts/flow/ -e WORK_HOME=/work -e "YOSYS_EXE=$YOSYS_EXE" -e "OPENROAD_EXE=$OPENROAD_EXE" -e "KLAYOUT_CMD=$KLAYOUT_CMD" -v "$WORKSPACE:/work:Z" --network host "${PORT_ARGS[@]}" "$IMAGE" bash -c "set -ex; mkdir /tmp/xdg-run; cd ${FLOW_DIR}; ${ENV_SH_CMD}$CMD_STR")
+ false
+ exec docker run --rm -i -u 1000:1000 -e LIBGL_ALWAYS_SOFTWARE=1 -e QT_X11_NO_MITSHM=1 -e XDG_RUNTIME_DIR=/tmp/xdg-run -e DISPLAY=:0 -e QT_XKB_CONFIG_ROOT=/usr/share/X11/xkb -v /tmp/.X11-unix:/tmp/.X11-unix -v /tmp/.docker.xauth:/tmp/.docker.xauth -e XAUTHORITY=/tmp/.docker.xauth -e FLOW_HOME=/OpenROAD-flow-scripts/flow/ -e WORK_HOME=/work -e YOSYS_EXE=/OpenROAD-flow-scripts/tools/install/yosys/bin/yosys -e OPENROAD_EXE=/OpenROAD-flow-scripts/tools/install/OpenROAD/bin/openroad -e KLAYOUT_CMD=/usr/bin/klayout -v /home/mispronounced/Code/JayRaj21/OpenROAD-flow-scripts/flow:/work:Z --network host openroad/orfs-ml:latest bash -c 'set -ex; mkdir /tmp/xdg-run; cd /OpenROAD-flow-scripts/flow; if [ -f ../env.sh ]; then . ../env.sh; fi;openroad -python /work/ml/congestion/data_collection/extract_thermal_labels.py --odb /work/results/sky130hd/riscv32i/ar_05/3_place.odb --out /work/ml/congestion/data/sky130hd_riscv32i_ar_05_thermal_labels.npz'
+ mkdir /tmp/xdg-run
+ cd /OpenROAD-flow-scripts/flow
+ '[' -f ../env.sh ']'
+ . ../env.sh
++ __setpaths
++ [[ linux-gnu == \d\a\r\w\i\n* ]]
++++ readlink -f ../env.sh
+++ dirname /OpenROAD-flow-scripts/env.sh
++ DIR=/OpenROAD-flow-scripts
++ export OPENROAD=/OpenROAD-flow-scripts/tools/OpenROAD
++ OPENROAD=/OpenROAD-flow-scripts/tools/OpenROAD
++ echo 'OPENROAD: /OpenROAD-flow-scripts/tools/OpenROAD'
++ export PATH=/OpenROAD-flow-scripts/tools/install/OpenROAD/bin:/usr/local/bin/wrapped-cc:/usr/local/sbin:/usr/local/bin:/usr/sbin:/usr/bin:/sbin:/bin
++ PATH=/OpenROAD-flow-scripts/tools/install/OpenROAD/bin:/usr/local/bin/wrapped-cc:/usr/local/sbin:/usr/local/bin:/usr/sbin:/usr/bin:/sbin:/bin
++ export PATH=/OpenROAD-flow-scripts/tools/install/yosys/bin:/OpenROAD-flow-scripts/tools/install/OpenROAD/bin:/usr/local/bin/wrapped-cc:/usr/local/sbin:/usr/local/bin:/usr/sbin:/usr/bin:/sbin:/bin
++ PATH=/OpenROAD-flow-scripts/tools/install/yosys/bin:/OpenROAD-flow-scripts/tools/install/OpenROAD/bin:/usr/local/bin/wrapped-cc:/usr/local/sbin:/usr/local/bin:/usr/sbin:/usr/bin:/sbin:/bin
OPENROAD: /OpenROAD-flow-scripts/tools/OpenROAD
++ export PATH=/OpenROAD-flow-scripts/tools/install/kepler-formal/bin:/OpenROAD-flow-scripts/tools/install/yosys/bin:/OpenROAD-flow-scripts/tools/install/OpenROAD/bin:/usr/local/bin/wrapped-cc:/usr/local/sbin:/usr/local/bin:/usr/sbin:/usr/bin:/sbin:/bin
++ PATH=/OpenROAD-flow-scripts/tools/install/kepler-formal/bin:/OpenROAD-flow-scripts/tools/install/yosys/bin:/OpenROAD-flow-scripts/tools/install/OpenROAD/bin:/usr/local/bin/wrapped-cc:/usr/local/sbin:/usr/local/bin:/usr/sbin:/usr/bin:/sbin:/bin
++ [[ linux-gnu == \d\a\r\w\i\n* ]]
++ export FLOW_HOME=/OpenROAD-flow-scripts/flow
++ FLOW_HOME=/OpenROAD-flow-scripts/flow
++ unset -f __setpaths
+ openroad -python /work/ml/congestion/data_collection/extract_thermal_labels.py --odb /work/results/sky130hd/riscv32i/ar_05/3_place.odb --out /work/ml/congestion/data/sky130hd_riscv32i_ar_05_thermal_labels.npz
OpenROAD 26Q2-1671-g0a1b0872a0 
Features included (+) or not (-): +GPU +GUI +Python
This program is licensed under the BSD-3 license. See the LICENSE file for details.
Components of this program may be licensed under more restrictive licenses which must be honored.
[WARNING ORD-0039] .openroad ignored with -python
[thermal] Reading placement from /work/results/sky130hd/riscv32i/ar_05/3_place.odb
[thermal] Die 0.53×0.27 mm is small — using 53×53 HotSpot grid (min cell ≥5.0 µm), upsampling to 64×64 for output
[thermal] Cell-type power breakdown:
          clock:    158 cells (  2.1% count)  →    3.6% weighted power
          seq  :   7217 cells ( 97.9% count)  →   96.4% weighted power
          macro:      0 cells (  0.0% count)  →    0.0% weighted power
          comb :      0 cells (  0.0% count)  →    0.0% weighted power
[thermal] Total power: 1423.1 mW
[thermal] Running HotSpot (53×53 = 2809 blocks)...
[thermal] Temperature: min=107.9°C  max=112.9°C  peak-to-peak=5.0°C
[thermal] Saved → /work/ml/congestion/data/sky130hd_riscv32i_ar_05_thermal_labels.npz
  [OK]   sky130hd_riscv32i_ar_05_thermal_labels.npz
=========================================
Design: sky130hd_riscv32i_ar_15
  [SKIP] features already extracted
  [RUN]  extract_thermal_labels.py (timeout 3600s)
+ DEFAULT_IMAGE=openroad/orfs:latest
+ FLOW_DIR=/OpenROAD-flow-scripts/flow
+ USE_USER=false
+ DRY_RUN=false
+ PORTS=()
+ IMAGE=
+ CMD_ARGS=()
+ [[ 7 -gt 0 ]]
+ case "$1" in
+ CMD_ARGS=("$@")
+ break
+ IMAGE=openroad/orfs-ml:latest
+ get_container_engine
++ docker --version
+ local 'DOCKER_VERSION_STRING=Docker version 29.7.2, build a7dcaa6'
+ [[ Docker version 29.7.2, build a7dcaa6 == *Docker* ]]
+ container_engine=docker
++ pwd
+ WORKSPACE=/home/mispronounced/Code/JayRaj21/OpenROAD-flow-scripts/flow
+ YOSYS_EXE=/OpenROAD-flow-scripts/tools/install/yosys/bin/yosys
+ OPENROAD_EXE=/OpenROAD-flow-scripts/tools/install/OpenROAD/bin/openroad
+ KLAYOUT_CMD=/usr/bin/klayout
+ XSOCK=/tmp/.X11-unix
+ XAUTH=/tmp/.docker.xauth
+ false
+ xauth nlist :0
+ sed -e 's/^..../ffff/'
+ xauth -f /tmp/.docker.xauth nmerge -
+ test -t 0
+ DOCKER_INTERACTIVE=
+ false
+ [[ docker == podman ]]
++ id -u mispronounced
++ id -g mispronounced
+ user_args='-u 1000:1000'
+ user_env=
+ PORT_ARGS=()
+ CMD_STR=
+ [[ 7 -gt 0 ]]
+ CMD_STR='openroad -python /work/ml/congestion/data_collection/extract_thermal_labels.py --odb /work/results/sky130hd/riscv32i/ar_15/3_place.odb --out /work/ml/congestion/data/sky130hd_riscv32i_ar_15_thermal_labels.npz'
+ ENV_SH_CMD='if [ -f ../env.sh ]; then . ../env.sh; fi;'
+ DOCKER_CMD=("$container_engine" run --rm -i $DOCKER_INTERACTIVE $user_env $user_args -e LIBGL_ALWAYS_SOFTWARE=1 -e QT_X11_NO_MITSHM=1 -e XDG_RUNTIME_DIR=/tmp/xdg-run -e "DISPLAY=${DISPLAY:-:0}" -e QT_XKB_CONFIG_ROOT=/usr/share/X11/xkb -v "$XSOCK:$XSOCK" -v "$XAUTH:$XAUTH" -e "XAUTHORITY=$XAUTH" -e FLOW_HOME=/OpenROAD-flow-scripts/flow/ -e WORK_HOME=/work -e "YOSYS_EXE=$YOSYS_EXE" -e "OPENROAD_EXE=$OPENROAD_EXE" -e "KLAYOUT_CMD=$KLAYOUT_CMD" -v "$WORKSPACE:/work:Z" --network host "${PORT_ARGS[@]}" "$IMAGE" bash -c "set -ex; mkdir /tmp/xdg-run; cd ${FLOW_DIR}; ${ENV_SH_CMD}$CMD_STR")
+ false
+ exec docker run --rm -i -u 1000:1000 -e LIBGL_ALWAYS_SOFTWARE=1 -e QT_X11_NO_MITSHM=1 -e XDG_RUNTIME_DIR=/tmp/xdg-run -e DISPLAY=:0 -e QT_XKB_CONFIG_ROOT=/usr/share/X11/xkb -v /tmp/.X11-unix:/tmp/.X11-unix -v /tmp/.docker.xauth:/tmp/.docker.xauth -e XAUTHORITY=/tmp/.docker.xauth -e FLOW_HOME=/OpenROAD-flow-scripts/flow/ -e WORK_HOME=/work -e YOSYS_EXE=/OpenROAD-flow-scripts/tools/install/yosys/bin/yosys -e OPENROAD_EXE=/OpenROAD-flow-scripts/tools/install/OpenROAD/bin/openroad -e KLAYOUT_CMD=/usr/bin/klayout -v /home/mispronounced/Code/JayRaj21/OpenROAD-flow-scripts/flow:/work:Z --network host openroad/orfs-ml:latest bash -c 'set -ex; mkdir /tmp/xdg-run; cd /OpenROAD-flow-scripts/flow; if [ -f ../env.sh ]; then . ../env.sh; fi;openroad -python /work/ml/congestion/data_collection/extract_thermal_labels.py --odb /work/results/sky130hd/riscv32i/ar_15/3_place.odb --out /work/ml/congestion/data/sky130hd_riscv32i_ar_15_thermal_labels.npz'
+ mkdir /tmp/xdg-run
+ cd /OpenROAD-flow-scripts/flow
+ '[' -f ../env.sh ']'
+ . ../env.sh
++ __setpaths
++ [[ linux-gnu == \d\a\r\w\i\n* ]]
++++ readlink -f ../env.sh
+++ dirname /OpenROAD-flow-scripts/env.sh
++ DIR=/OpenROAD-flow-scripts
++ export OPENROAD=/OpenROAD-flow-scripts/tools/OpenROAD
++ OPENROAD=/OpenROAD-flow-scripts/tools/OpenROAD
++ echo 'OPENROAD: /OpenROAD-flow-scripts/tools/OpenROAD'
OPENROAD: /OpenROAD-flow-scripts/tools/OpenROAD
++ export PATH=/OpenROAD-flow-scripts/tools/install/OpenROAD/bin:/usr/local/bin/wrapped-cc:/usr/local/sbin:/usr/local/bin:/usr/sbin:/usr/bin:/sbin:/bin
++ PATH=/OpenROAD-flow-scripts/tools/install/OpenROAD/bin:/usr/local/bin/wrapped-cc:/usr/local/sbin:/usr/local/bin:/usr/sbin:/usr/bin:/sbin:/bin
++ export PATH=/OpenROAD-flow-scripts/tools/install/yosys/bin:/OpenROAD-flow-scripts/tools/install/OpenROAD/bin:/usr/local/bin/wrapped-cc:/usr/local/sbin:/usr/local/bin:/usr/sbin:/usr/bin:/sbin:/bin
++ PATH=/OpenROAD-flow-scripts/tools/install/yosys/bin:/OpenROAD-flow-scripts/tools/install/OpenROAD/bin:/usr/local/bin/wrapped-cc:/usr/local/sbin:/usr/local/bin:/usr/sbin:/usr/bin:/sbin:/bin
++ export PATH=/OpenROAD-flow-scripts/tools/install/kepler-formal/bin:/OpenROAD-flow-scripts/tools/install/yosys/bin:/OpenROAD-flow-scripts/tools/install/OpenROAD/bin:/usr/local/bin/wrapped-cc:/usr/local/sbin:/usr/local/bin:/usr/sbin:/usr/bin:/sbin:/bin
++ PATH=/OpenROAD-flow-scripts/tools/install/kepler-formal/bin:/OpenROAD-flow-scripts/tools/install/yosys/bin:/OpenROAD-flow-scripts/tools/install/OpenROAD/bin:/usr/local/bin/wrapped-cc:/usr/local/sbin:/usr/local/bin:/usr/sbin:/usr/bin:/sbin:/bin
++ [[ linux-gnu == \d\a\r\w\i\n* ]]
++ export FLOW_HOME=/OpenROAD-flow-scripts/flow
++ FLOW_HOME=/OpenROAD-flow-scripts/flow
++ unset -f __setpaths
+ openroad -python /work/ml/congestion/data_collection/extract_thermal_labels.py --odb /work/results/sky130hd/riscv32i/ar_15/3_place.odb --out /work/ml/congestion/data/sky130hd_riscv32i_ar_15_thermal_labels.npz
OpenROAD 26Q2-1671-g0a1b0872a0 
Features included (+) or not (-): +GPU +GUI +Python
This program is licensed under the BSD-3 license. See the LICENSE file for details.
Components of this program may be licensed under more restrictive licenses which must be honored.
[WARNING ORD-0039] .openroad ignored with -python
[thermal] Reading placement from /work/results/sky130hd/riscv32i/ar_15/3_place.odb
[thermal] Die 0.31×0.46 mm is small — using 61×61 HotSpot grid (min cell ≥5.0 µm), upsampling to 64×64 for output
[thermal] Cell-type power breakdown:
          clock:    158 cells (  2.1% count)  →    3.6% weighted power
          seq  :   7192 cells ( 97.9% count)  →   96.4% weighted power
          macro:      0 cells (  0.0% count)  →    0.0% weighted power
          comb :      0 cells (  0.0% count)  →    0.0% weighted power
[thermal] Total power: 1422.5 mW
[thermal] Running HotSpot (61×61 = 3721 blocks)...
[thermal] Temperature: min=109.5°C  max=111.8°C  peak-to-peak=2.3°C
[thermal] Saved → /work/ml/congestion/data/sky130hd_riscv32i_ar_15_thermal_labels.npz
  [OK]   sky130hd_riscv32i_ar_15_thermal_labels.npz
=========================================
Design: sky130hd_riscv32i_ar_20
  [SKIP] features already extracted
  [RUN]  extract_thermal_labels.py (timeout 3600s)
+ DEFAULT_IMAGE=openroad/orfs:latest
+ FLOW_DIR=/OpenROAD-flow-scripts/flow
+ USE_USER=false
+ DRY_RUN=false
+ PORTS=()
+ IMAGE=
+ CMD_ARGS=()
+ [[ 7 -gt 0 ]]
+ case "$1" in
+ CMD_ARGS=("$@")
+ break
+ IMAGE=openroad/orfs-ml:latest
+ get_container_engine
++ docker --version
+ local 'DOCKER_VERSION_STRING=Docker version 29.7.2, build a7dcaa6'
+ [[ Docker version 29.7.2, build a7dcaa6 == *Docker* ]]
+ container_engine=docker
++ pwd
+ WORKSPACE=/home/mispronounced/Code/JayRaj21/OpenROAD-flow-scripts/flow
+ YOSYS_EXE=/OpenROAD-flow-scripts/tools/install/yosys/bin/yosys
+ OPENROAD_EXE=/OpenROAD-flow-scripts/tools/install/OpenROAD/bin/openroad
+ KLAYOUT_CMD=/usr/bin/klayout
+ XSOCK=/tmp/.X11-unix
+ XAUTH=/tmp/.docker.xauth
+ false
+ xauth nlist :0
+ sed -e 's/^..../ffff/'
+ xauth -f /tmp/.docker.xauth nmerge -
+ test -t 0
+ DOCKER_INTERACTIVE=
+ false
+ [[ docker == podman ]]
++ id -u mispronounced
++ id -g mispronounced
+ user_args='-u 1000:1000'
+ user_env=
+ PORT_ARGS=()
+ CMD_STR=
+ [[ 7 -gt 0 ]]
+ CMD_STR='openroad -python /work/ml/congestion/data_collection/extract_thermal_labels.py --odb /work/results/sky130hd/riscv32i/ar_20/3_place.odb --out /work/ml/congestion/data/sky130hd_riscv32i_ar_20_thermal_labels.npz'
+ ENV_SH_CMD='if [ -f ../env.sh ]; then . ../env.sh; fi;'
+ DOCKER_CMD=("$container_engine" run --rm -i $DOCKER_INTERACTIVE $user_env $user_args -e LIBGL_ALWAYS_SOFTWARE=1 -e QT_X11_NO_MITSHM=1 -e XDG_RUNTIME_DIR=/tmp/xdg-run -e "DISPLAY=${DISPLAY:-:0}" -e QT_XKB_CONFIG_ROOT=/usr/share/X11/xkb -v "$XSOCK:$XSOCK" -v "$XAUTH:$XAUTH" -e "XAUTHORITY=$XAUTH" -e FLOW_HOME=/OpenROAD-flow-scripts/flow/ -e WORK_HOME=/work -e "YOSYS_EXE=$YOSYS_EXE" -e "OPENROAD_EXE=$OPENROAD_EXE" -e "KLAYOUT_CMD=$KLAYOUT_CMD" -v "$WORKSPACE:/work:Z" --network host "${PORT_ARGS[@]}" "$IMAGE" bash -c "set -ex; mkdir /tmp/xdg-run; cd ${FLOW_DIR}; ${ENV_SH_CMD}$CMD_STR")
+ false
+ exec docker run --rm -i -u 1000:1000 -e LIBGL_ALWAYS_SOFTWARE=1 -e QT_X11_NO_MITSHM=1 -e XDG_RUNTIME_DIR=/tmp/xdg-run -e DISPLAY=:0 -e QT_XKB_CONFIG_ROOT=/usr/share/X11/xkb -v /tmp/.X11-unix:/tmp/.X11-unix -v /tmp/.docker.xauth:/tmp/.docker.xauth -e XAUTHORITY=/tmp/.docker.xauth -e FLOW_HOME=/OpenROAD-flow-scripts/flow/ -e WORK_HOME=/work -e YOSYS_EXE=/OpenROAD-flow-scripts/tools/install/yosys/bin/yosys -e OPENROAD_EXE=/OpenROAD-flow-scripts/tools/install/OpenROAD/bin/openroad -e KLAYOUT_CMD=/usr/bin/klayout -v /home/mispronounced/Code/JayRaj21/OpenROAD-flow-scripts/flow:/work:Z --network host openroad/orfs-ml:latest bash -c 'set -ex; mkdir /tmp/xdg-run; cd /OpenROAD-flow-scripts/flow; if [ -f ../env.sh ]; then . ../env.sh; fi;openroad -python /work/ml/congestion/data_collection/extract_thermal_labels.py --odb /work/results/sky130hd/riscv32i/ar_20/3_place.odb --out /work/ml/congestion/data/sky130hd_riscv32i_ar_20_thermal_labels.npz'
+ mkdir /tmp/xdg-run
+ cd /OpenROAD-flow-scripts/flow
+ '[' -f ../env.sh ']'
+ . ../env.sh
++ __setpaths
++ [[ linux-gnu == \d\a\r\w\i\n* ]]
++++ readlink -f ../env.sh
+++ dirname /OpenROAD-flow-scripts/env.sh
++ DIR=/OpenROAD-flow-scripts
++ export OPENROAD=/OpenROAD-flow-scripts/tools/OpenROAD
++ OPENROAD=/OpenROAD-flow-scripts/tools/OpenROAD
++ echo 'OPENROAD: /OpenROAD-flow-scripts/tools/OpenROAD'
OPENROAD: /OpenROAD-flow-scripts/tools/OpenROAD
++ export PATH=/OpenROAD-flow-scripts/tools/install/OpenROAD/bin:/usr/local/bin/wrapped-cc:/usr/local/sbin:/usr/local/bin:/usr/sbin:/usr/bin:/sbin:/bin
++ PATH=/OpenROAD-flow-scripts/tools/install/OpenROAD/bin:/usr/local/bin/wrapped-cc:/usr/local/sbin:/usr/local/bin:/usr/sbin:/usr/bin:/sbin:/bin
++ export PATH=/OpenROAD-flow-scripts/tools/install/yosys/bin:/OpenROAD-flow-scripts/tools/install/OpenROAD/bin:/usr/local/bin/wrapped-cc:/usr/local/sbin:/usr/local/bin:/usr/sbin:/usr/bin:/sbin:/bin
++ PATH=/OpenROAD-flow-scripts/tools/install/yosys/bin:/OpenROAD-flow-scripts/tools/install/OpenROAD/bin:/usr/local/bin/wrapped-cc:/usr/local/sbin:/usr/local/bin:/usr/sbin:/usr/bin:/sbin:/bin
++ export PATH=/OpenROAD-flow-scripts/tools/install/kepler-formal/bin:/OpenROAD-flow-scripts/tools/install/yosys/bin:/OpenROAD-flow-scripts/tools/install/OpenROAD/bin:/usr/local/bin/wrapped-cc:/usr/local/sbin:/usr/local/bin:/usr/sbin:/usr/bin:/sbin:/bin
++ PATH=/OpenROAD-flow-scripts/tools/install/kepler-formal/bin:/OpenROAD-flow-scripts/tools/install/yosys/bin:/OpenROAD-flow-scripts/tools/install/OpenROAD/bin:/usr/local/bin/wrapped-cc:/usr/local/sbin:/usr/local/bin:/usr/sbin:/usr/bin:/sbin:/bin
++ [[ linux-gnu == \d\a\r\w\i\n* ]]
++ export FLOW_HOME=/OpenROAD-flow-scripts/flow
++ FLOW_HOME=/OpenROAD-flow-scripts/flow
++ unset -f __setpaths
+ openroad -python /work/ml/congestion/data_collection/extract_thermal_labels.py --odb /work/results/sky130hd/riscv32i/ar_20/3_place.odb --out /work/ml/congestion/data/sky130hd_riscv32i_ar_20_thermal_labels.npz
OpenROAD 26Q2-1671-g0a1b0872a0 
Features included (+) or not (-): +GPU +GUI +Python
This program is licensed under the BSD-3 license. See the LICENSE file for details.
Components of this program may be licensed under more restrictive licenses which must be honored.
[WARNING ORD-0039] .openroad ignored with -python
[thermal] Reading placement from /work/results/sky130hd/riscv32i/ar_20/3_place.odb
[thermal] Die 0.27×0.53 mm is small — using 53×53 HotSpot grid (min cell ≥5.0 µm), upsampling to 64×64 for output
[thermal] Cell-type power breakdown:
          clock:    158 cells (  2.1% count)  →    3.6% weighted power
          seq  :   7270 cells ( 97.9% count)  →   96.4% weighted power
          macro:      0 cells (  0.0% count)  →    0.0% weighted power
          comb :      0 cells (  0.0% count)  →    0.0% weighted power
[thermal] Total power: 1423.1 mW
[thermal] Running HotSpot (53×53 = 2809 blocks)...
[thermal] Temperature: min=109.4°C  max=112.1°C  peak-to-peak=2.6°C
[thermal] Saved → /work/ml/congestion/data/sky130hd_riscv32i_ar_20_thermal_labels.npz
  [OK]   sky130hd_riscv32i_ar_20_thermal_labels.npz
=========================================
Design: sky130hd_riscv32i_base
  [SKIP] features already extracted
  [RUN]  extract_thermal_labels.py (timeout 3600s)
+ DEFAULT_IMAGE=openroad/orfs:latest
+ FLOW_DIR=/OpenROAD-flow-scripts/flow
+ USE_USER=false
+ DRY_RUN=false
+ PORTS=()
+ IMAGE=
+ CMD_ARGS=()
+ [[ 7 -gt 0 ]]
+ case "$1" in
+ CMD_ARGS=("$@")
+ break
+ IMAGE=openroad/orfs-ml:latest
+ get_container_engine
++ docker --version
+ local 'DOCKER_VERSION_STRING=Docker version 29.7.2, build a7dcaa6'
+ [[ Docker version 29.7.2, build a7dcaa6 == *Docker* ]]
+ container_engine=docker
++ pwd
+ WORKSPACE=/home/mispronounced/Code/JayRaj21/OpenROAD-flow-scripts/flow
+ YOSYS_EXE=/OpenROAD-flow-scripts/tools/install/yosys/bin/yosys
+ OPENROAD_EXE=/OpenROAD-flow-scripts/tools/install/OpenROAD/bin/openroad
+ KLAYOUT_CMD=/usr/bin/klayout
+ XSOCK=/tmp/.X11-unix
+ XAUTH=/tmp/.docker.xauth
+ false
+ xauth nlist :0
+ sed -e 's/^..../ffff/'
+ xauth -f /tmp/.docker.xauth nmerge -
+ test -t 0
+ DOCKER_INTERACTIVE=
+ false
+ [[ docker == podman ]]
++ id -u mispronounced
++ id -g mispronounced
+ user_args='-u 1000:1000'
+ user_env=
+ PORT_ARGS=()
+ CMD_STR=
+ [[ 7 -gt 0 ]]
+ CMD_STR='openroad -python /work/ml/congestion/data_collection/extract_thermal_labels.py --odb /work/results/sky130hd/riscv32i/base/3_place.odb --out /work/ml/congestion/data/sky130hd_riscv32i_base_thermal_labels.npz'
+ ENV_SH_CMD='if [ -f ../env.sh ]; then . ../env.sh; fi;'
+ DOCKER_CMD=("$container_engine" run --rm -i $DOCKER_INTERACTIVE $user_env $user_args -e LIBGL_ALWAYS_SOFTWARE=1 -e QT_X11_NO_MITSHM=1 -e XDG_RUNTIME_DIR=/tmp/xdg-run -e "DISPLAY=${DISPLAY:-:0}" -e QT_XKB_CONFIG_ROOT=/usr/share/X11/xkb -v "$XSOCK:$XSOCK" -v "$XAUTH:$XAUTH" -e "XAUTHORITY=$XAUTH" -e FLOW_HOME=/OpenROAD-flow-scripts/flow/ -e WORK_HOME=/work -e "YOSYS_EXE=$YOSYS_EXE" -e "OPENROAD_EXE=$OPENROAD_EXE" -e "KLAYOUT_CMD=$KLAYOUT_CMD" -v "$WORKSPACE:/work:Z" --network host "${PORT_ARGS[@]}" "$IMAGE" bash -c "set -ex; mkdir /tmp/xdg-run; cd ${FLOW_DIR}; ${ENV_SH_CMD}$CMD_STR")
+ false
+ exec docker run --rm -i -u 1000:1000 -e LIBGL_ALWAYS_SOFTWARE=1 -e QT_X11_NO_MITSHM=1 -e XDG_RUNTIME_DIR=/tmp/xdg-run -e DISPLAY=:0 -e QT_XKB_CONFIG_ROOT=/usr/share/X11/xkb -v /tmp/.X11-unix:/tmp/.X11-unix -v /tmp/.docker.xauth:/tmp/.docker.xauth -e XAUTHORITY=/tmp/.docker.xauth -e FLOW_HOME=/OpenROAD-flow-scripts/flow/ -e WORK_HOME=/work -e YOSYS_EXE=/OpenROAD-flow-scripts/tools/install/yosys/bin/yosys -e OPENROAD_EXE=/OpenROAD-flow-scripts/tools/install/OpenROAD/bin/openroad -e KLAYOUT_CMD=/usr/bin/klayout -v /home/mispronounced/Code/JayRaj21/OpenROAD-flow-scripts/flow:/work:Z --network host openroad/orfs-ml:latest bash -c 'set -ex; mkdir /tmp/xdg-run; cd /OpenROAD-flow-scripts/flow; if [ -f ../env.sh ]; then . ../env.sh; fi;openroad -python /work/ml/congestion/data_collection/extract_thermal_labels.py --odb /work/results/sky130hd/riscv32i/base/3_place.odb --out /work/ml/congestion/data/sky130hd_riscv32i_base_thermal_labels.npz'
+ mkdir /tmp/xdg-run
+ cd /OpenROAD-flow-scripts/flow
+ '[' -f ../env.sh ']'
+ . ../env.sh
++ __setpaths
++ [[ linux-gnu == \d\a\r\w\i\n* ]]
++++ readlink -f ../env.sh
+++ dirname /OpenROAD-flow-scripts/env.sh
++ DIR=/OpenROAD-flow-scripts
++ export OPENROAD=/OpenROAD-flow-scripts/tools/OpenROAD
++ OPENROAD=/OpenROAD-flow-scripts/tools/OpenROAD
++ echo 'OPENROAD: /OpenROAD-flow-scripts/tools/OpenROAD'
++ export PATH=/OpenROAD-flow-scripts/tools/install/OpenROAD/bin:/usr/local/bin/wrapped-cc:/usr/local/sbin:/usr/local/bin:/usr/sbin:/usr/bin:/sbin:/bin
++ PATH=/OpenROAD-flow-scripts/tools/install/OpenROAD/bin:/usr/local/bin/wrapped-cc:/usr/local/sbin:/usr/local/bin:/usr/sbin:/usr/bin:/sbin:/bin
++ export PATH=/OpenROAD-flow-scripts/tools/install/yosys/bin:/OpenROAD-flow-scripts/tools/install/OpenROAD/bin:/usr/local/bin/wrapped-cc:/usr/local/sbin:/usr/local/bin:/usr/sbin:/usr/bin:/sbin:/bin
++ PATH=/OpenROAD-flow-scripts/tools/install/yosys/bin:/OpenROAD-flow-scripts/tools/install/OpenROAD/bin:/usr/local/bin/wrapped-cc:/usr/local/sbin:/usr/local/bin:/usr/sbin:/usr/bin:/sbin:/bin
OPENROAD: /OpenROAD-flow-scripts/tools/OpenROAD
++ export PATH=/OpenROAD-flow-scripts/tools/install/kepler-formal/bin:/OpenROAD-flow-scripts/tools/install/yosys/bin:/OpenROAD-flow-scripts/tools/install/OpenROAD/bin:/usr/local/bin/wrapped-cc:/usr/local/sbin:/usr/local/bin:/usr/sbin:/usr/bin:/sbin:/bin
++ PATH=/OpenROAD-flow-scripts/tools/install/kepler-formal/bin:/OpenROAD-flow-scripts/tools/install/yosys/bin:/OpenROAD-flow-scripts/tools/install/OpenROAD/bin:/usr/local/bin/wrapped-cc:/usr/local/sbin:/usr/local/bin:/usr/sbin:/usr/bin:/sbin:/bin
++ [[ linux-gnu == \d\a\r\w\i\n* ]]
++ export FLOW_HOME=/OpenROAD-flow-scripts/flow
++ FLOW_HOME=/OpenROAD-flow-scripts/flow
++ unset -f __setpaths
+ openroad -python /work/ml/congestion/data_collection/extract_thermal_labels.py --odb /work/results/sky130hd/riscv32i/base/3_place.odb --out /work/ml/congestion/data/sky130hd_riscv32i_base_thermal_labels.npz
OpenROAD 26Q2-1671-g0a1b0872a0 
Features included (+) or not (-): +GPU +GUI +Python
This program is licensed under the BSD-3 license. See the LICENSE file for details.
Components of this program may be licensed under more restrictive licenses which must be honored.
[WARNING ORD-0039] .openroad ignored with -python
[thermal] Reading placement from /work/results/sky130hd/riscv32i/base/3_place.odb
[thermal] Die: 0.38×0.38 mm  (0.1422 mm²)  Grid: 64×64
[thermal] Cell-type power breakdown:
          clock:    159 cells (  2.2% count)  →    3.6% weighted power
          seq  :   7147 cells ( 97.8% count)  →   96.4% weighted power
          macro:      0 cells (  0.0% count)  →    0.0% weighted power
          comb :      0 cells (  0.0% count)  →    0.0% weighted power
[thermal] Total power: 1422.2 mW
[thermal] Running HotSpot (64×64 = 4096 blocks)...
[thermal] Temperature: min=108.2°C  max=112.3°C  peak-to-peak=4.1°C
[thermal] Saved → /work/ml/congestion/data/sky130hd_riscv32i_base_thermal_labels.npz
  [OK]   sky130hd_riscv32i_base_thermal_labels.npz
=========================================
Design: sky130hd_riscv32i_pipeline_65
  [SKIP] features already extracted
  [RUN]  extract_thermal_labels.py (timeout 3600s)
+ DEFAULT_IMAGE=openroad/orfs:latest
+ FLOW_DIR=/OpenROAD-flow-scripts/flow
+ USE_USER=false
+ DRY_RUN=false
+ PORTS=()
+ IMAGE=
+ CMD_ARGS=()
+ [[ 7 -gt 0 ]]
+ case "$1" in
+ CMD_ARGS=("$@")
+ break
+ IMAGE=openroad/orfs-ml:latest
+ get_container_engine
++ docker --version
+ local 'DOCKER_VERSION_STRING=Docker version 29.7.2, build a7dcaa6'
+ [[ Docker version 29.7.2, build a7dcaa6 == *Docker* ]]
+ container_engine=docker
++ pwd
+ WORKSPACE=/home/mispronounced/Code/JayRaj21/OpenROAD-flow-scripts/flow
+ YOSYS_EXE=/OpenROAD-flow-scripts/tools/install/yosys/bin/yosys
+ OPENROAD_EXE=/OpenROAD-flow-scripts/tools/install/OpenROAD/bin/openroad
+ KLAYOUT_CMD=/usr/bin/klayout
+ XSOCK=/tmp/.X11-unix
+ XAUTH=/tmp/.docker.xauth
+ false
+ xauth nlist :0
+ sed -e 's/^..../ffff/'
+ xauth -f /tmp/.docker.xauth nmerge -
+ test -t 0
+ DOCKER_INTERACTIVE=
+ false
+ [[ docker == podman ]]
++ id -u mispronounced
++ id -g mispronounced
+ user_args='-u 1000:1000'
+ user_env=
+ PORT_ARGS=()
+ CMD_STR=
+ [[ 7 -gt 0 ]]
+ CMD_STR='openroad -python /work/ml/congestion/data_collection/extract_thermal_labels.py --odb /work/results/sky130hd/riscv32i/pipeline_65/3_place.odb --out /work/ml/congestion/data/sky130hd_riscv32i_pipeline_65_thermal_labels.npz'
+ ENV_SH_CMD='if [ -f ../env.sh ]; then . ../env.sh; fi;'
+ DOCKER_CMD=("$container_engine" run --rm -i $DOCKER_INTERACTIVE $user_env $user_args -e LIBGL_ALWAYS_SOFTWARE=1 -e QT_X11_NO_MITSHM=1 -e XDG_RUNTIME_DIR=/tmp/xdg-run -e "DISPLAY=${DISPLAY:-:0}" -e QT_XKB_CONFIG_ROOT=/usr/share/X11/xkb -v "$XSOCK:$XSOCK" -v "$XAUTH:$XAUTH" -e "XAUTHORITY=$XAUTH" -e FLOW_HOME=/OpenROAD-flow-scripts/flow/ -e WORK_HOME=/work -e "YOSYS_EXE=$YOSYS_EXE" -e "OPENROAD_EXE=$OPENROAD_EXE" -e "KLAYOUT_CMD=$KLAYOUT_CMD" -v "$WORKSPACE:/work:Z" --network host "${PORT_ARGS[@]}" "$IMAGE" bash -c "set -ex; mkdir /tmp/xdg-run; cd ${FLOW_DIR}; ${ENV_SH_CMD}$CMD_STR")
+ false
+ exec docker run --rm -i -u 1000:1000 -e LIBGL_ALWAYS_SOFTWARE=1 -e QT_X11_NO_MITSHM=1 -e XDG_RUNTIME_DIR=/tmp/xdg-run -e DISPLAY=:0 -e QT_XKB_CONFIG_ROOT=/usr/share/X11/xkb -v /tmp/.X11-unix:/tmp/.X11-unix -v /tmp/.docker.xauth:/tmp/.docker.xauth -e XAUTHORITY=/tmp/.docker.xauth -e FLOW_HOME=/OpenROAD-flow-scripts/flow/ -e WORK_HOME=/work -e YOSYS_EXE=/OpenROAD-flow-scripts/tools/install/yosys/bin/yosys -e OPENROAD_EXE=/OpenROAD-flow-scripts/tools/install/OpenROAD/bin/openroad -e KLAYOUT_CMD=/usr/bin/klayout -v /home/mispronounced/Code/JayRaj21/OpenROAD-flow-scripts/flow:/work:Z --network host openroad/orfs-ml:latest bash -c 'set -ex; mkdir /tmp/xdg-run; cd /OpenROAD-flow-scripts/flow; if [ -f ../env.sh ]; then . ../env.sh; fi;openroad -python /work/ml/congestion/data_collection/extract_thermal_labels.py --odb /work/results/sky130hd/riscv32i/pipeline_65/3_place.odb --out /work/ml/congestion/data/sky130hd_riscv32i_pipeline_65_thermal_labels.npz'
+ mkdir /tmp/xdg-run
+ cd /OpenROAD-flow-scripts/flow
+ '[' -f ../env.sh ']'
+ . ../env.sh
++ __setpaths
++ [[ linux-gnu == \d\a\r\w\i\n* ]]
++++ readlink -f ../env.sh
+++ dirname /OpenROAD-flow-scripts/env.sh
OPENROAD: /OpenROAD-flow-scripts/tools/OpenROAD
++ DIR=/OpenROAD-flow-scripts
++ export OPENROAD=/OpenROAD-flow-scripts/tools/OpenROAD
++ OPENROAD=/OpenROAD-flow-scripts/tools/OpenROAD
++ echo 'OPENROAD: /OpenROAD-flow-scripts/tools/OpenROAD'
++ export PATH=/OpenROAD-flow-scripts/tools/install/OpenROAD/bin:/usr/local/bin/wrapped-cc:/usr/local/sbin:/usr/local/bin:/usr/sbin:/usr/bin:/sbin:/bin
++ PATH=/OpenROAD-flow-scripts/tools/install/OpenROAD/bin:/usr/local/bin/wrapped-cc:/usr/local/sbin:/usr/local/bin:/usr/sbin:/usr/bin:/sbin:/bin
++ export PATH=/OpenROAD-flow-scripts/tools/install/yosys/bin:/OpenROAD-flow-scripts/tools/install/OpenROAD/bin:/usr/local/bin/wrapped-cc:/usr/local/sbin:/usr/local/bin:/usr/sbin:/usr/bin:/sbin:/bin
++ PATH=/OpenROAD-flow-scripts/tools/install/yosys/bin:/OpenROAD-flow-scripts/tools/install/OpenROAD/bin:/usr/local/bin/wrapped-cc:/usr/local/sbin:/usr/local/bin:/usr/sbin:/usr/bin:/sbin:/bin
++ export PATH=/OpenROAD-flow-scripts/tools/install/kepler-formal/bin:/OpenROAD-flow-scripts/tools/install/yosys/bin:/OpenROAD-flow-scripts/tools/install/OpenROAD/bin:/usr/local/bin/wrapped-cc:/usr/local/sbin:/usr/local/bin:/usr/sbin:/usr/bin:/sbin:/bin
++ PATH=/OpenROAD-flow-scripts/tools/install/kepler-formal/bin:/OpenROAD-flow-scripts/tools/install/yosys/bin:/OpenROAD-flow-scripts/tools/install/OpenROAD/bin:/usr/local/bin/wrapped-cc:/usr/local/sbin:/usr/local/bin:/usr/sbin:/usr/bin:/sbin:/bin
++ [[ linux-gnu == \d\a\r\w\i\n* ]]
++ export FLOW_HOME=/OpenROAD-flow-scripts/flow
++ FLOW_HOME=/OpenROAD-flow-scripts/flow
++ unset -f __setpaths
+ openroad -python /work/ml/congestion/data_collection/extract_thermal_labels.py --odb /work/results/sky130hd/riscv32i/pipeline_65/3_place.odb --out /work/ml/congestion/data/sky130hd_riscv32i_pipeline_65_thermal_labels.npz
OpenROAD 26Q2-1671-g0a1b0872a0 
Features included (+) or not (-): +GPU +GUI +Python
This program is licensed under the BSD-3 license. See the LICENSE file for details.
Components of this program may be licensed under more restrictive licenses which must be honored.
[WARNING ORD-0039] .openroad ignored with -python
[thermal] Reading placement from /work/results/sky130hd/riscv32i/pipeline_65/3_place.odb
[thermal] Die 0.31×0.31 mm is small — using 62×62 HotSpot grid (min cell ≥5.0 µm), upsampling to 64×64 for output
[thermal] Cell-type power breakdown:
          clock:    158 cells (  2.4% count)  →    3.7% weighted power
          seq  :   6453 cells ( 97.6% count)  →   96.3% weighted power
          macro:      0 cells (  0.0% count)  →    0.0% weighted power
          comb :      0 cells (  0.0% count)  →    0.0% weighted power
[thermal] Total power: 986.7 mW
[thermal] Running HotSpot (62×62 = 3844 blocks)...
[thermal] Temperature: min=108.8°C  max=112.1°C  peak-to-peak=3.3°C
[thermal] Saved → /work/ml/congestion/data/sky130hd_riscv32i_pipeline_65_thermal_labels.npz
  [OK]   sky130hd_riscv32i_pipeline_65_thermal_labels.npz
=========================================
Design: sky130hd_riscv32i_util_60
  [SKIP] features already extracted
  [RUN]  extract_thermal_labels.py (timeout 3600s)
+ DEFAULT_IMAGE=openroad/orfs:latest
+ FLOW_DIR=/OpenROAD-flow-scripts/flow
+ USE_USER=false
+ DRY_RUN=false
+ PORTS=()
+ IMAGE=
+ CMD_ARGS=()
+ [[ 7 -gt 0 ]]
+ case "$1" in
+ CMD_ARGS=("$@")
+ break
+ IMAGE=openroad/orfs-ml:latest
+ get_container_engine
++ docker --version
+ local 'DOCKER_VERSION_STRING=Docker version 29.7.2, build a7dcaa6'
+ [[ Docker version 29.7.2, build a7dcaa6 == *Docker* ]]
+ container_engine=docker
++ pwd
+ WORKSPACE=/home/mispronounced/Code/JayRaj21/OpenROAD-flow-scripts/flow
+ YOSYS_EXE=/OpenROAD-flow-scripts/tools/install/yosys/bin/yosys
+ OPENROAD_EXE=/OpenROAD-flow-scripts/tools/install/OpenROAD/bin/openroad
+ KLAYOUT_CMD=/usr/bin/klayout
+ XSOCK=/tmp/.X11-unix
+ XAUTH=/tmp/.docker.xauth
+ false
+ xauth nlist :0
+ sed -e 's/^..../ffff/'
+ xauth -f /tmp/.docker.xauth nmerge -
+ test -t 0
+ DOCKER_INTERACTIVE=
+ false
+ [[ docker == podman ]]
++ id -u mispronounced
++ id -g mispronounced
+ user_args='-u 1000:1000'
+ user_env=
+ PORT_ARGS=()
+ CMD_STR=
+ [[ 7 -gt 0 ]]
+ CMD_STR='openroad -python /work/ml/congestion/data_collection/extract_thermal_labels.py --odb /work/results/sky130hd/riscv32i/util_60/3_place.odb --out /work/ml/congestion/data/sky130hd_riscv32i_util_60_thermal_labels.npz'
+ ENV_SH_CMD='if [ -f ../env.sh ]; then . ../env.sh; fi;'
+ DOCKER_CMD=("$container_engine" run --rm -i $DOCKER_INTERACTIVE $user_env $user_args -e LIBGL_ALWAYS_SOFTWARE=1 -e QT_X11_NO_MITSHM=1 -e XDG_RUNTIME_DIR=/tmp/xdg-run -e "DISPLAY=${DISPLAY:-:0}" -e QT_XKB_CONFIG_ROOT=/usr/share/X11/xkb -v "$XSOCK:$XSOCK" -v "$XAUTH:$XAUTH" -e "XAUTHORITY=$XAUTH" -e FLOW_HOME=/OpenROAD-flow-scripts/flow/ -e WORK_HOME=/work -e "YOSYS_EXE=$YOSYS_EXE" -e "OPENROAD_EXE=$OPENROAD_EXE" -e "KLAYOUT_CMD=$KLAYOUT_CMD" -v "$WORKSPACE:/work:Z" --network host "${PORT_ARGS[@]}" "$IMAGE" bash -c "set -ex; mkdir /tmp/xdg-run; cd ${FLOW_DIR}; ${ENV_SH_CMD}$CMD_STR")
+ false
+ exec docker run --rm -i -u 1000:1000 -e LIBGL_ALWAYS_SOFTWARE=1 -e QT_X11_NO_MITSHM=1 -e XDG_RUNTIME_DIR=/tmp/xdg-run -e DISPLAY=:0 -e QT_XKB_CONFIG_ROOT=/usr/share/X11/xkb -v /tmp/.X11-unix:/tmp/.X11-unix -v /tmp/.docker.xauth:/tmp/.docker.xauth -e XAUTHORITY=/tmp/.docker.xauth -e FLOW_HOME=/OpenROAD-flow-scripts/flow/ -e WORK_HOME=/work -e YOSYS_EXE=/OpenROAD-flow-scripts/tools/install/yosys/bin/yosys -e OPENROAD_EXE=/OpenROAD-flow-scripts/tools/install/OpenROAD/bin/openroad -e KLAYOUT_CMD=/usr/bin/klayout -v /home/mispronounced/Code/JayRaj21/OpenROAD-flow-scripts/flow:/work:Z --network host openroad/orfs-ml:latest bash -c 'set -ex; mkdir /tmp/xdg-run; cd /OpenROAD-flow-scripts/flow; if [ -f ../env.sh ]; then . ../env.sh; fi;openroad -python /work/ml/congestion/data_collection/extract_thermal_labels.py --odb /work/results/sky130hd/riscv32i/util_60/3_place.odb --out /work/ml/congestion/data/sky130hd_riscv32i_util_60_thermal_labels.npz'
+ mkdir /tmp/xdg-run
+ cd /OpenROAD-flow-scripts/flow
+ '[' -f ../env.sh ']'
+ . ../env.sh
++ __setpaths
++ [[ linux-gnu == \d\a\r\w\i\n* ]]
++++ readlink -f ../env.sh
+++ dirname /OpenROAD-flow-scripts/env.sh
++ DIR=/OpenROAD-flow-scripts
++ export OPENROAD=/OpenROAD-flow-scripts/tools/OpenROAD
++ OPENROAD=/OpenROAD-flow-scripts/tools/OpenROAD
++ echo 'OPENROAD: /OpenROAD-flow-scripts/tools/OpenROAD'
++ export PATH=/OpenROAD-flow-scripts/tools/install/OpenROAD/bin:/usr/local/bin/wrapped-cc:/usr/local/sbin:/usr/local/bin:/usr/sbin:/usr/bin:/sbin:/bin
++ PATH=/OpenROAD-flow-scripts/tools/install/OpenROAD/bin:/usr/local/bin/wrapped-cc:/usr/local/sbin:/usr/local/bin:/usr/sbin:/usr/bin:/sbin:/bin
++ export PATH=/OpenROAD-flow-scripts/tools/install/yosys/bin:/OpenROAD-flow-scripts/tools/install/OpenROAD/bin:/usr/local/bin/wrapped-cc:/usr/local/sbin:/usr/local/bin:/usr/sbin:/usr/bin:/sbin:/bin
++ PATH=/OpenROAD-flow-scripts/tools/install/yosys/bin:/OpenROAD-flow-scripts/tools/install/OpenROAD/bin:/usr/local/bin/wrapped-cc:/usr/local/sbin:/usr/local/bin:/usr/sbin:/usr/bin:/sbin:/bin
OPENROAD: /OpenROAD-flow-scripts/tools/OpenROAD
++ export PATH=/OpenROAD-flow-scripts/tools/install/kepler-formal/bin:/OpenROAD-flow-scripts/tools/install/yosys/bin:/OpenROAD-flow-scripts/tools/install/OpenROAD/bin:/usr/local/bin/wrapped-cc:/usr/local/sbin:/usr/local/bin:/usr/sbin:/usr/bin:/sbin:/bin
++ PATH=/OpenROAD-flow-scripts/tools/install/kepler-formal/bin:/OpenROAD-flow-scripts/tools/install/yosys/bin:/OpenROAD-flow-scripts/tools/install/OpenROAD/bin:/usr/local/bin/wrapped-cc:/usr/local/sbin:/usr/local/bin:/usr/sbin:/usr/bin:/sbin:/bin
++ [[ linux-gnu == \d\a\r\w\i\n* ]]
++ export FLOW_HOME=/OpenROAD-flow-scripts/flow
++ FLOW_HOME=/OpenROAD-flow-scripts/flow
++ unset -f __setpaths
+ openroad -python /work/ml/congestion/data_collection/extract_thermal_labels.py --odb /work/results/sky130hd/riscv32i/util_60/3_place.odb --out /work/ml/congestion/data/sky130hd_riscv32i_util_60_thermal_labels.npz
OpenROAD 26Q2-1671-g0a1b0872a0 
Features included (+) or not (-): +GPU +GUI +Python
This program is licensed under the BSD-3 license. See the LICENSE file for details.
Components of this program may be licensed under more restrictive licenses which must be honored.
[WARNING ORD-0039] .openroad ignored with -python
[thermal] Reading placement from /work/results/sky130hd/riscv32i/util_60/3_place.odb
[thermal] Die: 0.33×0.33 mm  (0.1068 mm²)  Grid: 64×64
[thermal] Cell-type power breakdown:
          clock:    159 cells (  2.3% count)  →    3.7% weighted power
          seq  :   6626 cells ( 97.7% count)  →   96.3% weighted power
          macro:      0 cells (  0.0% count)  →    0.0% weighted power
          comb :      0 cells (  0.0% count)  →    0.0% weighted power
[thermal] Total power: 1068.3 mW
[thermal] Running HotSpot (64×64 = 4096 blocks)...
[thermal] Temperature: min=108.4°C  max=112.5°C  peak-to-peak=4.1°C
[thermal] Saved → /work/ml/congestion/data/sky130hd_riscv32i_util_60_thermal_labels.npz
  [OK]   sky130hd_riscv32i_util_60_thermal_labels.npz
=========================================
Design: sky130hd_riscv32i_util_70
  [SKIP] features already extracted
  [RUN]  extract_thermal_labels.py (timeout 3600s)
+ DEFAULT_IMAGE=openroad/orfs:latest
+ FLOW_DIR=/OpenROAD-flow-scripts/flow
+ USE_USER=false
+ DRY_RUN=false
+ PORTS=()
+ IMAGE=
+ CMD_ARGS=()
+ [[ 7 -gt 0 ]]
+ case "$1" in
+ CMD_ARGS=("$@")
+ break
+ IMAGE=openroad/orfs-ml:latest
+ get_container_engine
++ docker --version
+ local 'DOCKER_VERSION_STRING=Docker version 29.7.2, build a7dcaa6'
+ [[ Docker version 29.7.2, build a7dcaa6 == *Docker* ]]
+ container_engine=docker
++ pwd
+ WORKSPACE=/home/mispronounced/Code/JayRaj21/OpenROAD-flow-scripts/flow
+ YOSYS_EXE=/OpenROAD-flow-scripts/tools/install/yosys/bin/yosys
+ OPENROAD_EXE=/OpenROAD-flow-scripts/tools/install/OpenROAD/bin/openroad
+ KLAYOUT_CMD=/usr/bin/klayout
+ XSOCK=/tmp/.X11-unix
+ XAUTH=/tmp/.docker.xauth
+ false
+ xauth nlist :0
+ sed -e 's/^..../ffff/'
+ xauth -f /tmp/.docker.xauth nmerge -
+ test -t 0
+ DOCKER_INTERACTIVE=
+ false
+ [[ docker == podman ]]
++ id -u mispronounced
++ id -g mispronounced
+ user_args='-u 1000:1000'
+ user_env=
+ PORT_ARGS=()
+ CMD_STR=
+ [[ 7 -gt 0 ]]
+ CMD_STR='openroad -python /work/ml/congestion/data_collection/extract_thermal_labels.py --odb /work/results/sky130hd/riscv32i/util_70/3_place.odb --out /work/ml/congestion/data/sky130hd_riscv32i_util_70_thermal_labels.npz'
+ ENV_SH_CMD='if [ -f ../env.sh ]; then . ../env.sh; fi;'
+ DOCKER_CMD=("$container_engine" run --rm -i $DOCKER_INTERACTIVE $user_env $user_args -e LIBGL_ALWAYS_SOFTWARE=1 -e QT_X11_NO_MITSHM=1 -e XDG_RUNTIME_DIR=/tmp/xdg-run -e "DISPLAY=${DISPLAY:-:0}" -e QT_XKB_CONFIG_ROOT=/usr/share/X11/xkb -v "$XSOCK:$XSOCK" -v "$XAUTH:$XAUTH" -e "XAUTHORITY=$XAUTH" -e FLOW_HOME=/OpenROAD-flow-scripts/flow/ -e WORK_HOME=/work -e "YOSYS_EXE=$YOSYS_EXE" -e "OPENROAD_EXE=$OPENROAD_EXE" -e "KLAYOUT_CMD=$KLAYOUT_CMD" -v "$WORKSPACE:/work:Z" --network host "${PORT_ARGS[@]}" "$IMAGE" bash -c "set -ex; mkdir /tmp/xdg-run; cd ${FLOW_DIR}; ${ENV_SH_CMD}$CMD_STR")
+ false
+ exec docker run --rm -i -u 1000:1000 -e LIBGL_ALWAYS_SOFTWARE=1 -e QT_X11_NO_MITSHM=1 -e XDG_RUNTIME_DIR=/tmp/xdg-run -e DISPLAY=:0 -e QT_XKB_CONFIG_ROOT=/usr/share/X11/xkb -v /tmp/.X11-unix:/tmp/.X11-unix -v /tmp/.docker.xauth:/tmp/.docker.xauth -e XAUTHORITY=/tmp/.docker.xauth -e FLOW_HOME=/OpenROAD-flow-scripts/flow/ -e WORK_HOME=/work -e YOSYS_EXE=/OpenROAD-flow-scripts/tools/install/yosys/bin/yosys -e OPENROAD_EXE=/OpenROAD-flow-scripts/tools/install/OpenROAD/bin/openroad -e KLAYOUT_CMD=/usr/bin/klayout -v /home/mispronounced/Code/JayRaj21/OpenROAD-flow-scripts/flow:/work:Z --network host openroad/orfs-ml:latest bash -c 'set -ex; mkdir /tmp/xdg-run; cd /OpenROAD-flow-scripts/flow; if [ -f ../env.sh ]; then . ../env.sh; fi;openroad -python /work/ml/congestion/data_collection/extract_thermal_labels.py --odb /work/results/sky130hd/riscv32i/util_70/3_place.odb --out /work/ml/congestion/data/sky130hd_riscv32i_util_70_thermal_labels.npz'
+ mkdir /tmp/xdg-run
+ cd /OpenROAD-flow-scripts/flow
+ '[' -f ../env.sh ']'
+ . ../env.sh
++ __setpaths
++ [[ linux-gnu == \d\a\r\w\i\n* ]]
++++ readlink -f ../env.sh
+++ dirname /OpenROAD-flow-scripts/env.sh
++ DIR=/OpenROAD-flow-scripts
++ export OPENROAD=/OpenROAD-flow-scripts/tools/OpenROAD
++ OPENROAD=/OpenROAD-flow-scripts/tools/OpenROAD
++ echo 'OPENROAD: /OpenROAD-flow-scripts/tools/OpenROAD'
++ export PATH=/OpenROAD-flow-scripts/tools/install/OpenROAD/bin:/usr/local/bin/wrapped-cc:/usr/local/sbin:/usr/local/bin:/usr/sbin:/usr/bin:/sbin:/bin
++ PATH=/OpenROAD-flow-scripts/tools/install/OpenROAD/bin:/usr/local/bin/wrapped-cc:/usr/local/sbin:/usr/local/bin:/usr/sbin:/usr/bin:/sbin:/bin
++ export PATH=/OpenROAD-flow-scripts/tools/install/yosys/bin:/OpenROAD-flow-scripts/tools/install/OpenROAD/bin:/usr/local/bin/wrapped-cc:/usr/local/sbin:/usr/local/bin:/usr/sbin:/usr/bin:/sbin:/bin
++ PATH=/OpenROAD-flow-scripts/tools/install/yosys/bin:/OpenROAD-flow-scripts/tools/install/OpenROAD/bin:/usr/local/bin/wrapped-cc:/usr/local/sbin:/usr/local/bin:/usr/sbin:/usr/bin:/sbin:/bin
++ export PATH=/OpenROAD-flow-scripts/tools/install/kepler-formal/bin:/OpenROAD-flow-scripts/tools/install/yosys/bin:/OpenROAD-flow-scripts/tools/install/OpenROAD/bin:/usr/local/bin/wrapped-cc:/usr/local/sbin:/usr/local/bin:/usr/sbin:/usr/bin:/sbin:/bin
++ PATH=/OpenROAD-flow-scripts/tools/install/kepler-formal/bin:/OpenROAD-flow-scripts/tools/install/yosys/bin:/OpenROAD-flow-scripts/tools/install/OpenROAD/bin:/usr/local/bin/wrapped-cc:/usr/local/sbin:/usr/local/bin:/usr/sbin:/usr/bin:/sbin:/bin
++ [[ linux-gnu == \d\a\r\w\i\n* ]]
++ export FLOW_HOME=/OpenROAD-flow-scripts/flow
++ FLOW_HOME=/OpenROAD-flow-scripts/flow
OPENROAD: /OpenROAD-flow-scripts/tools/OpenROAD
++ unset -f __setpaths
+ openroad -python /work/ml/congestion/data_collection/extract_thermal_labels.py --odb /work/results/sky130hd/riscv32i/util_70/3_place.odb --out /work/ml/congestion/data/sky130hd_riscv32i_util_70_thermal_labels.npz
OpenROAD 26Q2-1671-g0a1b0872a0 
Features included (+) or not (-): +GPU +GUI +Python
This program is licensed under the BSD-3 license. See the LICENSE file for details.
Components of this program may be licensed under more restrictive licenses which must be honored.
[WARNING ORD-0039] .openroad ignored with -python
[thermal] Reading placement from /work/results/sky130hd/riscv32i/util_70/3_place.odb
[thermal] Die 0.30×0.30 mm is small — using 60×60 HotSpot grid (min cell ≥5.0 µm), upsampling to 64×64 for output
[thermal] Cell-type power breakdown:
          clock:    158 cells (  2.5% count)  →    3.7% weighted power
          seq  :   6280 cells ( 97.5% count)  →   96.3% weighted power
          macro:      0 cells (  0.0% count)  →    0.0% weighted power
          comb :      0 cells (  0.0% count)  →    0.0% weighted power
[thermal] Total power: 916.6 mW
[thermal] Running HotSpot (60×60 = 3600 blocks)...
[thermal] Temperature: min=108.8°C  max=111.9°C  peak-to-peak=3.1°C
[thermal] Saved → /work/ml/congestion/data/sky130hd_riscv32i_util_70_thermal_labels.npz
  [OK]   sky130hd_riscv32i_util_70_thermal_labels.npz

=========================================
Done.  passed=48  failed=0  skipped=48
